cellid,LN32,CNN32-bsg,dfit.v80.u15,dfit.v90.u15,dfit.v95.u15,dfit.v99.u15,dfit.v95.pol1,dfit.v95.pol2,r_floor,goodpred,siteid
CLT050c-007-1,0.27956369919720775,0.4533286409,0.4208648147591428,0.4124708390077794,0.4406923248408965,0.17756628016724216,0.283083497149206,0.3369468526665949,0.0807407577,True,CLT050c
CLT050c-008-1,0.40011831028750455,0.44199388870000006,0.4700010021319816,0.10826095665417053,0.09626007173257672,0.07451437646120578,0.3884792462987807,0.4710976532135214,0.0758528714,False,CLT050c
CLT050c-013-1,0.23929033827128074,0.3080405121,0.3315238849390281,0.35113604392234976,0.339434496828842,0.32878099677644135,0.27241117473332543,0.3251420407235355,0.0756936565,True,CLT050c
CLT050c-016-1,0.36622052559819834,0.4425550741,0.4564832192718822,0.47570645979884896,0.47971921406689405,0.4732478042042948,0.3826272533853785,0.4220847597364186,0.0737369237,True,CLT050c
CLT050c-016-2,0.338377590037376,0.56719923,0.5519648213726586,0.5338602102658514,0.5144765614720637,0.5191781683981337,0.3489490928344405,0.45437079972679745,0.070192487,True,CLT050c
CLT050c-019-1,0.37772363819103183,0.3081142392,0.34226722427953804,0.31180049121191694,0.30924025129211385,0.30618997154915595,0.3581364077385508,0.33513213548258586,0.0846993255,True,CLT050c
CLT050c-022-1,0.3850478065613415,0.5556638539,0.54868424536866,0.5450038602124172,0.563026103406413,0.5699327562035563,0.37921749736528065,0.47598553915193054,0.0808908522,True,CLT050c
CLT050c-025-1,0.2856727969836593,0.3698382379,0.41814523479031707,0.41254286542654756,0.4131707753431874,0.4248903013021174,0.27960437299212487,0.4261078892373205,0.0757352294,True,CLT050c
CLT050c-045-1,0.2224575617387072,0.2183494165,0.21618984611217013,0.2519577071879877,0.24722971885468173,0.20696903744922376,0.20453549493758538,0.2776883335860095,0.0755581302,True,CLT050c
CLT043b-004-1,0.08957112548992568,0.0888330487,0.012429280555783287,0.06399162839436823,0.026427517496346694,0.07333165165595484,0.07190984362502319,0.06937764645429581,0.0763171521,False,CLT043b
CLT043b-010-1,0.11818936099285327,0.1415351441,0.2040667809164444,0.22846687395766083,0.2354771627553393,0.221510878265041,0.08466450659017576,0.13228220946876212,0.0761171974,False,CLT043b
CLT043b-010-2,0.045333026616403344,0.118225871,0.06076089733793756,0.12141794259441645,0.11557494856584469,0.08634624039738316,-0.0484825635796127,0.03221904816430609,0.0695676894,False,CLT043b
CLT043b-011-1,-0.007061481639026376,0.0319136642,0.04728585264951591,0.04027833308958567,-0.005866682925858504,0.06184558072642853,0.05685406056648638,0.02705284774219072,0.0749464171,False,CLT043b
CLT043b-014-1,0.1586385914072061,0.1973457834,0.12636640911432556,0.1762056794745813,0.1608263762831346,0.15055607155322404,0.16370540395463626,0.16582222993977744,0.073543676,False,CLT043b
CLT043b-015-1,0.04870126424222788,-0.0258993094,0.09530509689648813,0.001977045542959746,0.00791835618290648,0.02438674556204641,0.032209825500663154,-0.03085524985922482,0.0697352241,False,CLT043b
CLT043b-015-2,0.03645761690631003,-0.0359605586,0.001108295331754143,0.08028741364534013,0.03711790723769477,0.05001269060424566,0.0644619318408344,0.07994422697420332,0.0696210105,False,CLT043b
CLT043b-016-1,0.10491812281844026,0.0081610835,-0.07470356105377529,0.07252231172713938,0.13126617386141692,0.1337998994927983,0.17491600238420518,0.08833005994741554,0.0685505849,False,CLT043b
CLT043b-016-2,0.15669368351171742,0.1293950665,0.12666895995271707,0.15429124729099275,0.24172098006290266,0.25428663369122423,0.14926307836916988,0.0733362224915458,0.0755375515,False,CLT043b
CLT043b-016-3,0.08821602868263397,0.0809931157,0.0509931356156119,0.014845878583986625,0.0855347136410143,0.09545680211011322,0.05108717761167224,0.05280986437774096,0.0671117943,False,CLT043b
CLT043b-020-1,0.1247478759367827,0.143303427,0.15864774724038358,0.11187730921833408,0.16308624393078525,0.15335024511422893,0.13076978714399104,0.1192351176752556,0.0737611448,False,CLT043b
CLT043b-020-2,0.0758938606102147,0.0386756464,0.023755766420237356,0.06876188056620881,0.08139461643656402,0.06659863842980125,-0.09498599470514714,-0.011223949269334331,0.0788209688,False,CLT043b
CLT043b-021-1,0.3041755934780901,0.3205949506,0.20959559451318424,0.24345715927225467,0.28406327213567445,0.2965065825253597,0.29363418312763984,0.2575072856093948,0.0720992368,False,CLT043b
CLT043b-022-1,0.2471572118744932,0.2543115358,0.27798107872287714,0.26588024459490295,0.2137026703006493,0.23378252539310712,0.25528206113319696,0.2375224469020663,0.0738648043,False,CLT043b
CLT043b-022-2,0.1204975745075014,0.1190077638,0.1130986898635304,0.16720883530628963,0.10754639725963448,0.08250068283266296,0.07771454538039096,0.03027721907402076,0.0691992649,False,CLT043b
CLT043b-023-1,0.08278858801229398,0.1321300949,0.021244725098670803,0.055082240376396065,0.060754309472786275,0.10085773066737239,0.07472189820471609,0.11871336537982273,0.0730931962,False,CLT043b
CLT043b-024-1,0.11258531789921379,0.0983775506,-0.01053566055401323,0.038752284373945074,0.01072471122083602,0.06184000687766268,-0.0076014411268958745,0.026644435892239086,0.0699449857,False,CLT043b
CLT043b-027-1,-0.0038560306236900574,0.0076633948,0.06591322784257306,-0.049345904638069205,0.07206131439704337,-0.023971312148964155,0.07078060847203282,-0.059103071604835064,0.0694615983,False,CLT043b
CLT043b-031-1,0.31038838279912045,0.3917095616,0.32787253160921287,0.3869046248412443,0.39569465747600274,0.4118976599823215,0.29541515821494296,0.41870390744331615,0.0770639162,True,CLT043b
CLT043b-032-1,0.2972824798671961,0.3261402604,0.2563299453515248,0.3198931323755125,0.33915581564998,0.07621426141065128,0.2534277379356227,0.3328465306595893,0.0699799999,False,CLT043b
CLT043b-032-2,0.0833593665447671,-0.0089514528,0.14770206340375922,0.06973921616045765,0.31684494111564154,0.09895996830191228,0.059884133073342415,0.1637749568777554,0.0750460356,False,CLT043b
CLT043b-033-1,0.4115607293442638,0.504819668,0.4361304166303942,0.4734915116235916,0.4841292552826021,0.49952475505474003,0.32832969826038444,0.4858180749780186,0.0775114558,True,CLT043b
CLT043b-035-1,0.14349358101660067,0.1553779661,0.20572768468030242,0.1757871549135252,0.14455883914944992,0.11334464034136144,0.2204481455146934,0.19732096135995078,0.0810799047,False,CLT043b
CLT043b-036-1,0.48129217146280834,0.5667652241,0.5154432315409089,0.5475092923376335,0.5543002221128974,0.5739890361435349,0.47302794338839255,0.5272515012506346,0.0817257852,True,CLT043b
CLT043b-045-1,0.20806708657641343,0.011316905599999998,0.16681377856048885,0.06275149742969742,-0.02906083069391439,0.5225812902615194,0.1322152437761738,0.3461453363534564,0.0747320887,False,CLT043b
CLT043b-049-1,0.2848447210457711,0.2024064483,0.29535830437017957,0.4085355915102924,0.4625519109885919,0.458131723552174,0.26856976876375066,0.3361451258896451,0.0773362488,False,CLT043b
CLT043b-057-1,0.5725935564592286,0.7047069675,0.6396795906687563,0.6409626975083315,0.6701846911528029,0.7070816797327634,0.5808798377264669,0.6438138597340535,0.081011723,True,CLT043b
CLT043b-058-1,0.27207805550040837,0.412411129,0.37638685305993136,0.3583445778073649,0.2997097009588152,0.27069121190638895,0.2959093992464894,0.34846149409894606,0.0773504957,True,CLT043b
CLT043b-062-1,0.4573870081655229,0.3656769346,0.3345480564945343,0.354941113558101,0.41289550972791894,0.37753121451794974,0.3678072985966663,0.4046802481532183,0.0750283416,True,CLT043b
CLT046d-013-2,0.39344512207005594,0.5789128738,0.541189698320107,0.5389998307811833,0.5801102940829357,0.5924279949257434,0.3947519829482462,0.5594777243289301,0.0832557777,True,CLT046d
CLT046d-015-4,0.539614361940298,0.6546084617,0.5938692251527019,0.6474474965084575,0.6578893530870165,0.6611848228023397,0.5364616197491456,0.6266275050737486,0.0772626767,True,CLT046d
CLT046d-015-5,0.31836160296660365,0.2987336124,0.4542177986511152,0.4490948637716116,0.4591993497297031,0.42161586852840754,0.28083012874090074,0.432045414626184,0.0779844574,True,CLT046d
CLT046d-015-6,0.2129394089444846,0.2110337233,-0.009532488707302875,0.04237373477355093,0.01385579933305401,0.0692453972334107,0.16986607127934802,0.3527876266913249,0.0867624172,False,CLT046d
CLT046d-017-2,0.35619721126148673,0.3414864653,0.36170870967448465,0.36824520217237844,0.3768190418662356,0.36442136092668015,0.3816444786462974,0.35224021309104997,0.0756521963,True,CLT046d
CLT046d-017-3,0.4266411554110012,0.4544267156,0.4468997189915148,0.4536829063168654,0.4757284371017847,0.4711036169937231,0.4113434952003742,0.46254838808537757,0.072371264,True,CLT046d
CLT046d-019-3,0.23356759385795864,0.3448798604,0.14963633178420274,0.2743701482094685,0.37865185304425775,0.3598252978579859,0.20182419267816157,0.3059882696452283,0.0711768409,False,CLT046d
CLT046d-027-1,0.3305160958640217,0.3941662764,0.2583161838591023,0.4174806805204235,0.298865998838961,0.3199138747859277,0.3509891836016287,0.3246132359121697,0.0763796074,True,CLT046d
CLT046d-027-2,0.3482851836506882,0.47267284940000004,0.4551419232171515,0.5220720591661113,0.5260311736740259,0.528104898756507,0.32424289078769575,0.4265641906414928,0.0778728114,True,CLT046d
CLT046d-028-1,0.23264110126097462,0.2548803453,0.2217749150301465,0.20211948213782946,0.25332320182654666,0.19866017374717848,0.20467501944819677,0.14940449106133483,0.0694285802,False,CLT046d
CLT046d-029-1,0.3013904688692257,0.4710709975,0.44136377011146477,0.4863801449662125,0.49852008800364667,0.5151740882303217,0.2994419549607668,0.4642474008741325,0.078590143,True,CLT046d
CLT046d-030-2,0.25221303729893124,0.267986152,0.3578083439448204,0.10807830711460419,-0.00807026469159433,0.09387640584902482,0.2596348787353235,0.31595927377339095,0.077802423,False,CLT046d
CLT046d-031-2,0.5969880586794138,0.8012659653,0.7636974375190266,0.7943990164468114,0.7914181187116028,0.8029800179104727,0.5851989899571307,0.7297321899720055,0.0749427559,True,CLT046d
CLT046d-034-2,0.1273937892557034,0.4600536591,0.2595528628183548,0.31657256772835807,0.30210927648443553,0.3392944298551975,0.09868256831275474,0.3273695029920427,0.0684181717,False,CLT046d
CLT046d-035-3,0.14614395453570608,0.4485960512,0.438513338045529,0.4544039044645767,0.45456738246929723,0.3944989675286959,0.17250363882647102,0.39325915069751355,0.091929869,True,CLT046d
CLT046d-037-2,0.5404249549840237,0.6570897138,0.6557829279730969,0.6482397128280349,0.6283921053130348,0.37999799737839157,0.551204051772109,0.6474397617032739,0.0770061111,True,CLT046d
CLT046d-038-1,0.4390108551928115,0.5697396935,0.5530874558598854,0.37861943528668934,0.2898829311623997,0.2174659340401277,0.4471208605892459,0.5685948423677611,0.0741962119,True,CLT046d
CLT046d-038-2,0.1823438368714727,0.2975589048,0.3109531089689918,0.3224247755264032,0.33534656791117906,0.31820527469853804,0.21138417356116526,0.30305345425754854,0.0763547142,True,CLT046d
CLT046d-039-2,0.6398704345517529,0.6510999439,0.6408512907587911,0.10861350376756412,0.023857667076855237,0.030385042444934403,0.6289935563461615,0.6462325210538362,0.0777492559,False,CLT046d
CLT046d-042-2,0.3682939845874164,0.4565249244,0.3382353970634684,0.477349724875175,0.46525095544607464,0.4608353738933548,0.36054605212275104,0.44264596416387947,0.0711245401,True,CLT046d
CLT046d-043-2,0.45746435709965716,0.641769575,0.6301745969586908,0.6691576442009955,0.20412671688794723,0.17780918877123025,0.4509394794641899,0.5619106313869702,0.0751670169,True,CLT046d
CLT046d-043-3,0.5820274317087777,0.4262922805,0.6455677544606989,0.5826478221414628,0.5827590388826832,0.5704705853934812,0.5644453072375825,0.6628261518618584,0.0820285594,True,CLT046d
CLT046d-046-2,0.3729528331431264,0.6319756403,0.6056784146625089,0.6378059476945905,0.6499738567225564,0.6771416758188523,0.3520934126847349,0.45810257792694564,0.0762283396,True,CLT046d
CLT046d-048-1,0.18542240555225625,0.3720069769,0.41347824917145026,0.44343870130239954,0.31270274293171696,0.008560965124779711,0.1966028449145744,0.27935851657614197,0.0777769317,False,CLT046d
CLT046d-048-2,0.2121238646349866,0.3122848994,0.29714779940622793,0.3265543891692287,0.14812613436069538,0.04808468888997099,0.18781276565977106,0.21331340846260793,0.0839221736,False,CLT046d
CLT046d-049-2,0.34026103706113014,0.5260013913,0.5306457832976901,0.0538373602243881,0.02933464281444317,0.028197642973739747,0.34510219343309007,0.4984855955416277,0.0773786859,False,CLT046d
CLT046d-051-3,0.4614437871246959,0.5654783418,0.518230981227036,0.5394084991110649,0.5121925460828336,0.2502533163174275,0.45774560547049564,0.517313420237488,0.080446005,True,CLT046d
CLT046d-052-4,0.45573193481543967,0.5863322129,0.5688006633395498,0.3061411877312909,0.14945746660922493,0.13397649560507402,0.45648303948045066,0.5402003070170479,0.0794106228,True,CLT046d
CLT046d-052-5,0.3801234218236978,0.4373516984,0.376714144510471,0.42255057372956867,0.4508920636657308,0.13860748313846052,0.3687963078228862,0.38362177701717004,0.0717376432,False,CLT046d
CLT046d-056-3,0.3905080689334355,0.5910624877,0.4563054241955411,0.4272258673195042,0.4654136736578491,0.28961031940133725,0.37065635617081183,0.5136558113732517,0.0698543225,True,CLT046d
CLT046d-056-4,0.5288621140441084,0.6771032843,0.5279729250498035,0.63890615939934,0.3251632434600257,0.22148229357871801,0.5271848470000395,0.6141695905438392,0.0884137155,True,CLT046d
LMD014a-A-186-1,0.25773494113988127,0.2445168009,0.24119312164837017,0.23255393890870327,0.24068932966233378,0.24176154302220493,0.23533933101381713,0.26119759845582685,0.072537531,True,LMD014a
LMD014a-A-190-1,0.3070335521578321,0.3516960244,0.2384310345911982,0.3444635910274243,0.36596427301838114,0.36771425180325723,0.2911722305634753,0.3464569215156148,0.0742616645,True,LMD014a
LMD014a-A-193-1,0.38065058453810385,0.4086613765,0.2553282630430002,0.3497159242761844,0.36265169262128893,0.3767043688187108,0.3046599821818958,0.3257345863032146,0.0743294505,True,LMD014a
LMD014a-A-195-1,0.4546399320879157,0.5320396024,0.5041524337822494,0.5127783284155466,0.527804619008688,0.5691908544449034,0.3869461164907341,0.518926103762785,0.0681602485,True,LMD014a
LMD014a-A-196-1,0.4239731125439449,0.4834441119999999,0.4801074246685313,0.4785483889437856,0.4560014748977529,0.48809020026409805,0.4119776989909886,0.4443552942063896,0.0771410213,True,LMD014a
LMD014a-A-198-1,0.24793080411126348,0.2183110984,0.12325151798215436,0.022430558046984638,0.08993412664340772,0.2496471756106,0.1318199991523539,0.21185167214141218,0.0709966935,False,LMD014a
LMD014a-A-201-1,0.26887182060812037,0.183844895,0.14752951768044026,0.1742088161182706,0.22092844403200615,0.20225279676575308,0.1905408854667742,0.1610631197693547,0.0722253169,False,LMD014a
LMD014a-A-201-2,0.2780603733196615,0.2808152211,0.21041504877636513,0.1801904126185918,0.23890145144358513,0.21655350122004588,0.22422564491398536,0.29073451763713937,0.0749681062,False,LMD014a
LMD014a-A-202-1,0.1589029980182946,0.44936761040000006,0.35738232131479103,0.38749559941748407,0.40894604824511077,0.4112060612028808,0.13692677949690793,0.3192249521943964,0.0772954344,False,LMD014a
LMD014a-A-211-1,0.16589999545326922,0.2234337692,0.15280314564368982,0.1439809699411708,0.16501209581323797,0.17447057422702747,0.1540527831391296,0.1944386184262657,0.0765851951,False,LMD014a
LMD014a-A-216-1,0.24549495929085424,0.3087105761,0.2585302730264374,0.2727699038595804,0.29000798602271394,0.2770330502714412,0.25034079827208394,0.29969129150362755,0.0726965243,True,LMD014a
LMD014a-A-227-1,0.19699923727584287,0.2015261775,0.1475683470770464,0.11934371117154378,0.13218525627225147,0.17944183111749992,0.12689581793146884,0.14378672457835132,0.0740818212,False,LMD014a
LMD014a-A-239-1,0.31274165938218434,0.37835062,0.2564820522938167,0.2796176036883114,0.2721477766835612,0.31813340644686045,0.24047963837429026,0.37694942908647144,0.0727125048,True,LMD014a
LMD014a-A-239-2,0.058330625520782074,0.1681165918,-0.017738696154274897,0.044201886754986125,0.00725267572907435,0.03924294834318151,0.06991287269123084,0.18755365959700798,0.0735192708,False,LMD014a
LMD014a-A-239-3,0.22014905881590618,0.4208538302,0.3527819842206631,0.41424487762378676,0.37982026597567276,0.4193072764733954,0.1830562931523274,0.3832560355607501,0.0775870596,False,LMD014a
LMD014a-A-240-1,0.23690460893517729,0.3292229665,0.2263848078142408,0.18607442436253446,0.358035134471381,0.36051148059212174,0.20216449781201343,0.3322688488228334,0.0732192615,False,LMD014a
LMD014a-A-244-1,0.22029715453902338,0.2474208029,0.2452048575505231,0.24953582440675748,0.19924086603522423,0.20936233205014945,0.23069031576735907,0.23330915996123314,0.0708580715,False,LMD014a
LMD014a-A-247-1,0.6408849005247381,0.6738893857,0.63817365235741,0.6746681095415971,0.6833529427320177,0.6770247568817915,0.6373332952181555,0.6748203621447618,0.0801158319,True,LMD014a
LMD014a-A-247-2,0.15095850905741343,0.1067749806,0.14428044517560934,0.13446903882017336,0.1864744653891594,0.1319890061904396,0.1410940707247569,0.18187052861849354,0.0752850575,False,LMD014a
LMD014a-A-248-1,0.04983802343620732,0.1044499894,0.07681433841109321,0.076817675110015,0.03527388581273565,-0.0018743823426516034,0.046488482675294776,0.08450369438093051,0.072948498,False,LMD014a
LMD014a-A-250-1,0.2675559667151765,0.3771866772,0.30974706361506726,0.37875362205016344,0.37546299271424716,0.39315356709232735,0.24398214630948367,0.36718528974087244,0.0723229495,True,LMD014a
LMD014a-A-251-1,0.16324193004194676,0.2370958499,0.2565532825017658,0.2633189757317212,0.2810857442552887,0.2991035975528994,0.14626022177792838,0.23038209947717475,0.0708803575,False,LMD014a
LMD014a-A-254-1,0.08384942108338397,0.0861415342,0.06602400187536082,0.08940696059122877,0.10488725174569483,0.11328962560942296,-0.01431187633002435,0.13133542173133422,0.0773516353,False,LMD014a
LMD014a-A-256-1,0.2449268676209478,0.24231229629999998,0.17898686724423,0.23370556429315362,0.2579600069144314,0.3683188878584033,0.15455836636213097,0.21878533613094536,0.0729538815,False,LMD014a
LMD014a-A-261-1,0.38826623999698023,0.4091473154,0.4038446495576594,0.41701135370190795,0.4283224189607184,0.4938185484303409,0.36693349470737285,0.3983052707570624,0.0750748303,True,LMD014a
LMD014a-A-263-1,0.34402143084522313,0.379525231,0.30944595816384074,0.3337302788840291,0.37089300096197664,0.37391321945825,0.2763878985116031,0.35571380521995116,0.0707508491,True,LMD014a
LMD014a-A-265-1,0.2514914957388809,0.2896622293,0.16649080186362739,0.281622460703159,0.30202207068212444,0.3597571153852503,0.2074944770959304,0.2634678950331203,0.0690131766,True,LMD014a
LMD014a-A-266-1,0.503794747671908,0.5352852408,0.46673941553618115,0.518061112481719,0.5568402239386552,0.5384661139378575,0.4739752141774655,0.5542715492023029,0.0719069809,True,LMD014a
LMD014a-A-267-1,0.24986497249966771,0.2862358456,0.14681559469376332,0.27687083937216944,0.3073263399745571,0.34067583914809574,0.20739025187446758,0.2567902040495215,0.0722202228,False,LMD014a
LMD014a-A-267-2,0.26812233859926526,0.3013706993,0.266930343463735,0.2721108885481132,0.2876365984125665,0.24834945600044184,0.25208653708250217,0.28463139178870667,0.0743635936,True,LMD014a
LMD014a-A-269-1,0.4261887439363649,0.3985990569,0.3260944117669995,0.32417973522735394,0.4261863658934468,0.4549181163872491,0.3378610951796356,0.4165602737459126,0.0755441925,True,LMD014a
LMD014a-A-277-1,0.16410519997211154,0.2196412587,0.14318076480330333,0.11639223273393111,0.18336059035058414,0.20673719939043075,0.14000786039260985,0.047418484367362894,0.0688498378,False,LMD014a
LMD014a-A-293-1,0.20306840288813807,0.2582474937,0.19126904660913832,0.14592473568763487,0.2419557237257142,0.25135870887979805,0.12563337753033663,0.19460719227909498,0.0753573937,False,LMD014a
LMD014a-A-300-1,0.048539098356794395,0.0520005463,0.08158700587641103,0.09821295000520855,0.08305097051223508,0.07800866222217664,0.03590890656783734,0.007952847125287705,0.072479182,False,LMD014a
LMD014a-A-304-1,0.20596176923609075,0.24269853370000002,0.22849404042430627,0.22633038031700323,0.23379153775789388,0.22303533898672007,0.1585276822435568,0.2425066308516616,0.0752506269,False,LMD014a
LMD014a-A-308-1,0.1929288436722017,0.2715571621,0.21876211449786248,0.2662644049348903,0.2651150273460607,0.295738066664064,0.1811688102233994,0.21299153014564723,0.0678861265,True,LMD014a
LMD014a-A-322-1,0.38512127603048224,0.4050158936,0.4074853788955587,0.4122472456668195,0.4496631146898823,0.4157300400161801,0.3282399573580964,0.425120507169961,0.0720048534,True,LMD014a
LMD014a-A-330-1,0.19975706177251817,0.1081195274,0.12014416149211313,0.14508537960333548,0.17659112181764022,0.17501976148374246,0.12492083131884711,0.15437352166141402,0.0784188115,False,LMD014a
LMD014a-A-331-1,0.30696769572743626,0.290617836,0.19775592189049315,0.20532731749405111,0.32906915793861363,0.38963283979821084,0.1956056216379502,0.32659699700488076,0.070952385,False,LMD014a
LMD014a-A-348-1,0.06839098033692205,0.0736240394,0.08510347884971367,0.10817029173918834,0.14083122058669323,0.029700033454074192,0.05218076489668177,0.09469585788418464,0.0730378416,False,LMD014a
LMD014a-A-349-1,0.5530021067242391,0.5468886503,0.518463194589615,0.5201327596330065,0.5573385743298385,0.5615604422484248,0.5286818569276515,0.592872668319936,0.0740722692,True,LMD014a
LMD014a-A-356-1,0.3173507282183707,0.3464113501,0.36951590149055524,0.34869542192856373,0.282265639372283,0.28598356689835486,0.3165975407891427,0.33105219428120697,0.0756854899,True,LMD014a
LMD014a-A-362-1,0.3045939475083665,0.2829776432,0.3042018181651831,0.3271185675006514,0.351307259370212,0.32146667322561123,0.2977307520595213,0.31203212473232134,0.0717052928,True,LMD014a
LMD014a-A-363-1,0.4966958731471523,0.6114833317,0.5708022704097716,0.5921615918184638,0.5887374245978135,0.5917930915828505,0.485382438838903,0.5585422954546023,0.0720989515,True,LMD014a
LMD014a-A-363-2,0.4493689742918233,0.5795466654,0.5330936909324907,0.5327303937586896,0.5653440297811273,0.6258649169093812,0.43049660736848194,0.5051533170076623,0.0795189814,True,LMD014a
LMD014a-A-363-3,0.2435604142976871,0.2269133838,0.2407627684203174,0.2366850254666102,0.20402121984659627,0.226801008407405,0.16775571877992634,0.2468376698948536,0.0719366906,False,LMD014a
LMD014a-A-365-1,0.3180939772077849,0.37601203629999996,0.37407380859400774,0.3808650501452443,0.37032480393787887,0.36567513487612907,0.31751866159162906,0.35065904302249773,0.0820609547,True,LMD014a
LMD014a-A-367-1,0.41019050414789165,0.5219031937,0.5011405225911474,0.5041386749167217,0.5216562995887081,0.5342869949200563,0.39010254128072175,0.5053887127745736,0.0812487968,True,LMD014a
LMD014a-A-368-1,0.17558344989541066,0.1142370406,0.1254850059341887,0.13863029057326565,0.15894727545209386,0.2806807255972735,0.08294712185697747,0.135736184671993,0.0748766813,False,LMD014a
LMD014a-A-368-2,0.5539999134983615,0.5770674865,0.560522370104034,0.5565074041285337,0.5593921642876591,0.585573297652523,0.5166742018444005,0.5525439602818901,0.0739593546,True,LMD014a
LMD014a-A-371-1,0.4487276741884156,0.5045456806,0.42577187212434936,0.5062767529126512,0.4341656490552331,0.4482563382998559,0.4269272404185145,0.44258800302093754,0.0762576989,True,LMD014a
LMD014a-A-373-1,0.40470217134400605,0.3856301139,0.33546313177685433,0.36183816756703013,0.3669732399166842,0.4085953628686857,0.3596698884206163,0.3808144773447684,0.0765078479,True,LMD014a
LMD014a-A-378-1,0.34755017553489337,0.3282784138,0.3254439492022834,0.32929205491073216,0.3796686539727349,-0.008791938833996524,0.33282132475281756,0.34665838223664114,0.0759930555,False,LMD014a
LMD014a-A-379-1,0.39216060016475385,0.3764648982,0.4515764673558094,0.44339312018160715,0.466388955087913,0.5362526024956838,0.31179039915740075,0.3879205691123335,0.0756194719,True,LMD014a
LMD014a-A-379-2,0.3356834455309379,0.3518107336,0.33094936566235733,0.32332604148172955,0.335058649406724,0.32480974709423827,0.3210709547987838,0.3437442798944298,0.0785963661,True,LMD014a
LMD014a-A-380-1,0.2502603624676978,0.2261475708,0.26106899005553225,0.25296912231381435,0.26009294277276446,0.2792990454049962,0.21836024341997057,0.14910094126093867,0.0861051116,False,LMD014a
LMD014a-A-381-1,0.1432792514615193,0.0851352843,0.07098965958606063,0.08712570446790109,0.13659510208736092,0.14580442160763796,0.06219184969270606,0.07540623098007282,0.075129766,False,LMD014a
LMD014a-A-381-2,0.30374961457177824,0.2921045334,0.18360769772687652,0.2458308593186702,0.3006312404347773,0.29572380088959277,0.27155978264455516,0.2622426587770609,0.0767221988,False,LMD014a
LMD014a-A-382-1,0.47135032262731624,0.4656183843,0.4609599831611916,0.4690893510040418,0.5021916317128615,0.5249124145066912,0.45167776522679487,0.42869060945524484,0.0778333418,True,LMD014a
LMD014a-A-384-1,0.41965208287856687,0.4059010766,0.3456011395394863,0.41298089872269833,0.38934045541739154,0.39150329349541096,0.38390162217912743,0.4147478867662208,0.070852238,True,LMD014a
LMD014a-A-387-1,0.06628870287048369,0.0447274697,0.08575045623113108,0.035526602565351104,0.08147031957086036,0.005303582131542631,0.04344172733678698,0.03556521615660336,0.0723611747,False,LMD014a
LMD014a-A-388-1,0.5180422337747455,0.4968799022,0.4777761428160097,0.4848249075959027,0.4560858246900446,0.11255719369836786,0.47588864205106396,0.4506528364322813,0.0738184162,False,LMD014a
LMD014a-A-390-1,0.31902187561539935,0.3417693081,0.28818075810337057,0.3460331905701084,0.27333421201934177,0.45867368219276744,0.2838363714454029,0.3298608404105074,0.0755526276,True,LMD014a
LMD014a-A-391-1,0.4959922823079903,0.5733716777,0.48159278884308143,0.42154936164303913,0.5447909739533622,0.5705522962328705,0.4268545627982791,0.5678024864072424,0.0734881875,True,LMD014a
LMD014a-A-395-1,0.12432948188008482,0.1226418141,0.0723201859109483,0.06717175865848943,0.04824167587400054,0.09794713657195699,0.07620067118158527,0.08500042468404458,0.0769334695,False,LMD014a
LMD014a-A-395-2,0.18271242504975174,0.173701686,0.1283159167974296,0.17533044451669388,0.20028487351231847,0.2011218854586225,0.1705890852260358,0.1390711220155101,0.076237704,False,LMD014a
LMD014a-A-396-1,0.5183190478756619,0.5072626154,0.4164775038666741,0.44185424910223775,0.5180284830757067,0.5027913067096247,0.48821652001341925,0.5056401188425109,0.0762917819,True,LMD014a
LMD014a-A-398-1,0.18726816522954107,0.1292744455,0.04326469106387659,0.12004933659522729,0.053395000009199986,0.06315452696215748,-0.01638713638717072,0.04326260110148748,0.0809527373,False,LMD014a
LMD014a-A-398-2,0.2733133368288774,0.2916678025,0.33699515499220367,0.3183002199612975,0.3345203174946227,0.29836364608701393,0.2935763344578963,0.2645988436231972,0.0762789524,True,LMD014a
LMD014a-A-398-3,0.3320376503562925,0.3166295154,0.3243798604627943,0.3209824923430556,0.30457916049660877,0.3495157844351554,0.3132224814129368,0.32888997947204285,0.0753472982,True,LMD014a
LMD014a-A-400-1,0.4108099016431371,0.4193394596,0.33787765582960905,0.4180114561399907,0.41467892021380226,0.39994684668591507,0.3925734435489722,0.38149925198052165,0.0744824864,True,LMD014a
LMD014a-A-401-1,0.18047129130682638,0.2760158042,0.2464047267115819,0.20907632572256563,0.2267045968600612,0.24716895606308006,0.18870436861716297,0.30056598538020396,0.0756992504,False,LMD014a
LMD014a-A-402-1,0.17638349885143756,0.1721292397,0.13923466994408065,0.13507350071554877,0.1635447982145894,0.17661032891354594,0.1579922717122223,0.08217163284413724,0.0718619724,False,LMD014a
LMD014a-A-402-2,0.05693202482412077,0.0892700489,-0.007129837153176552,-0.04684474992483017,0.0921787558245178,0.13294741920507863,-0.033360545564042304,0.10512327065079159,0.0758066055,False,LMD014a
LMD014a-A-403-1,0.5191929705799871,0.5306156255,0.40947579500762743,0.5357635938959684,0.5565830744425224,0.5635646690948216,0.5062762630270643,0.4974048736934402,0.0767119112,True,LMD014a
LMD014a-A-405-1,0.1581258540260598,0.1186221455,-0.037018401513618564,0.01197438651261104,0.015756578272673523,0.02345059678462266,-0.0031488239903754945,0.0641578626584985,0.0788843109,False,LMD014a
LMD014a-A-405-2,0.009683150517445397,0.0095214496,0.0220498888329523,0.016114804504158857,0.018869806211569643,0.009865692683587732,0.013896676498750898,0.009315598514263211,0.0759772663,False,LMD014a
LMD014a-A-406-1,0.3093106596028755,0.2888613965,0.2169713310039039,0.29872135828211543,0.3282579151264968,0.3307450605353098,0.21862291531010522,0.25786507754261356,0.0742337032,True,LMD014a
LMD014a-A-406-2,0.6596653452758608,0.6953326646,0.752180857345424,0.7506707505244302,0.7529041103518221,0.6986067080371955,0.6330887867649805,0.7530056758614402,0.0762265748,True,LMD014a
LMD014a-A-406-3,0.0362772152720489,0.054019484300000004,-0.032559516075633656,0.012016664430927042,0.05572803362167492,0.05485503195955334,-0.0498412688196556,0.05170436669514426,0.0718470208,False,LMD014a
LMD014a-A-407-1,0.3515609878698733,0.394864335,0.36598909822202597,0.31485313789917185,0.3500979396666672,0.3238707019021986,0.35285867192864706,0.40134491143030654,0.0803765959,True,LMD014a
LMD014a-A-409-1,0.3866068448602744,0.375974415,-0.01708631203262071,-0.030396938205650457,0.2564795751135778,0.2618687286953822,0.3194063246173366,0.3587108081070751,0.0697851763,False,LMD014a
LMD014a-A-411-1,0.44711107112813936,0.4862241997,0.3848093491835548,0.3919068623270111,0.40355125784737755,0.5045326918661217,0.4029674600605183,0.36504757759849316,0.0690867989,True,LMD014a
LMD014a-A-411-2,0.4384251859366765,0.4257126062,0.3462850487816845,0.39124603167288713,0.42296352792581743,0.434793905850125,0.3920098645263626,0.4064198594769337,0.0755678556,True,LMD014a
LMD014a-A-411-3,0.20466478377855646,0.2322329993,0.21435835129842987,0.21127240308536066,0.230808652958126,0.21726774122046932,0.19851776633498797,0.2331489117670166,0.0749806919,False,LMD014a
LMD014a-A-414-1,0.3678007413438256,0.4597102357,0.44934806551644585,0.5157112510836218,0.5433168836581889,0.5329126872229845,0.3372850469936295,0.4812197798054363,0.0762848092,True,LMD014a
LMD014a-A-414-2,0.057924923832571196,0.0437416692,0.03664012041956526,0.04556014896033556,0.05055148126150849,0.032365986646549515,0.05822530845562822,0.07274130721575947,0.081140151,False,LMD014a
LMD014a-A-415-1,0.7190182972465589,0.7691604079,0.7376608244881813,0.7583061585947952,0.717125163672098,0.7481621103438024,0.7096980707349273,0.7582854239167752,0.0697046856,True,LMD014a
LMD014a-A-415-2,0.42981892183780734,0.4422053557,0.419089841147275,0.41790550793837794,0.40219481763458736,0.427473609497777,0.4222837970042901,0.44061812289988606,0.071172228,True,LMD014a
LMD014a-A-416-1,0.3810938092334465,0.2997769527,0.28243898320969996,0.28487565783723956,0.29930426274532823,0.431493787544661,0.25486985836772874,0.2446931884889531,0.0754815002,False,LMD014a
LMD014a-A-420-1,0.3383321875611277,0.400550769,0.4221729149376972,0.41507779025449787,0.41869767926876145,0.11238115214855454,0.34918211359820156,0.41143334682328764,0.0786181944,False,LMD014a
LMD014a-A-420-2,0.4654017406274941,0.477016444,0.4447294248659698,0.45028265048467,0.5207901041900431,0.5258872476313801,0.4344937900245765,0.44727611682879,0.0798679141,True,LMD014a
LMD014a-A-422-1,0.134149494005821,0.1230789859,0.12106802515182945,0.11718159713354048,0.10359042065704573,0.11029851876640581,0.11123631460154156,0.08354156651330778,0.083530326,False,LMD014a
LMD014a-A-424-1,0.2307658257650565,0.190640739,0.23407580260270358,0.16724913137997013,0.21299587639470588,0.2328997897563101,0.1954490077822493,0.16286771947042689,0.0740657858,False,LMD014a
LMD014a-A-424-2,0.3917316785733179,0.39177797230000005,0.5748667389929039,0.5842751444186847,0.5643843393978103,0.32251926674227377,0.3592947886595644,0.47808300704806433,0.0801606511,True,LMD014a
LMD014a-A-426-1,0.4983378576805217,0.5192101494,0.45530297031529154,0.44950124812968,0.46751196489315455,0.47579173556090076,0.4861832757470546,0.45221059443857375,0.0716445943,True,LMD014a
LMD014a-A-426-2,0.13475531964860504,0.1268697347,0.1216680890735394,0.12716197979596544,0.13269145383885025,0.15040407021890528,0.12868548306345665,0.1321059064863492,0.0685125875,False,LMD014a
LMD014a-A-427-1,0.23467918647070193,0.2440846935,0.26650035867531763,0.277902975562037,0.2957522921648459,0.28828716794640036,0.17960988177484338,0.23839659864217927,0.0779552017,False,LMD014a
LMD014a-A-429-1,0.2771078772257166,0.3045277731,0.30510984286298787,0.30527299248945766,0.30964160088960513,0.31436928917070844,0.28257177780295645,0.28148459171487167,0.0765266239,True,LMD014a
LMD014a-A-430-1,0.153235276922045,0.1197570116,0.11660597043164295,0.09932413291642378,0.09762179122068182,0.1450931988087049,0.11040350213944951,0.14374803868467934,0.0688866163,False,LMD014a
LMD014a-A-432-1,0.022092553397032495,0.061348698199999996,-0.009268410168281192,-0.01980167741672613,0.09169822774794405,0.04090908437750607,-0.028657952075209436,-0.03565412578952095,0.073213842,False,LMD014a
LMD014a-A-433-1,0.3718872203491084,0.3280503154,0.2993642957189043,0.322768113300886,0.34458437670651954,0.39110826535227877,0.34782719173170573,0.3460459824191182,0.0736801894,True,LMD014a
LMD014a-A-433-2,0.2924874163449514,0.2609225202,0.25496913444871344,0.29453258557931433,0.29001161600326264,0.3016399903789752,0.3028827454167021,0.2636892603378613,0.0676877454,True,LMD014a
LMD014a-A-437-1,0.09063231319659243,0.0920478561,0.0636949820812023,0.0766759058362831,0.07636348851756344,-0.009497454204492642,0.07400468019720606,0.08971160983132735,0.0742940073,False,LMD014a
LMD014a-A-437-2,0.09914488474214445,0.1061291908,0.06420845807079242,0.08968704042780357,0.09735080727391814,0.07574223676249509,0.10730821430351517,0.12771622412773478,0.0689880558,False,LMD014a
LMD014a-A-440-1,0.09135856679807286,0.095619267,0.054513226606662496,0.06333717117697332,0.0713011281823478,0.06566752349593646,0.08309516919999631,0.041004063659468876,0.0741577223,False,LMD014a
LMD014a-A-440-2,0.32716706713394433,0.4235655608,0.3601787182186883,0.4721505284408305,0.4945587293042986,0.45921759493456105,0.33049593119019904,0.35614311784554414,0.0759859904,True,LMD014a
LMD022a-A-177-1,0.261476435493408,0.3189153765,0.27460574797446224,0.0085899889973761,0.17640782097770197,0.12913139279165364,0.2941734903565441,0.3375272100115256,0.0837199228,False,LMD022a
LMD022a-A-180-1,0.3476872375154874,0.324994419,0.30245828599658753,0.07367409113873986,0.3267687565388479,0.33557330996430623,0.33880974122833124,0.2936973052923514,0.075345928,False,LMD022a
LMD022a-A-202-1,0.35249343579272624,0.5832425293,0.5004137128462682,0.5242073051159628,0.5333214208453849,0.5420759019362924,0.3201118754323328,0.4824423489063797,0.0779515678,True,LMD022a
LMD022a-A-220-1,0.22211546003629637,0.448660677,0.36412578094204245,0.053343368144420956,0.1170148826259527,0.15708394732747785,0.2048289307379215,0.3735089251789534,0.0770818438,False,LMD022a
LMD022a-A-221-1,0.48897585602205973,0.5851733941,0.5618718380210869,0.5882730940989739,0.5909313840810855,0.591120909209587,0.4719613333005157,0.5486656099346466,0.0822516147,True,LMD022a
LMD022a-A-253-1,0.38732792262130583,0.5202695585,0.2415308307965661,0.22969418987646503,0.28747950691002044,0.3092594742744522,0.2624989257903583,0.330379068848942,0.0675951397,True,LMD022a
LMD022a-A-267-1,0.3416878711128704,0.588378502,0.5602858333004592,0.5717481406129022,0.5738313268753016,0.5736372466044957,0.3324198390708266,0.4667435955794205,0.0742336554,True,LMD022a
LMD022a-A-269-1,0.289039739348439,0.4908501704,0.4287851173066431,0.41876245811128693,0.4120525886878061,0.43989800066241985,0.29258547353316905,0.34697313801821195,0.0748725222,True,LMD022a
LMD022a-A-273-1,0.6483965110522587,0.7607261355,0.7284445506841213,0.7369611887615277,0.7465617949293533,0.748364016866482,0.6463858610728108,0.6918889279608866,0.0825459092,True,LMD022a
LMD022a-A-279-1,0.5727572477852253,0.6744882995999999,0.6756838924587589,0.6725666584531742,0.6798210722501875,0.6722823697712128,0.5371575522523968,0.6445369770004051,0.0774500122,True,LMD022a
LMD022a-A-304-1,0.0909813122646068,0.23574932099999998,0.1768537192768189,0.15701130732972648,0.14050463347560457,0.12405484135396709,0.1263477463680575,0.15834998367360198,0.0789506,False,LMD022a
LMD022a-A-328-1,0.23252832793784053,0.2984852302,0.24383578894968705,0.2403212816714064,0.1627585788061225,0.1248789443739386,0.2438400565756979,0.295054160987979,0.0778003189,True,LMD022a
LMD022a-A-333-1,0.31692802185331476,0.49369056219999996,0.4729714354842203,0.3790976643415781,0.21818718804319626,0.10296113782496566,0.33845166483553946,0.4468378661232771,0.0789237813,False,LMD022a
CLT027c-009-1,0.7013403128740515,0.4358038485,0.6586859040022053,0.5831829922974968,0.6042858737763738,0.512237756103976,0.7390446836582796,0.7089540366950323,0.0801455136,True,CLT027c
CLT027c-010-1,0.1605447098664215,0.4182341503,0.32962624876911795,-0.005577115515925282,-0.008789149205649946,0.3893160102441143,0.29157211075113665,-0.002288467769284039,0.0862576452,False,CLT027c
LMD022a-A-334-1,0.21637979889097672,0.2170048214,0.04338153581475136,0.028637719100519942,0.09014978424861927,0.01735515149436179,0.2210351242743936,0.2440519162388629,0.0863581273,False,LMD022a
CLT027c-013-1,0.7965889376992062,0.7254487523,0.8332952837579434,0.8299980298845849,0.8249025523150586,0.7982076326901435,0.8101487776563446,0.835597810412481,0.0790452009,True,CLT027c
LMD022a-A-336-1,0.19109290833733603,0.3430812728,0.4036369028215694,0.22378834283897425,0.2730835239439216,0.24349981031419027,0.1900456230762479,0.2868367341690428,0.0885172494,True,LMD022a
CLT027c-015-1,0.31474579732901653,0.318047644,0.1069137104130986,0.00800547917356964,-0.01480721399740452,0.08905976936729171,0.36282586301601266,0.2949628956961161,0.0704688389,False,CLT027c
CLT027c-016-1,0.7010647161523755,0.6786406053,0.7739003271581133,0.7575180248926839,0.7004663388517874,0.6663444477245265,0.7143618755849579,0.7550441464144564,0.0839423331,True,CLT027c
CLT027c-019-1,0.29730697407471374,0.10677588890000002,0.1292346247066808,0.16753565361767558,0.08110055809389662,0.1568862180782795,0.2286495020865504,0.17553498504189582,0.0838995497,False,CLT027c
CLT027c-021-1,0.12809809761551474,0.4116912094,0.5216334293378752,0.5373776266967665,0.36148147775849276,0.4555365731670783,0.38402010081185495,0.5037803023114277,0.1043648075,False,CLT027c
CLT027c-024-1,0.22860482110063765,0.45302194139999996,0.5417582216069112,0.4866425917436063,0.33205955320164254,0.5476612991476287,0.5730142027938988,0.5582077007046994,0.1022198798,True,CLT027c
CLT027c-027-1,0.67450268401709,0.7034769569,0.6617525410451348,0.7600514122623308,0.7888992031847168,0.7819319813813411,0.6682672701411515,0.7457694562324857,0.0731202828,True,CLT027c
CLT027c-028-1,0.5768018447744554,0.4877950873,0.7133300768844028,0.7376112383314379,0.6459936666495872,0.6716516060497626,0.6304649900477163,0.7032086814266021,0.0822013682,True,CLT027c
CLT027c-028-2,0.5429859230572943,0.5968027632,0.6319045329814362,0.7786885452503921,0.6912178413760626,0.5710120136392096,0.6936609235167277,0.7513565970603333,0.086339564,True,CLT027c
CLT027c-030-1,0.6459951113470134,0.7318421548,0.5705064951375741,0.723188265878214,0.7411084156698303,0.5822829701499024,0.6330785728776543,0.7390502873845558,0.0852676193,True,CLT027c
CLT027c-033-1,0.48185857910704444,0.8114316016,0.7618203194410508,0.6701017641628015,0.6574461283373578,0.7212311769126617,0.6737439292672209,0.7495476324074923,0.079618242,True,CLT027c
CLT027c-037-1,0.7011728843153759,0.7656042371,0.7847499294631988,0.7983675787525795,0.8042396008694223,0.7838334269683161,0.694843974059827,0.7521438209569319,0.0701742201,True,CLT027c
CLT027c-038-1,0.21274510123991636,0.4176529865,0.3941978349965,0.4401303176586414,0.46629872910179576,0.42660207685869017,0.2648926362773619,0.4355393010768236,0.0815553677,True,CLT027c
CLT027c-042-1,0.49695159675621453,0.49828958549999997,0.4534646228450393,0.5251700865305935,0.6000054702295661,0.654771879208352,0.4808705342182048,0.5641172858888178,0.0745699026,True,CLT027c
CLT027c-045-1,0.6938439242160401,0.6449357886,0.7273859331437085,0.7208673417375006,0.7188308724946739,0.6648388504873706,0.7100822521696069,0.7356837530188868,0.0680011008,True,CLT027c
CLT027c-045-2,0.3155702232938949,0.35184263390000003,0.38848579585914794,0.3956654599930905,0.3740007774525065,0.30159385696432917,0.352560591883332,0.4451354970350994,0.0732725929,True,CLT027c
CLT027c-046-1,0.3363495669039148,0.3432267244,0.4823842079227399,0.4857020756360364,0.45146139456396833,0.3807203525045039,0.3648060198340906,0.45183633304178145,0.0804024401,True,CLT027c
CLT027c-054-1,0.20276640380164412,0.2139307561,0.24862665209179152,-0.010608917704823926,0.20802405616848677,0.11348607944766316,0.20958344711209556,0.2063014587047149,0.0700402585,False,CLT027c
LMD019a-A-131-1,0.21920837007558203,0.1968658591,0.1384811089656115,0.14671031891220757,0.18051017993182136,0.21667092271716162,0.19871684410823948,0.14162494743080292,0.0754999566,False,LMD019a
LMD019a-A-140-1,-0.028794321236289423,-0.0409130993,-0.021924447483675846,-0.04757584530314288,-0.019312436066249966,-0.048733067604629386,-0.050647108716649555,-0.048306047918029386,0.075887009,False,LMD019a
LMD019a-A-141-1,0.09508088387248509,0.0286641349,0.03441167831432662,0.05425908658912335,0.0144595276780399,0.07496743981559109,-0.02732205549138659,0.0011041805878440256,0.0712550332,False,LMD019a
LMD019a-A-225-1,0.07402175293679528,0.1520949846,0.021136035185890537,0.035939245929550855,0.006772763047353737,0.06006212491806245,0.05664752721049213,0.11712659120589516,0.0741133132,False,LMD019a
LMD019a-A-226-1,0.6430021905570665,0.7750748427999999,0.7481406847556591,0.750473935728116,0.7398753866630007,0.7400561216431809,0.6361879340020011,0.7081710487422794,0.0737113704,True,LMD019a
LMD019a-A-235-1,0.30851940222121704,0.3977358494,0.028695692225964808,0.14278458527289975,0.2759586635424416,0.1616070783471097,0.28415326490821585,0.3586058502805321,0.0818434519,False,LMD019a
LMD019a-A-240-1,0.41385660665140545,0.7129478497,0.7155299420008225,0.6991302300923402,0.7163367492601248,0.6760698566899886,0.41853426421578077,0.5010004664535892,0.0840901178,True,LMD019a
LMD019a-A-250-1,0.6261832816424657,0.7053586343,0.6805721171422204,0.625111713853753,0.668764264227328,0.6130397525969485,0.484283119084594,0.6741350781510874,0.0817437938,True,LMD019a
LMD019a-A-256-2,0.7623872389534134,0.8689859405999999,0.8367558516138508,0.8379444691633658,0.8436980794601153,0.8453723093540847,0.7621297293267887,0.7869618698004405,0.0737794247,True,LMD019a
LMD019a-A-258-1,0.16822829178247067,0.1925766053,0.06868102877773404,-0.0009834319384069642,0.0029196808232526015,0.04297519710136466,0.15892778150494213,0.1815681864077588,0.0802142474,False,LMD019a
LMD019a-A-261-1,0.3445312529080004,0.5942537127,0.5156946827173139,0.451280836819827,0.404459799067063,0.3010106945084778,0.32506551475821216,0.4359195347279188,0.0843778694,True,LMD019a
LMD019a-A-261-2,0.7294810898281614,0.8517077624,0.8625956970856956,0.8691609087253187,0.8774899666130486,0.879521490350693,0.6613641692725756,0.8052112990097527,0.077273619,True,LMD019a
LMD019a-A-266-1,0.5647836846047364,0.7208890357,0.6746063856413119,0.6899564569237769,0.6923920151266193,0.7065296534000739,0.55767490356895,0.6512690254306798,0.0736853061,True,LMD019a
LMD019a-A-270-1,0.2840148629743009,0.4348873998000001,0.4382532361390273,0.2247828262690667,0.048021634989413545,0.07470774585545069,0.1891435963744163,0.4371737863884091,0.0724546811,False,LMD019a
LMD019a-A-276-1,0.2512593417156644,0.6306224355,0.5629726882627797,0.6252879291567774,0.6244967696889691,0.2623065351471186,0.26148647942148157,0.40332447458174964,0.0741353269,True,LMD019a
LMD019a-A-276-2,0.44302667706542564,0.6341217984,0.5907114173413955,0.6172866690378586,0.6333025916376649,0.5144310461665536,0.4066371170464699,0.5605250758463557,0.0686347751,True,LMD019a
LMD019a-A-278-1,0.778152500046262,0.7890023573,0.7802018433738852,0.7789828317723465,0.7996726753443157,0.8017443285363571,0.5966343741555897,0.7357095356239403,0.0725131611,True,LMD019a
LMD019a-A-280-1,0.18847254912379435,0.3631882473,0.4752024370433637,0.4519501856559792,0.17949840779075524,0.15914767467100488,0.18892439132579594,0.2108985139355564,0.0813196314,True,LMD019a
LMD019a-A-280-2,0.12756227178502114,0.2968914032,0.21241660156687034,0.20462916172390191,0.2030053933630061,0.2129183572366565,0.1497746262892486,0.14496718648598947,0.0719022539,True,LMD019a
LMD019a-A-282-1,0.4313408893372512,0.6177798458,0.40860438139902655,0.5097749078580451,0.5664538971808079,0.5615646147233284,0.39563233862676694,0.4658619301887593,0.0812273619,True,LMD019a
LMD019a-A-284-1,0.31802318797977974,0.6671778052999999,0.4953933558496567,0.6844875510221295,0.7394366591001963,0.4104243598775773,0.276662760148263,0.42207464372076964,0.0929550172,True,LMD019a
LMD019a-A-298-1,0.6825776875874824,0.8165944331999999,0.7660847334258999,0.7872066110928914,0.7959918091414725,0.8094280329852681,0.6635854715387319,0.7675743912274052,0.0808760404,True,LMD019a
LMD019a-A-308-1,0.3016967772095023,0.4819375891,0.3973542290063517,0.4068201523726093,0.45973834867198476,0.4740698326352632,0.26591967092002816,0.3653994922406444,0.0779858748,True,LMD019a
LMD019a-A-310-1,0.4550352138982337,0.6105965266,0.5485364855882155,0.5870809570420662,0.5944597223904552,0.5968360424423099,0.44389799242965944,0.5572549996407242,0.0771723123,True,LMD019a
LMD019a-A-310-2,0.15503112775656439,0.2728669635,0.18970818497156275,0.23776711565375278,0.2580318512917518,0.1762816635516546,0.13006816510569283,0.2024685261023191,0.0739580749,True,LMD019a
LMD019a-A-322-1,0.29868531381539487,0.353508509,0.32921237590581903,0.3655964258025679,0.380763749546569,0.36029809253861744,0.3026586874740356,0.35518040972877707,0.0770092649,True,LMD019a
LMD019a-A-324-1,0.2157925905948489,0.4164104037,0.38503332652446515,0.40960338860081547,0.3886183659569888,0.37337455095135563,0.15275882607427713,0.2786247463451017,0.0776243657,True,LMD019a
LMD019a-A-327-1,0.6508998563289988,0.744119128,0.7286092430955967,0.7272343625354469,0.724041587748544,0.7243474564980548,0.6298032431163543,0.7070547836977527,0.075335607,True,LMD019a
LMD019a-A-329-1,0.410368183580499,0.5023586205,0.46901635617908033,0.4972194377516839,0.5187046675880177,0.47678905031947905,0.40221124590022045,0.46304058274053383,0.0767679604,True,LMD019a
LMD019a-A-330-1,0.29139579764730145,0.3881186662,0.33648617194735575,0.37409339041948436,0.3966465755385683,0.36648019244378377,0.27496850823231944,0.31802250425633344,0.075274609,True,LMD019a
LMD019a-A-335-1,0.28501787165367176,0.4841463355,0.2746924090380573,0.44805027527181834,0.47372731750886027,0.5076918955712055,0.2276833973491075,0.41382312862290915,0.0701018741,True,LMD019a
LMD019a-A-344-1,0.20990359273312906,0.436320171,0.3768532387239792,0.4698589225549453,0.49475396609927325,0.43753351845280797,0.2029398125876559,0.47764501412866767,0.0867753697,True,LMD019a
LMD019a-A-344-3,0.5869660639274564,0.6916443469,0.6584673060705181,0.6694849182132255,0.6574025346913047,0.6844099382419971,0.5845594382127164,0.6229374957007027,0.082687204,True,LMD019a
LMD019a-A-346-1,0.3245364784447288,0.3496980489,0.2970072854408346,0.3882382238638643,0.30665938382511587,0.3348512668333794,0.26880183458863544,0.32442341114029544,0.0727925491,True,LMD019a
LMD019a-A-346-2,0.4735352896071958,0.5744438324,0.5837548925853466,0.5898214512984098,0.5817744236927287,0.46244452376772954,0.3766053013271209,0.5924333557710205,0.0874614333,True,LMD019a
LMD019a-A-348-1,0.285843386795148,0.5762820514,0.5285025455742608,0.5452640835875721,0.4745771364444957,0.4474533761613921,0.2629247928279391,0.3867750910669962,0.0882864701,True,LMD019a
LMD019a-A-348-2,0.38265928778684466,0.49360781500000006,0.3415346673004388,0.4860413367727961,0.49265823765334915,0.47956089905936494,0.3614672795409977,0.3988333777870943,0.0724909257,True,LMD019a
LMD019a-A-354-1,0.3764105510376146,0.4684255516,0.5293419862352375,0.546433808781198,0.39890407161743824,0.3132945106333723,0.37009218145611905,0.4988105859111573,0.0745991791,True,LMD019a
LMD019a-A-360-1,0.36870132397801475,0.6675756992,0.49594634022223344,0.571558626766784,0.6310933444063588,0.6222274972547359,0.35488338233947453,0.6257415361334441,0.0912592746,True,LMD019a
LMD019a-A-360-2,0.3851768469402917,0.6426096677,0.548549934808432,0.6082447585797675,0.6404631299036156,0.6410728537065564,0.3697466221243268,0.6274342835476966,0.0806150458,True,LMD019a
LMD019a-A-360-6,0.3824017666079805,0.5436165577,0.4284804648029395,0.5272580150667813,0.5954195230694928,0.5969170678714495,0.3743828724991775,0.4468571151859974,0.076162854,True,LMD019a
LMD019a-A-361-1,0.36069862612971804,0.5338334653,0.5198119205741762,0.49769383581620424,0.5105301331648255,0.5138475868572405,0.3411999429355394,0.6082822978010886,0.0840262629,True,LMD019a
LMD019a-A-362-1,0.485998644415097,0.5600727201,0.5509980423129242,0.5552863598702115,0.5675021804679391,0.5924421702381316,0.46078290455450277,0.539060705877941,0.0799555748,True,LMD019a
LMD019a-A-364-1,0.5847373828088702,0.6672410782,0.6636771665622779,0.6810434890737506,0.5136061948488262,0.4398682138543227,0.5354884442456339,0.5871937120054751,0.0766760716,True,LMD019a
LMD019a-A-364-2,0.36156954767613225,0.4944832993,0.4827277629515194,0.48784555375250216,0.4853603767418367,0.5009948732081961,0.3355299076199085,0.475974653797683,0.0778259689,True,LMD019a
LMD019a-A-368-1,0.6317768108889212,0.6928360268,0.6301785093324146,0.6608632105675599,0.6508508504015975,0.6091550304202895,0.6182024735386543,0.6266674240742358,0.0869072957,True,LMD019a
LMD019a-A-370-1,0.280143162447084,0.6576753559,0.4841152138035373,0.5474891651375039,0.5630537269077348,0.58226946529647,0.243758335024344,0.357477650257255,0.085764615,True,LMD019a
LMD019a-A-371-1,0.40569942922805896,0.6590910809,0.6082132455328719,0.6234026033868928,0.660516010259789,0.6641496413904733,0.3309821142542693,0.6141278743322839,0.0755408649,True,LMD019a
LMD019a-A-376-1,0.25654870977028077,0.4383955402,0.44115030495195506,0.4716131189820965,0.48710685477902566,0.4046214678478376,0.2356390199530448,0.379202529715158,0.0782436192,True,LMD019a
CLT052d-004-1,0.7649804970347689,0.7883591361,0.7783773662244816,0.788752449532225,0.7921247602810559,0.791210321806618,0.7623241403339538,0.7572956755595535,0.0788932822,True,CLT052d
CLT052d-008-1,0.6662137227141396,0.8642722262,0.7990159586944634,0.834374187741057,0.8346265524631428,0.8399206146144184,0.62272532708462,0.7920906425424561,0.0723615547,True,CLT052d
CLT052d-012-1,0.490661050132944,0.6597394885,0.6695843371251217,0.673508314373379,0.6831943015989379,0.6041434871348569,0.44919541632351556,0.7043486219640669,0.0768944653,True,CLT052d
CLT052d-016-1,0.5131190920690609,0.658217697,0.6326201582487988,0.6522826584956937,0.6587782228931339,0.66451698947335,0.5114973112843321,0.6229949673505151,0.0838239506,True,CLT052d
CLT052d-018-1,0.6663548428061361,0.8194049441,0.7712578739365964,0.8020703050734863,0.8092642732075014,0.8153211392713047,0.6548374210040823,0.741669806311336,0.0746291479,True,CLT052d
CLT052d-029-1,0.428845174268474,0.6266506003,0.5854709584376538,0.6090718793310279,0.6099413075046183,0.6106161370917417,0.42288990442540064,0.5864686793607718,0.0784300741,True,CLT052d
CLT052d-032-1,0.3396500062472641,0.4069477347,0.42002653781126814,0.4403502239453214,0.47030897745480227,0.45949357543935543,0.2914748237102972,0.39960915032051364,0.0755724734,True,CLT052d
CLT052d-034-1,0.38241800191705805,0.6363341312,0.5654912326515658,0.5654257327648,0.5754671787316152,0.5887716713854673,0.3171567309165052,0.4840155431765663,0.0775741364,True,CLT052d
CLT052d-036-1,0.30480739089114167,0.3385418383,0.34511893389552245,0.34086149074289407,0.3331943950618451,0.3251439236936822,0.27984094624997136,0.35163099591413793,0.0745981179,True,CLT052d
CLT052d-039-1,0.4095639547241672,0.5556508013,0.5064773206418949,0.5148760660479698,0.5215556177762944,0.5321953249275273,0.38386599241256575,0.4931908191827144,0.0735977328,True,CLT052d
CLT052d-045-1,0.280295788667961,0.3735968065,0.38114871925834265,0.36618442832801495,0.3719351773281946,0.3738170621461032,0.27294460047049673,0.36322673207997447,0.0740788963,True,CLT052d
CLT052d-056-1,0.23400550259132577,0.4372328786,0.42261029469854594,0.45712816904555464,0.5053791199534161,0.4921434091260602,0.18477271530129682,0.4413035961239802,0.0913269833,True,CLT052d
CLT044d-001-2,0.6238607016841798,0.7737835137,0.7597006345878115,0.7744123284363047,0.7732984883647733,0.7686717720287316,0.605151627275459,0.7694509319588484,0.0813955736,True,CLT044d
CLT044d-002-1,0.7576431735297939,0.89976927,0.8899010158040231,0.8893704843860201,0.8980127531241606,0.8989479683210506,0.7453391206489538,0.8486950957225723,0.0735981309,True,CLT044d
CLT044d-006-1,0.48310437485134544,0.7307772125,0.6953217959463884,0.7367366198789117,0.7069538550317457,0.5887332368869894,0.4749478373046297,0.6730525042365241,0.076328049,True,CLT044d
CLT044d-006-2,0.2667709650669814,0.5776743117,0.5762307289423002,0.5994853971913191,0.5650219448170228,0.5954500194259963,0.25307862663151537,0.3249843458887693,0.0799559833,True,CLT044d
CLT044d-006-3,0.3332582169711187,0.6131836993,0.457954793581006,0.5375856360849612,0.5594188035055458,0.547932502659259,0.33995354647078024,0.4398104150180049,0.0743577531,True,CLT044d
CLT044d-006-4,0.25439604742024186,0.5733933949,0.5118664180183236,0.5294005539465743,0.522922766985313,0.526190430760296,0.23918346927745554,0.45595250241758933,0.0759941297,True,CLT044d
CLT044d-007-1,0.31488708481420785,0.430524083,0.4411839729589516,0.41044658124780214,0.168685746508202,0.13244563821840458,0.30058878354193924,0.3911047210308338,0.0770530831,True,CLT044d
CLT044d-009-1,0.3824434588147014,0.547045126,0.5002181823226655,0.5352965992598916,0.5335578337142165,0.5679739453870292,0.36299046398139845,0.47316007838781987,0.0749508542,True,CLT044d
CLT044d-009-2,0.1515047391051278,0.1913434284,0.17164138149899064,0.1679204018097768,0.10117739365341658,-0.012278353122722992,0.15219111693246204,0.1448829741078008,0.0724726329,False,CLT044d
CLT044d-010-1,0.3837631535509183,0.5418433167,0.5104442525349223,0.5465930218887203,0.5371275336505281,0.44524741539679724,0.3697901876262713,0.46864268200715453,0.0746576607,True,CLT044d
CLT044d-011-1,0.21706530529271337,0.3864717569,0.11353866808183548,0.09030470696841007,0.14957758169668084,0.08367916361140844,0.239912220564692,0.3359453893550273,0.0771422224,False,CLT044d
CLT044d-011-2,0.3223740258105234,0.566449687,0.52409423908989,0.4791203673924687,0.02046292897963744,0.24564142425894825,0.258792149421044,0.41075982244670006,0.0883595432,False,CLT044d
CLT044d-012-1,0.34670277735534444,0.5514065532,0.533578622564174,0.5294379735786785,0.518370810919932,0.5205365418375387,0.32908713887491353,0.4272276665349735,0.0780686603,True,CLT044d
CLT044d-012-2,0.37581868198790247,0.6734476928,0.6679376134155187,0.6797584940633854,0.6626772319604652,0.6231463794192477,0.3758112060793585,0.6321102395023864,0.0731316967,True,CLT044d
CLT044d-016-1,0.30604876795162794,0.5115839286,0.5364840786952433,0.5593396997799266,0.5152300268591907,0.18279531190558412,0.29855134135450795,0.31226882109081566,0.0716934743,True,CLT044d
CLT044d-016-2,0.4840088722584893,0.6890069462,0.6408016240021999,0.625739163868639,0.6610677894994387,0.6590680693729906,0.45961820573905154,0.4792784976755657,0.0775715376,True,CLT044d
CLT044d-017-1,0.29259751107760495,0.738084579,0.6054036822894996,0.6662947957135225,0.7043180764948361,0.7260611046635267,0.23213087862264772,0.48462932397070996,0.0787280113,True,CLT044d
CLT044d-018-1,0.958926519154274,0.9645544129999999,0.9521666888487804,0.9595126568534054,0.9612904612392019,0.9616891944644105,0.9545807943895394,0.9138362869439803,0.0780611,True,CLT044d
CLT044d-021-1,0.4483766582443679,0.6170257076,0.5972463151240209,0.6068686696600362,0.5578619409438336,0.6057682618687075,0.44430041704413953,0.5299558850785588,0.0782181826,True,CLT044d
CLT044d-025-1,0.38496055606272295,0.5882037156,0.5626695557474425,0.617602422397545,0.6181959387267434,0.5844840989682827,0.3945998614506849,0.5193587412697697,0.0799947274,True,CLT044d
CLT044d-025-2,0.5727754671566802,0.8225282983,0.7928735798174857,0.799726021606664,0.8120106163582369,0.8142495302951407,0.5404466000792753,0.7273359593901397,0.0775067457,True,CLT044d
CLT044d-027-1,0.319277670085085,0.5441062364,0.5173131183051923,0.5300364193093143,0.5458908942311261,0.5330821654644301,0.3118011289575185,0.3580029703322698,0.0750240552,True,CLT044d
CLT044d-028-1,0.5428199343419254,0.6930865638,0.6192925453944665,0.6374093404511966,0.63285366532796,0.6469706924416398,0.5327551741285834,0.5721194406201539,0.0785400605,True,CLT044d
CLT044d-029-1,0.6603230412011902,0.8708142423,0.8550936037407064,0.8575165198157866,0.86037087133061,0.8416966331031788,0.6472162224842803,0.789870827239343,0.0743417517,True,CLT044d
CLT044d-036-1,0.6231053306117379,0.776276541,0.7058989144511723,0.748009929336579,0.7534053535839756,0.7553508007489295,0.5761278805483877,0.6889195561903247,0.0724483461,True,CLT044d
CLT044d-038-1,0.5247878814352137,0.6709320191,0.6240703006138001,0.6500029964350765,0.6524454799813562,0.6690988208365235,0.5178918485507104,0.6068183168567521,0.0696786236,True,CLT044d
CLT044d-046-1,0.7050615912296188,0.8284553268000001,0.7923910146057502,0.8139440614274571,0.806922106193689,0.8150340687360942,0.6952740420375795,0.7899958475596277,0.0706111689,True,CLT044d
CLT044d-047-1,0.49415354356268876,0.6552910932,0.5341036912718111,0.619565966047717,0.6492117809463037,0.654803120602098,0.4832010341393806,0.5425251172645258,0.0827406502,True,CLT044d
CLT044d-049-1,0.43857277718443055,0.6853897349,0.6328182666247895,0.6498067160043431,0.6662445888209473,0.6628233248192537,0.427139524040616,0.6047745296489556,0.0761488384,True,CLT044d
CLT044d-052-1,0.6099990115580649,0.6892615273,0.6506434501357983,0.6643090431948091,0.6873253622438802,0.6800186520905886,0.6067299237482492,0.6348223625403356,0.0742202531,True,CLT044d
CLT044d-057-1,0.44426769451027676,0.6040833647,0.5645069451069741,0.5941974924782475,0.6099686220437281,0.5965948167840258,0.4227433671200125,0.5295936424059456,0.068517957,True,CLT044d
CLT044d-059-1,0.4920778774255734,0.6833603998,0.654239233344119,0.6765356868066152,0.6788896552919781,0.6918689660619236,0.4828654495271271,0.6107953973617621,0.07427059,True,CLT044d
CLT044d-060-1,0.5989191969369607,0.8026496124999999,0.755276114748124,0.7943850402615217,0.7943305543173951,0.8031119705184292,0.5688010285600311,0.6798596611236558,0.0700154623,True,CLT044d
CLT044d-061-1,0.682613080085634,0.7610847512,0.6733963990869177,0.7217881129462198,0.7516130750524523,0.7588865618535651,0.6764756399808766,0.7142144849353933,0.0818428761,True,CLT044d
CLT029c-003-1,0.7033332886247865,0.8114334568,0.7724942242847732,0.7793388398926671,0.7853533264647025,0.7897818626060445,0.7369236838185417,0.729834636094044,0.0817698092,True,CLT029c
CLT029c-012-1,0.5048994480023522,0.5480591003,0.5487677401606135,0.5405214888806652,0.5465251591932997,0.49886330013346414,0.49108842082117055,0.5183883332217257,0.0783810014,True,CLT029c
CLT029c-014-1,0.46704198454331536,0.7508597440999999,0.7135896951218047,0.7230969746743109,0.7195943015766041,0.7010378774779946,0.4563251856959368,0.6485652449490668,0.0808182179,True,CLT029c
CLT029c-016-1,0.6362172081024564,0.813094705,0.7863759333222495,0.7981466122322021,0.7974762498788687,0.7964617843434687,0.6273497911577,0.75945655653303,0.074239611,True,CLT029c
CLT029c-019-1,0.46505025281425344,0.4452331358,0.4226290510817227,0.455681842580979,0.5775290832712171,0.5612355776107334,0.3893375941976663,0.4568146375103479,0.0802280974,True,CLT029c
CLT029c-021-1,0.6585485715796627,0.7998385117,0.771175623836681,0.7835188894231533,0.7915686026353759,0.7946388904295058,0.6514600621187333,0.7445741142769933,0.0726196351,True,CLT029c
CLT029c-021-2,0.20845717541789863,0.3892891158,0.35595929151910727,0.059753676809696905,0.025829496862282083,0.027487220208679226,0.1760989180414756,0.2564411848562233,0.0758370784,False,CLT029c
CLT029c-024-1,0.4915239638949674,0.7348317141,0.6920655596819876,0.7103625598226101,0.7159259287449425,0.7210010024926004,0.4890443040907872,0.6768377623784092,0.076239168,True,CLT029c
CLT029c-028-1,0.6204423939680351,0.7009528942999999,0.6848651174010153,0.7036076382865366,0.7187865090210612,0.6747849838843404,0.6132870407091147,0.6615812910059329,0.0708269773,True,CLT029c
CLT029c-030-1,0.5732035041386652,0.7813010174999999,0.7428809420040847,0.7548857666119984,0.7677724916798314,0.7691929436362906,0.5488174468205088,0.713044413194727,0.0716174551,True,CLT029c
CLT029c-034-1,0.5474604342997508,0.8109523462,0.7564094708890939,0.7874815026554316,0.7924692870272275,0.7840278180221211,0.5502055238735839,0.6359154433882497,0.0841176603,True,CLT029c
CLT029c-037-1,0.8118447963560751,0.8914893209000001,0.8856449429207006,0.8887839079341754,0.8886860144190847,0.8877233793034934,0.8121694725795627,0.8629927038956455,0.0711066997,True,CLT029c
CLT029c-043-1,0.6968778991233926,0.8023327744,0.7503518304936297,0.7783635212623575,0.7854260338096676,0.7916617195924235,0.6942592212203814,0.7339238253477838,0.0705957853,True,CLT029c
CLT029c-049-1,0.5654640816373723,0.8137427392,0.7424804536568146,0.7575483244943251,0.7875787540773099,0.7962547442648988,0.5547704201859534,0.6959564601688278,0.0786196645,True,CLT029c
CLT029c-061-1,0.5177678598143474,0.7357632421000001,0.6906218132991881,0.7147105992924266,0.7217883833507813,0.7297394300815319,0.5059282152004786,0.6298554624275822,0.0749481337,True,CLT029c
CLT029c-061-2,0.37720504394634985,0.6672748335,0.5761946951473214,0.6266725414054902,0.6645332389672362,0.6776352785453451,0.3076977915708415,0.4961398419853002,0.0773198764,True,CLT029c
CLT029c-064-1,0.38662823403307645,0.5250607264,0.4274907015449507,0.4989447797004565,0.5012496764443021,0.5071544346312125,0.39475200995644544,0.4574327511834368,0.0699629592,True,CLT029c
LMD037a-A-046-1,0.030535396517728988,0.030241826699999995,0.032310908405951425,0.036425753780167124,0.02549966518405614,0.014251282029022283,0.04359514577690828,0.0274203699265588,0.0833398685,False,LMD037a
LMD037a-A-046-2,0.0654774068295886,0.0775884108,-0.07735293075322602,0.09495347164047273,-0.018764705921973598,-0.028664614719025754,0.0029269278730577235,-0.005580301054610204,0.0795031018,False,LMD037a
LMD037a-A-046-3,0.7146408836320093,0.7443008207,0.7921605382883706,0.8044366793098152,0.8007439627759624,0.8030252914444287,0.6960256615748892,0.7636681089227845,0.0748014244,True,LMD037a
LMD037a-A-048-1,0.05378163104915374,0.024486986299999996,0.04000407104922048,-0.02123892226398642,0.010330445711997985,0.031884861857420836,0.005568512111030865,0.05994347096521087,0.0731485092,False,LMD037a
LMD037a-A-048-2,0.33906254826986565,0.3300341594,0.06890927867689325,0.29655620906335095,0.363756075986372,0.3916666940640284,0.3084849454969629,0.28605684213956833,0.0727460409,False,LMD037a
LMD037a-A-048-3,0.07786004224709746,0.0384226356,-0.06856265021335406,-0.07640219051294943,-0.08219428206669754,0.04753764595709228,-0.07494556173324242,-0.04980627051562102,0.0607755994,False,LMD037a
LMD037a-A-049-1,0.22559842240288439,0.2070315455,0.04215695338861114,0.10262479649834283,-0.06284271255227335,0.21847335507919932,-0.08398156384514069,0.1654058374119584,0.0758665286,False,LMD037a
LMD037a-A-050-1,0.0718951246515487,0.0771272756,0.030656136491539684,0.016416570154787043,0.027005688515840218,0.06360970639322251,0.026579375860728324,0.008829738957172623,0.0510606584,False,LMD037a
LMD037a-A-051-1,0.0321519373381169,0.0349352374,-0.05185573429492113,-0.014064350610738902,-7.612784652541389e-06,0.032165244049741554,-0.01655630611719602,-0.0003236055647195166,0.0756512199,False,LMD037a
LMD037a-A-052-1,0.2680171094912268,0.0841806275,0.12277754965436466,0.17264793585683524,0.20777815428355975,0.24501250649110654,0.1771920173297983,0.1984927344391778,0.0771445591,False,LMD037a
LMD037a-A-053-1,0.04500916045467114,0.0455789047,0.025595498960035334,0.0638846014648318,0.05717985322813806,0.0593858368103971,0.06572408659994104,0.05654437548854759,0.07646229,False,LMD037a
LMD037a-A-054-1,0.14658204159392607,0.1411631594,0.12333151304534955,0.1479516200321841,0.1335081850677443,0.14407809757005588,0.14775404558187014,0.14729342682861885,0.0745139156,False,LMD037a
LMD037a-A-054-2,0.032347473286134555,0.0532406129,-0.06847376776574166,-0.05293201070535305,-0.11840727587118523,-0.02209800432513508,-0.10421896425196733,-0.05372060493651884,0.0592465825,False,LMD037a
LMD037a-A-055-1,0.051680787521153765,0.0371377058,0.03705983272886463,0.015600790618384382,0.05708999854092895,0.062064724302179276,0.06906628736546626,0.10379729533639383,0.073410992,False,LMD037a
LMD037a-A-056-1,0.08365563760766023,0.099563111,0.10659074213595347,0.1119094725609063,0.08930314313877871,0.11194002532845658,0.08820327845320199,0.10547008097849978,0.0767970606,False,LMD037a
LMD037a-A-056-2,0.0934833473163057,0.1186389295,0.07209816718503859,0.10860695318699065,0.12495988440236688,0.10416380826184281,0.11404777972999652,0.12389686233732002,0.0751976863,False,LMD037a
LMD037a-A-057-1,0.1351906357604039,0.1303580009,0.08530686692690774,0.08177799211470292,0.09543816218139588,0.10950159461619549,0.08966988379784721,0.055652857375027995,0.0736077649,False,LMD037a
LMD037a-A-058-1,0.040593085364030196,0.0536054506,-0.009603129764801864,0.02096147496704851,0.00697667378500173,-0.06913525424943964,0.011958679018376644,-0.04066667035733016,0.0796423638,False,LMD037a
LMD037a-A-058-2,0.08392888830960213,0.1253701193,-0.024623400051196162,-0.020657409871567927,0.05136993941206964,0.11138239484259412,-0.035289070285547675,0.008283028556064094,0.076772887,False,LMD037a
LMD037a-A-058-3,-0.022099009290395436,-0.0385315591,-0.039873556634831185,-0.0027590291187631006,-0.037837920518930514,-0.01842890871737893,-0.043259187706441646,-0.02084202489457799,0.0601857642,False,LMD037a
LMD037a-A-058-4,0.17880507940764814,0.173950367,0.1364687863442818,0.13262831872710293,0.0855460197315914,0.15384606681070398,0.1565718290993539,0.05549718394079809,0.0769056557,False,LMD037a
LMD037a-A-060-1,0.047161003303919515,0.0702821628,0.05644243749478652,0.033321288613613484,0.00541562697680745,0.01623063141236787,0.03303142624737609,0.040844295886726806,0.0824443366,False,LMD037a
LMD037a-A-061-1,0.20141250766983207,-0.0097194272,-0.10239606206598802,-0.038433757380706424,-0.09365112607123315,-0.05848190119125103,-0.09693059293502261,-0.01849791342664118,0.0680154697,False,LMD037a
LMD037a-A-061-2,0.028645426425444955,-0.0041408606,0.00605204638953485,-0.03465007509917379,-0.007328506052381888,-0.05516076211967055,-0.03714321695232902,-0.03191978291889888,0.0761729302,False,LMD037a
LMD037a-A-062-1,0.20218177571720608,0.1454591327,-0.08499625800956749,0.17039656011781604,-0.042904016129509004,0.15489722306433698,0.10423119027686978,0.03155577358262906,0.0695596933,False,LMD037a
LMD037a-A-065-1,0.10161199357748507,0.1081673696,0.08667064533595824,0.05959471909249009,0.07598843316078482,0.029162301448925697,0.09347884176739694,0.0940297826102848,0.0798877225,False,LMD037a
LMD037a-A-065-2,0.03825202006485804,0.0383049859,-0.0300976688843456,0.05123632673928588,0.04032749880579617,0.016950644359646445,0.0006936980416569748,0.010565698089656685,0.0860310799,False,LMD037a
LMD037a-A-065-3,0.14944610216267926,0.0590352936,0.06904715009028477,-0.07380801262189972,0.02659487353359958,0.03266610652590352,-0.02931672619314771,0.027419191515524653,0.0751019739,False,LMD037a
LMD037a-A-066-1,0.09159469725905796,0.1609424571,0.0067752287415176905,-0.02780129788368562,-0.030042866504326943,0.11365802407019587,-0.010315172188803444,0.16929646847644403,0.0788408639,False,LMD037a
LMD037a-A-066-2,-0.005845804701188158,0.0408086692,0.056938657006463944,0.060764425447681375,0.03487938561915945,0.05713133538062627,0.03818859195890336,0.06479860825213857,0.0802019228,False,LMD037a
LMD037a-A-066-3,0.11897929412638472,0.1438387594,0.1271234282108259,0.12790161418987714,0.03635664314507496,0.08340749835849819,0.10790286960774047,0.08540525853485838,0.0821690677,False,LMD037a
LMD037a-A-066-4,0.22224627297161134,0.2287927884,0.22883888703572258,0.2342373670651558,0.2136996780475211,0.20749388507458902,0.234113048556102,0.188096216679021,0.0778094097,False,LMD037a
LMD037a-A-067-1,0.1562281135527444,0.180456355,0.18821821959149512,0.136055731854832,0.1824787782990144,0.17708515277610792,0.15315064874081508,0.1579588926687419,0.0807536961,False,LMD037a
LMD037a-A-067-2,0.1502977473041422,0.0304918178,-0.04904597781309781,-0.027510635338582595,-0.02335297744125961,-0.02347012588514604,-0.03024516963703475,-0.026524639678682446,0.071520651,False,LMD037a
LMD037a-A-070-1,0.117949399850651,0.1642344138,-0.10748868714687777,0.11561863498650303,0.10134649574456556,-0.024117492887352487,0.05921734507117462,-0.0146088960544148,0.082106283,False,LMD037a
LMD037a-A-071-1,0.1533827574887732,0.1598941647,0.12230447436051918,0.1621826536973334,0.15939201397349967,0.15997842039586208,0.15586507163048233,0.14718516314598845,0.0679929148,False,LMD037a
LMD037a-A-073-1,0.28388292585127656,0.4275732082,0.3802827204902933,0.46375131311920037,0.4994217002386787,0.09395954090530244,0.2685331453159953,0.44746233771944993,0.0808133723,False,LMD037a
LMD037a-A-073-2,0.4028273265350233,0.3026799905,0.3239673700261136,0.3066103518360653,0.3388221575687993,0.3306174665186894,0.3051160563403086,0.23994957042300977,0.0787693165,False,LMD037a
LMD037a-A-073-3,0.32352055395071716,0.3680804205,0.34400773847091043,0.3782230880199481,0.36487008935478793,0.2926098383761844,0.312562964568228,0.37020502054807414,0.0768106289,True,LMD037a
LMD037a-A-073-4,0.20149118965771112,0.2169167011,-0.049390033688160286,0.18992750473570572,0.1721023294885425,0.13970581654949013,0.1865411258919718,0.15139667708535995,0.0770651307,False,LMD037a
LMD037a-A-074-1,0.39426754335149483,0.3630751507,0.33096842516888125,0.4004871687029465,0.4513982367494759,0.45732564356315436,0.2798667164878224,0.376370360170529,0.0723999531,True,LMD037a
LMD037a-A-074-2,0.14658221534764446,0.1630290004,0.08870979021161506,0.165513085623151,0.1507393286480516,0.1504456830758839,0.15478545378110908,0.15634111652044372,0.0755034979,False,LMD037a
LMD037a-A-075-1,0.2502043829295828,0.2422538016,0.2197513102250217,0.24231916558476546,0.22457723998338094,0.2293340225864876,0.2446485254502668,0.25004001677815146,0.0730222663,False,LMD037a
LMD037a-A-076-1,0.23268853400947948,0.2003414372,0.22071712989210554,0.22376369116745473,0.20727695824232584,-0.006095527827191202,0.20717224304221332,0.2015121092316216,0.0762544135,False,LMD037a
LMD037a-A-076-2,0.2550298503991249,0.3404418753,0.3620296075870215,0.40359917098755266,0.48054646446191035,0.03283819455385054,0.23847598200816533,0.4227085851916928,0.0827733391,False,LMD037a
LMD037a-A-076-3,0.19600949110091126,0.1961382157,-0.12564765252076715,0.021983001118729528,-0.19212560273422902,0.0018218607907734899,-0.09794766293556083,0.038918005241654896,0.0686391899,False,LMD037a
LMD037a-A-076-4,0.2865320785728541,0.2214662732,0.2113234739467784,0.16140022993459407,0.2655657104231626,0.274976484862665,0.1411344864906778,0.17866490433558974,0.0732074361,False,LMD037a
LMD037a-A-077-1,0.07457986913957816,0.0881124464,-0.034566982194620864,0.09511061002477171,0.08031650959019919,0.08719134231930965,0.13071329675746846,0.11458439979483173,0.0760019062,False,LMD037a
LMD037a-A-077-2,0.09289954276475898,0.127259484,0.09470369318865679,0.12184624952589848,0.11721335097312184,-0.0020361769070405874,0.07738994505885088,0.12550930103713492,0.0922378503,False,LMD037a
LMD037a-A-078-1,0.0880088375747277,0.0799280286,0.04881798261139415,0.09891412598021417,0.0886344968624966,0.13754346131482187,0.1021281805602719,0.12298806831746995,0.0838351493,False,LMD037a
LMD037a-A-079-1,0.349066436976825,0.3394992288,0.32333205565456813,0.3185026782150906,0.3520286295527641,0.4106648933260723,0.32684033292384057,0.3440179453796274,0.0816238575,True,LMD037a
LMD037a-A-079-2,0.10212837290869303,-0.0212653627,0.032436971190578465,-0.020581081321125367,-0.010343415919362754,0.0022182261724396145,-0.0009683454292745414,-0.0028658691140746803,0.0757276381,False,LMD037a
LMD037a-A-080-1,0.026098335935360383,0.0321940426,-0.04680917036137679,-0.03498389799829106,-0.005767392861905072,-0.041470887067773334,0.01986638599112094,0.019033866104202952,0.0772491333,False,LMD037a
LMD037a-A-081-1,0.2574863764809149,0.2507566924,0.18443519127462094,0.18632168673896857,0.20731553895702298,0.2774157861245869,0.22219054633807475,0.23711947782454354,0.0795035289,False,LMD037a
LMD037a-A-082-1,0.38106946214106935,0.3505518403,0.3602472448742479,0.3840577027662612,0.3962620805339851,0.45619127774295987,0.3491743941830984,0.3742634687542467,0.0778569334,True,LMD037a
LMD037a-A-083-1,0.49791207629896606,0.6450959148,0.6639822681074997,0.6724156181485589,0.6984426912863569,0.7662262735395254,0.4799843669382086,0.6725273217182607,0.0879135742,True,LMD037a
LMD037a-A-083-2,0.3485696635394338,0.4376403223,0.413735415930744,0.4509986234871374,0.48549113944970107,0.43743471869895617,0.32425467553925025,0.4666245027699628,0.0775516334,True,LMD037a
LMD037a-A-084-1,0.4687619723001777,0.5099324038,0.511609969800467,0.5272867064812227,0.5064630358516101,0.10244255272393026,0.4452217643695333,0.5314335958839348,0.0806417165,False,LMD037a
LMD037a-A-084-2,0.34319530325034986,0.4436127857,0.42972159003989563,0.4804396620308411,0.508772215881415,0.4710663599758011,0.3279887911585204,0.4991876475132527,0.0763154876,True,LMD037a
LMD037a-A-085-1,0.16140358103984526,0.1151037319,0.028115727704852517,0.11933512400346402,0.11561195334201108,0.14161695149659173,0.03276299954029477,0.04415780928474275,0.07440738,False,LMD037a
LMD037a-A-085-2,0.28688771788255485,0.3089973172,0.2536013561972441,0.36530187803576064,0.35333109373935423,0.3537068951456471,0.27395554320155846,0.3673239969685418,0.0709538109,True,LMD037a
LMD037a-A-086-1,0.5997302708852167,0.6409764153,0.6595779195862925,0.6754226394213664,0.6767657380686579,0.6103301655612476,0.5709979655176213,0.67529008927637,0.0831689447,True,LMD037a
LMD037a-A-088-1,0.23247464998510312,0.2664552443,0.2521733754170621,0.3326121795181666,0.10365577407132656,0.31614378307811897,0.21860189703410407,0.3554025175210761,0.0826073177,False,LMD037a
LMD037a-A-089-1,0.07211319579123258,0.0463732269,-0.036697109190122895,0.09743434745073594,0.07505834104262091,0.08085960370985294,0.06988197560136268,0.046892143971228234,0.0666429446,False,LMD037a
LMD037a-A-089-2,0.09924240595713019,0.11288752029999999,-0.03677224639837879,0.07792989364634736,-0.0020228440417021216,0.07100616077831078,0.006658389527131186,0.08183790469015086,0.0801253637,False,LMD037a
LMD037a-A-091-1,0.18971447114451256,0.2368801704,0.22619362002329182,0.2777020418577539,0.25474538884825293,0.2823325953779422,0.20410026638060633,0.2588408701658385,0.0834842396,False,LMD037a
LMD037a-A-091-2,0.2714941780286681,0.2577133553,0.18148254395531696,0.16732048386083642,0.22699371683126301,0.21043667234443733,0.1985135322863994,0.24689650991971038,0.0683149361,False,LMD037a
LMD037a-A-092-1,0.4093644957459714,0.4176181724,0.37292350312626543,0.3787218194989982,0.3716765109833584,0.43592861594859156,0.34290641910433695,0.33069397650920673,0.0774464789,True,LMD037a
LMD037a-A-092-2,0.24760828772240942,0.309669782,0.3458258882305591,0.38097575725466243,0.38004854155858464,0.4137089708455837,0.19081856339406866,0.2550827820249502,0.0759768297,False,LMD037a
LMD037a-A-093-1,0.14028355255247116,0.2340233945,0.21189665197373042,0.21762759735355214,0.2702760252163416,0.23697978074517834,0.05927061460296969,0.237551141253758,0.0775308374,False,LMD037a
LMD037a-A-094-1,0.11411367380391335,0.0305491783,0.01689599088884132,-0.052102642652549526,-0.05045719379319177,0.06555526797406934,-0.059496550953811976,-0.03727508359839242,0.0760537499,False,LMD037a
LMD037a-A-094-2,0.3980029650516336,0.5320953191,0.5170013257508392,0.5704824416024985,0.6106567622171308,0.6289389168354295,0.37829715277593895,0.565748639843365,0.0801819226,True,LMD037a
LMD037a-A-094-3,0.3603260651239748,0.3928318767,0.35965602646645717,0.39684012108804917,0.39787397942901503,0.3555451539626014,0.3089042444498441,0.3740226561972405,0.0765098765,True,LMD037a
LMD037a-A-096-1,0.5028009959172873,0.6136714059,0.5965548148711802,0.6224948069929264,0.6264208941464884,0.6120630734665763,0.4914830686307103,0.5889999489334674,0.0769869394,True,LMD037a
LMD037a-A-096-2,0.2796491200037717,0.3918775881,0.43672362199601783,0.504120097924286,0.45702819136484213,0.2950684846285792,0.2935797046111152,0.47994456210041864,0.0832204025,True,LMD037a
LMD037a-A-096-3,0.44845883941280124,0.468658449,0.39582413322121646,0.39813198269402694,0.5654397082934787,0.5065238802145945,0.4296400617436394,0.5609787290543206,0.0756043726,True,LMD037a
LMD037a-A-097-1,0.3083623206351973,0.4350555574,0.3886601561608241,0.48685380414043916,0.4909968259831385,0.5120638858583311,0.29091643070041984,0.48409580761293336,0.0858575943,True,LMD037a
LMD037a-A-097-2,0.40984161159558413,0.4742977921,0.48386557932428453,0.49935938966578397,0.505280496080276,0.5285137812755072,0.3145215617541202,0.4652930082294326,0.0741953815,True,LMD037a
LMD037a-A-097-3,0.17411697343734145,0.1728375742,-0.14843594795206233,0.13427186644381164,0.18749341390658086,0.03471872486444538,0.13595176771632075,0.2007825091864722,0.0784395084,False,LMD037a
LMD037a-A-097-4,0.21729244038805154,0.238606916,0.18144540918630417,0.23742803671638707,0.2949308373479648,0.3063578829780489,0.18817890427884115,0.22966970750437812,0.0877742807,False,LMD037a
LMD037a-A-097-5,0.31499805227962835,0.3638766053,0.33876287161705715,0.2991930612897926,0.3503829400457814,-0.01814352076756534,0.2914084817401036,0.35292166491264276,0.0771099693,False,LMD037a
LMD037a-A-099-1,0.3288315384524753,0.3122420166,0.2985446891947676,0.31963438809462374,0.341409276895487,0.36534902541823966,0.3151276872347911,0.3254285105927541,0.0745210069,True,LMD037a
LMD037a-A-100-1,0.1940784425748618,0.2113927138,0.048041578603598416,0.13932241816140264,0.05445171400305428,0.18310603196734201,-0.0058136923793572475,0.07757840204245696,0.0762427363,False,LMD037a
LMD037a-A-101-1,0.3718255340745717,0.3611974622,0.41464797419148625,0.4987746418424046,0.5269260541883644,0.5667755575551944,0.27889992520187035,0.4875344439335526,0.0749467244,True,LMD037a
LMD037a-A-101-2,0.21344771886974057,0.2412623946,0.22760626575893503,0.239676549116423,0.2550853482466657,0.11070388315231368,0.19843775259207092,0.24451818948262227,0.0796885643,False,LMD037a
LMD037a-A-102-1,0.3870572636004889,0.4044553835,0.3823843549037142,0.353262417601299,0.3748952464459524,0.21958125965817585,0.36403227014292283,0.3853868613159307,0.0820434674,False,LMD037a
LMD037a-A-102-2,0.4005067416725122,0.4534720039,0.41841134297283267,0.4678838478781164,0.3977562297858293,0.6441512020140188,0.27835857577944423,0.4375858100818268,0.0844189209,True,LMD037a
LMD037a-A-103-1,0.260098554847118,0.2925308385,0.2237108557495009,0.31040297097458397,0.23036054797230066,0.30818722986880204,0.24496932273737818,0.27157328256121616,0.0695438542,False,LMD037a
LMD037a-A-104-1,0.36651394269369136,0.4747746818,0.5556905110252935,0.6487364533764358,0.44520366411716966,0.237479688890465,0.4045694479981354,0.5834273029822344,0.0842081072,True,LMD037a
LMD037a-A-104-2,0.30689669557374555,0.2879454076,0.281704310307029,0.289459193209925,0.2622408093252548,0.2718973690057288,0.28414526629857556,0.2411124297134965,0.0704816718,True,LMD037a
LMD037a-A-104-3,0.3314571660045004,0.3355319071,0.3361170072224769,0.382374123093469,0.4120350041368842,0.35002528573208863,0.3026513025381207,0.30722512971622307,0.0711304048,True,LMD037a
LMD037a-A-105-1,0.30051055340276733,0.2726679419,0.2808980755310745,0.22476564364772464,0.301825608820904,0.3045899349921992,0.2279573250955953,0.2919395411844352,0.0773429175,False,LMD037a
LMD037a-A-105-2,0.39475142908154315,0.4203618898,0.3570418051015318,0.422507657282931,0.4515017249360675,0.4871995637827139,0.30644244678264787,0.42530439247713503,0.0744894207,True,LMD037a
LMD037a-A-105-3,0.4874759174112935,0.6164794456,0.6493844635704012,0.6771348282103785,0.6690402361411878,0.3579860849952628,0.4398146231550125,0.633957172806684,0.0888412935,True,LMD037a
LMD037a-A-107-1,0.29421746181204567,0.3605924287,0.35004980364263016,0.4095129145140835,0.4158368143829707,0.47797349213313284,0.26205159665419014,0.38596986210448125,0.0750303896,True,LMD037a
LMD037a-A-107-2,0.4602653415926616,0.3775739392,0.3753036919962599,0.4309876829593367,0.4355233220889909,0.43049617037694154,0.40833015525566313,0.3912723760759025,0.0801878737,True,LMD037a
LMD037a-A-108-1,0.27995306462551284,0.21980449020000004,0.20623404915927152,0.22019270380868583,0.20453923038304245,0.20120578751423607,0.20767608381862193,0.21933497708882102,0.07574102,False,LMD037a
LMD037a-A-108-2,0.37127332123290885,0.1632038522,0.20618187439518415,0.17926844365027975,0.2344815520342711,0.30712912788463653,0.2313564310738184,0.17735901238337368,0.0732785243,False,LMD037a
LMD037a-A-108-3,0.18990132126916656,0.1042998228,0.0804241204799099,0.1736731707954943,0.18829978488245946,0.19109860205236287,0.14754505135022133,0.12701044747721343,0.0769390031,False,LMD037a
LMD037a-A-108-4,0.4053691159641557,0.3018714634,0.33243597391639673,0.362007510045367,0.3774348531763782,0.08845307758309236,0.35723246614028925,0.3769857428604238,0.0777152945,False,LMD037a
LMD037a-A-108-5,0.04932434560932704,-0.0331313059,0.022174314046439377,-0.002579387491362142,0.03089790457795765,-0.002014927054709508,0.011362710686516809,0.015660922895917747,0.0759084417,False,LMD037a
LMD037a-A-109-1,0.566662793361739,0.6551645384,0.6376068066351265,0.6438773640578853,0.6380465909063749,0.6886618694889072,0.5162578643001242,0.6387385961152634,0.0735523776,True,LMD037a
LMD037a-A-109-2,0.29312369387399995,0.4046180266,0.39921970157269304,0.482224873542194,0.5071106151448014,0.533557618529737,0.3428469196456427,0.4830046326776817,0.0708597647,True,LMD037a
LMD037a-A-110-1,0.13695248113769284,0.1245856284,0.061171482048115566,0.13893544264788066,0.1487085585637834,0.10341310978490088,0.1348263205721156,0.13430686240811707,0.0755191766,False,LMD037a
LMD037a-A-110-2,0.14785256534258043,0.1150535274,0.09441019789578774,0.08117583969878904,0.11196464027209777,0.13143510383904816,-0.0161670193976095,0.09262767134431092,0.0748816701,False,LMD037a
LMD037a-A-111-1,0.11009162599608777,0.0744014871,0.040606477405983284,0.053973336253326884,0.06042206064575261,0.10506298170463908,0.05932280555589831,0.05650103713839496,0.0715407661,False,LMD037a
LMD037a-A-111-2,0.3974412408976634,0.3417671831,0.3345618748877997,0.3578338333934815,0.32905890772445706,0.33618696543608007,0.3518963379276217,0.35216792885537523,0.0724269251,True,LMD037a
LMD037a-A-113-1,0.14279420184239208,0.11248773540000001,-0.03463100702089978,0.1280832544996447,0.10446819667224279,0.15848743203830595,0.10428278517334902,0.10953386231327346,0.0811159645,False,LMD037a
LMD037a-A-115-1,0.15935685076529676,0.1672361535,0.1997606550155457,0.20030494483924588,0.19240212065602774,0.19931460759291955,0.1756734866274488,0.16018153097398366,0.0769470902,False,LMD037a
LMD037a-A-118-1,0.14830579863956292,0.0336859361,0.019188051839307965,0.04114577305875901,0.02937939879951771,0.0424754241426488,0.04484980878981128,0.037562529450239336,0.0746533619,False,LMD037a
LMD037a-A-118-2,0.03773548901303356,0.0082095308,0.039717637956429484,0.31742905093971074,-0.06690233620184477,0.042636308853203735,-0.07573790380587857,-0.01928877649056413,0.092156393,False,LMD037a
LMD037a-A-118-3,0.10808636446096054,0.1413095062,0.06050072165995182,0.10768581061795479,0.13968840520797549,0.14321414447521738,0.13886727237227875,0.13253476126799868,0.0739576259,False,LMD037a
LMD037a-A-119-1,0.22094917467517897,0.259578275,0.23697276712176782,0.22576023668422857,0.21925224970299478,0.22303523834660663,0.21522446154858824,0.20786312330062462,0.0842222302,False,LMD037a
LMD037a-A-119-2,0.09640221861034988,0.0673522524,0.07859949157004548,0.1096914338480835,0.07198971224521229,0.040386810411371085,0.05529821758263081,0.01152559945532681,0.0663443278,False,LMD037a
LMD037a-A-120-1,0.16588275585442527,0.1255460755,0.13882629050195452,0.14204825571201457,0.1611976659510077,0.17568020266188064,0.14165211482652357,0.13941909732218938,0.0732195381,False,LMD037a
LMD037a-A-121-1,0.049567553037649995,0.0542810148,-0.026404723175982924,0.002936882977205464,0.11504912498370715,-0.07071561315638517,-0.005731154521186663,0.0491819733991418,0.0818645056,False,LMD037a
LMD037a-A-122-1,0.1331752194437797,0.0868399981,0.09520855579528374,0.09847852745445729,0.10042691199008698,0.12009076246764341,0.11562673118042471,0.0928854170256741,0.0769103524,False,LMD037a
LMD037a-A-122-2,0.3787460136323585,0.4229049437,0.3627959993803215,0.37923134039037054,0.4581497483470582,0.35964761605125556,0.32988080422742805,0.44116312318230677,0.0780131957,True,LMD037a
LMD037a-A-122-3,0.31448605449908873,0.3961387103,0.3063129999453987,0.3332364851100362,0.3652275336255954,0.34804483128707375,0.29258450636918865,0.3925526704031053,0.0747214253,True,LMD037a
LMD037a-A-123-1,0.2405198768282578,0.2188678107,0.22876705504632083,0.16104627497055007,0.2006236443781551,0.2193020536433876,0.21499033319487415,0.23531954189803414,0.0769146001,False,LMD037a
LMD037a-A-123-2,0.04701025538560186,0.0271164523,0.010607380524590466,-0.0018986136860558906,0.020358851062491364,0.025749513129953733,0.02080349426012367,0.006457028769315026,0.0693456985,False,LMD037a
LMD037a-A-123-3,0.13747500169163057,0.1335753367,-0.14156199398852873,0.13936892784728344,-0.03906698968899875,0.12233272677219778,0.1236835135495869,0.11379046761150088,0.0728035845,False,LMD037a
LMD037a-A-123-4,0.1078207625635018,0.0218161481,-0.00811213377346014,0.009274795847109961,0.03803961374334663,0.07183791386672432,-0.01742543912974628,0.056784223824787636,0.0741254034,False,LMD037a
LMD037a-A-124-1,0.32250853398707696,0.2817205774,-0.051556035578615066,-0.002632461798023948,0.1833247572815905,0.19572326300858753,0.2287003673226337,0.2448748187468057,0.0769900365,False,LMD037a
LMD037a-A-125-1,0.050573637545303404,0.1248899632,0.049598097085404275,0.10065310168508373,0.0904338161123032,0.1412328643497172,0.09780118758258793,0.09652781024217141,0.0720157206,False,LMD037a
LMD037a-A-125-2,0.11700143965552022,0.1586317759,-0.005081693141411511,0.5801109479781024,0.17453209308807668,-0.004097731733886198,0.17806941454300804,0.2268913325976267,0.0893423825,False,LMD037a
LMD037a-A-127-1,0.11889832602984218,0.110605538,0.11339659246879616,0.08245436406828505,0.13514319535121244,0.15535860609548505,0.1184877105550515,0.11220905346450753,0.0681082413,False,LMD037a
LMD037a-A-128-1,0.3260756429426894,0.3732947969,0.37835995341226225,0.3785227646633047,0.36215721390605504,0.3792788382055128,0.3591000420860439,0.34194658218340457,0.0763264872,True,LMD037a
LMD037a-A-129-1,0.19906916377174452,0.192918563,-0.15390953272506983,0.22953321378970007,-0.11912621341943365,0.15353629111832176,0.03448141446599481,0.17167434824881478,0.0783645258,False,LMD037a
LMD037a-A-130-1,0.3907669279551651,0.3749104066,0.2956305404217222,0.344729603257558,0.36715746287655543,0.41361886707603907,0.3389128154829375,0.3522330047466736,0.0782203317,True,LMD037a
LMD037a-A-130-2,0.08423562998728099,0.0961112365,-0.06624236626005232,-0.0843244156892677,0.09105325721109801,0.0713664673806693,0.06827570865314449,0.0011143886453818014,0.0759477828,False,LMD037a
LMD037a-A-131-1,0.08497157743514981,0.0655898286,-0.06707402713485083,0.12700770410891438,0.031506924477005066,0.024610698411351262,0.0959868923345569,0.02772540828767578,0.0740553942,False,LMD037a
LMD037a-A-133-1,0.10077088436695661,0.137020514,0.12776219626915272,0.12242199518745984,0.13087448468560367,0.14699674023992992,0.1179877879495825,0.10338747098315595,0.0730647429,False,LMD037a
LMD037a-A-133-2,0.03600355934092561,0.0345472055,0.0226544259431962,0.02640365970115542,0.025019075295454864,0.019865213663511346,0.033778934452207414,0.056167791787727295,0.0635636606,False,LMD037a
LMD037a-A-133-3,0.09122002544501519,0.0168202967,0.02612653925826097,0.06206020475577836,0.023026645232826153,0.1022017570816136,0.03024358048398334,-0.0020964681444328717,0.0791439566,False,LMD037a
LMD037a-A-134-1,0.07034586175101498,0.0542988615,0.05658489448673476,0.06730859428208291,0.05094998549660483,0.06123501643849004,0.04743738292174029,0.0932095942434918,0.08261364,False,LMD037a
LMD037a-A-134-2,0.16307484283691953,0.1897455661,0.14831342396989847,0.15902381393607942,0.1252687618931754,0.15287154322286217,0.1685098537755537,0.20069689434335963,0.0773707361,False,LMD037a
LMD037a-A-134-3,0.08771636714329974,0.0835515037,0.062229749740507795,0.0673696006639982,0.0674800724267209,0.06885559472429989,0.07507560801706466,0.06259700583322529,0.0793445552,False,LMD037a
LMD037a-A-137-1,0.14823345317088282,0.1756762964,0.12742873708997923,0.09979068684908865,0.02608968029841945,0.046963498076761284,-0.025668503355003876,-0.012569268807710336,0.0766843936,False,LMD037a
LMD037a-A-137-2,0.017452736016856985,0.0268211363,-0.004398235171407403,0.014348673411176209,0.004420346299710646,-0.008669055209856303,0.010508794423342245,0.042552337731317176,0.060896665,False,LMD037a
LMD037a-A-138-1,0.1998864475962366,0.0970302413,0.08594358463661073,0.05402658099007444,0.06980253094174052,0.1345960557248687,0.06931045588212034,0.038954213308374216,0.068964881,False,LMD037a
LMD037a-A-138-2,0.10792102669586262,0.0830484987,0.07667408682686516,0.10194495243797042,-0.04592496112831593,0.10649261214636895,0.004902523426017594,0.07863273941793282,0.0773136121,False,LMD037a
LMD037a-A-138-3,0.12424339069949242,0.0164247598,0.032736461893804795,-0.06952871362050393,-0.0068188023594716995,0.045001530043893644,-0.04026322849002498,-0.07427501623772148,0.0690326508,False,LMD037a
LMD037a-A-139-1,0.23715320288939848,0.1909544493,-0.10532741181413005,0.1885884456919276,0.11902267339267635,0.16182528183399442,0.13687142731351612,0.16687900400354078,0.0716397634,False,LMD037a
LMD037a-A-141-1,0.07310147447040301,0.1068217215,-0.10325948057082443,-0.06581814683192795,-0.11150884356460589,-0.10138185308018074,-0.10644054672350169,0.008158464413986263,0.0940533179,False,LMD037a
LMD037a-A-141-2,0.025095741991441982,0.0451282548,0.047486073118171414,0.028850976910623955,0.04930268755059186,0.007899536812681669,0.04443509594139216,0.013439874844302242,0.0739614722,False,LMD037a
LMD037a-A-142-1,0.24336525754388338,0.2519418162,0.2505344657041025,0.269294097315263,0.2563499249005973,0.2790628631090497,0.24521192606043427,0.24507500175386254,0.0787002461,False,LMD037a
LMD037a-A-142-2,0.011226920768879663,-0.0105419744,-0.03583809328347589,-0.006036712147072764,-0.02726017495889756,-0.02656567310073489,-0.023308733294934707,-0.0029112037163245862,0.076080141,False,LMD037a
LMD037a-A-143-1,-0.022106986207452373,-0.0349489288,-0.002941339171735652,-0.04270499003568131,0.007003620131241515,-0.028117067052953058,0.0007070840718330936,0.00884370959077407,0.0872425104,False,LMD037a
LMD037a-A-144-1,0.23344001682250737,0.2184878094,0.2088342190640884,0.20220552549746457,0.2005226492994965,0.20161590123148423,0.1952383272163648,0.21268833656819622,0.0754575985,False,LMD037a
LMD037a-A-144-2,0.28133288446851334,0.285922428,0.3500741597635087,0.5008756251045294,0.06021167358208023,0.20019833625251457,0.36604065298126004,0.4463763596052986,0.0864180769,False,LMD037a
LMD037a-A-146-1,0.07768345110382718,0.065834518,0.05661253393766261,0.07347995341586588,0.07857374863085514,0.08196081128213076,0.07701786869637683,0.07053479931105684,0.0722185138,False,LMD037a
LMD037a-A-147-1,0.23262508092573395,0.2824479092,-0.13624178833855335,0.12089931633062147,0.066391196552312,0.24329912840228846,0.11674274272561973,0.19565994893221939,0.0725477631,False,LMD037a
LMD037a-A-147-2,0.08125933186890516,0.019583085699999996,-0.017137643704020187,0.053923302461686126,0.013819039116669287,-0.02298006598692087,0.010268526751327427,0.0954141821873812,0.0782120916,False,LMD037a
LMD037a-A-148-1,0.4157234505744051,0.4683729904,0.4073005110879748,0.4261910812988386,0.4417203239932454,0.42007763490950756,0.32035595589348465,0.42596035158171125,0.0761353062,True,LMD037a
LMD037a-A-149-1,0.1916621973026412,0.1719042413,0.14560805966633628,0.11765905028893288,0.18513637021452098,0.18434991650101176,0.1326586576602571,0.13755576326343422,0.0754001451,False,LMD037a
LMD037a-A-149-2,0.12493394460996612,0.1138360661,0.10845777324043536,0.09449981815073127,0.10779953050533783,0.09972455235184492,0.1032396038086827,0.08871884596700516,0.0677759263,False,LMD037a
LMD037a-A-149-3,0.24934539449270782,0.2594290047,0.1982095592731294,0.1621250854353869,0.11610452309718015,0.17334463201383976,0.23826733312718779,0.08640913003276213,0.0770137099,False,LMD037a
LMD037a-A-150-1,0.1485110081507028,0.1649996798,0.16530837888537467,0.17197079651224959,0.14672999103935838,0.15832789727986094,0.1600666632399405,0.08510489454510835,0.081226982,False,LMD037a
LMD037a-A-151-1,0.06262749356801507,0.0437017822,0.01135947141873988,0.036525300419685526,0.03506504483664456,0.052357774003813674,0.03510591951805607,0.03772668947744827,0.0651456316,False,LMD037a
LMD037a-A-151-2,0.06276696440592341,0.0836630821,-0.026421940519672536,-0.055298158084184174,-0.09372786951687334,0.016974989329178698,-0.08055689965591828,0.1287269318118109,0.0805493424,False,LMD037a
LMD037a-A-152-1,0.1428420106339654,0.1714591171,0.13978505701391897,0.14074544494736216,0.15121135962479942,0.1783049539956755,0.15001735186114418,0.1447261221950737,0.0774747171,False,LMD037a
LMD037a-A-152-2,0.05138033739501656,0.0810472411,0.033821161119938235,0.03941155522925343,0.0040366332436576665,0.0761919222965389,0.020252863308504575,0.037142728083334665,0.0755686119,False,LMD037a
LMD037a-A-152-3,0.15579899827056481,0.0987448353,0.041224025333251556,0.03972314757155131,0.031779965661980804,0.02428768623799924,0.02569885762566646,0.03638004288580877,0.068173531,False,LMD037a
LMD037a-A-153-1,0.1318553400221557,0.0903133953,0.06287895191373381,0.04771548491540499,0.048522629657417354,0.10869518445175737,0.054722307035675564,-0.0006987218475433761,0.076792879,False,LMD037a
LMD037a-A-153-2,0.19777008754652065,0.1846558981,0.07806500110220423,0.12772211894097607,0.11533356679564512,0.20886485977072275,0.09949477465574015,0.10556137488844697,0.0742007431,False,LMD037a
LMD037a-A-153-3,0.16683340208627268,0.1795169515,0.14751037765464187,0.14616361294130464,0.16041788457519301,0.1284312870728062,0.16234321061022225,0.1910275010258751,0.083077199,False,LMD037a
LMD037a-A-154-1,0.1911958579745639,0.1762146226,0.17650752776444695,0.17835545043465229,0.18497760068194843,0.1923633352485386,0.17813849340497517,0.14853485889794305,0.0791640096,False,LMD037a
LMD037a-A-154-2,0.3119141992616418,0.3105526906,0.3192246588989206,0.3679928770821821,0.3837046127092545,0.35357805615298027,0.3146506682778808,0.36435852936163554,0.0704878711,True,LMD037a
LMD037a-A-155-1,0.2534671561893082,0.167550729,0.2424349620063505,0.23806033989035724,0.21436331513559295,0.23743051526677464,0.1755853236316899,0.18771716424783713,0.0856930896,False,LMD037a
LMD037a-A-155-2,0.11586165691512075,0.0573428712,-0.02769390620843925,-0.01741566846851839,-0.0395638508808442,0.06721414145979356,0.07480263441018747,-0.0064948527507055044,0.0813728137,False,LMD037a
LMD037a-A-157-1,0.0986237270676939,0.0692879048,0.040127038027201634,0.021251026693426576,0.049690280657535564,0.08970855684338955,0.05235338926105994,0.0535707397863613,0.0724657717,False,LMD037a
LMD037a-A-158-1,0.16550151293505033,0.2432346885,0.21792491241288675,0.28944513167970093,0.30307881371758577,0.2806497493842163,0.07137878638374541,0.22956539184221536,0.0798836497,False,LMD037a
LMD037a-A-158-2,0.4088196150428038,0.3993614761,0.4256236103952965,0.4249640080267514,0.43275527827200344,0.4741982030323572,0.2904500009269872,0.40267736865099574,0.0761452143,True,LMD037a
LMD037a-A-158-3,0.13357139701486134,0.1012634118,0.12668437344945024,0.08695280670198044,0.10798449236840334,0.08103570411624798,0.09321459856735947,0.07895331390440527,0.0799046642,False,LMD037a
LMD037a-A-159-1,0.03777509441987938,0.0977276537,0.022258252744316503,0.05937741945624589,0.031942623146843416,0.07642169108778474,0.0013077262842063077,0.050425808431227986,0.0715566679,False,LMD037a
LMD045a-A-177-1,0.04705587638635385,0.026229616600000002,0.004013106597064295,-0.004005800660127943,0.02136261352502334,0.0027760023814138585,-0.04346483669089316,0.004875269059306249,0.074628122,False,LMD045a
LMD045a-A-185-1,0.0152508365542496,-0.0271572846,-0.017448462070251365,0.01577942327176354,-0.0276836609396811,0.038743369265380315,0.011054263661381965,0.03036322475905193,0.074838642,False,LMD045a
LMD037a-A-160-1,0.2373097563352801,0.2310847313,-0.020705670105137016,0.2200460126232447,0.2125783215676525,0.2729469556234614,0.20209048979600394,0.24873223558049842,0.0738258487,False,LMD037a
LMD045a-A-189-1,0.09823366200906393,0.0964723487,0.11755229473413542,0.1302080108883486,0.13437768319932367,0.10900358048343392,0.13283781981797493,0.06716860819112831,0.0716690989,False,LMD045a
LMD037a-A-161-1,0.11270612678110907,0.1275159572,0.024811037039774896,0.11977169638975405,-0.03815747558628931,0.12837964211460873,0.07447509094305732,0.12669039636110918,0.0882662135,False,LMD037a
LMD045a-A-193-1,0.025800660670911295,0.0160496818,-0.016373021178622903,-0.023895872079683328,-0.01624868330905208,-0.01729472460089641,0.01811248401427741,-0.0036914847170231783,0.0721625378,False,LMD045a
LMD037a-A-161-2,0.3400861585819127,0.3236217181,0.22392634397115269,0.2529303469760749,0.25008053273985514,0.33421578338954105,0.14748955708584546,0.2041753491376094,0.0676637257,False,LMD037a
LMD045a-A-202-1,-0.015210374647205458,-0.002997573,0.007855886978876493,0.015749424910346494,0.026316927320337618,0.04904206254661532,0.020884534942530376,0.020182924092498805,0.0733570344,False,LMD045a
LMD037a-A-162-1,0.16904043023022944,0.107619543,0.11830878198446192,0.12211994158448848,0.14313475052324498,0.20109431570296102,0.12115835025786563,0.14613884229274277,0.0773762185,False,LMD037a
LMD045a-A-229-1,0.21064133884488065,0.22887379320000004,0.2080644374089055,0.23142606190967774,0.21541036611935774,0.2434623554730614,0.22450956465602612,0.23333862399994504,0.0705251641,True,LMD045a
LMD037a-A-162-2,0.44474939180831274,0.559529655,0.5487750548234331,0.617853817817563,0.619080519693552,0.6344542224004995,0.3361724227234032,0.5765745715378703,0.0820999562,True,LMD037a
LMD045a-A-242-1,0.23036940263333022,0.3342893931,0.18091567641734255,0.2988625372760532,0.26146330349780417,0.3489671000732297,0.17464077871235892,0.2944243220993924,0.0728310451,True,LMD045a
LMD037a-A-164-1,-0.025440667191488877,-0.0236469519,-0.018984314940024612,-0.01784334748761326,-0.05694354184282585,-0.02580398388867368,-0.0535134177924395,-0.03607393582098121,0.0574980969,False,LMD037a
LMD045a-A-250-1,0.08688363607961759,0.10149583800000002,-0.05722139159335503,0.029244140750665074,0.08524395820429076,0.09424339574126471,0.06563853399637334,0.048299879868286905,0.070843607,False,LMD045a
LMD037a-A-166-1,0.18695786176712115,0.1919979172,0.14513168967015624,0.18025746186632394,0.18721282171156123,0.17332720932229326,0.16965641824286073,0.15487930495939634,0.0715642783,False,LMD037a
LMD045a-A-252-1,0.3726616970874129,0.4475248030000001,0.4514880398866927,0.5189542930819295,0.5062664655046872,0.5686460252003763,0.2838824833847905,0.3876892770514106,0.0779471032,True,LMD045a
LMD037a-A-168-1,0.12104992406901029,0.1420221877,0.14592184752696408,0.15623902291760108,0.13514628153522323,0.13322907818957339,0.10978018260211264,0.1713950150705185,0.0768809011,False,LMD037a
LMD045a-A-256-1,0.10482964092148576,0.1461250416,0.07756202404786036,0.1469682873369324,0.15210505586732306,0.1400002550118124,0.13562283024336041,0.128614095792807,0.0711839442,False,LMD045a
LMD037a-A-168-2,0.322495625068577,0.1995007575,0.024724272976194984,0.04614370914150519,0.08775701478844936,0.25634506148731867,0.07752969059895237,0.15760575552781722,0.072927808,False,LMD037a
LMD045a-A-256-2,0.2953396182736645,0.3244852869,0.26669798498318176,0.2991262894430916,0.307631577394251,0.32290356625692535,0.31156503145147146,0.3119912198395496,0.0677913523,True,LMD045a
LMD037a-A-169-1,0.21204167405369692,0.2889202989,0.24798575191267871,0.2568028933913676,0.24167696884210493,-0.004645988056149759,0.22063669871353844,0.2538223898491239,0.0868204886,False,LMD037a
LMD045a-A-260-1,0.16226257649498083,0.19365847730000002,0.08461472554735054,0.14437946553592595,0.1671740138604513,0.22113477257749034,0.1321531230288723,0.18603599660263442,0.0753100987,False,LMD045a
LMD037a-A-169-2,0.12372409772880809,0.205820792,0.13320619315998367,0.22498382714686235,0.21653218536072388,0.22612092188848676,0.10636069381427332,0.17178675086487752,0.0806299446,False,LMD037a
LMD045a-A-260-2,0.5465887086894974,0.6207745728,0.41592227340822685,0.4967074993779703,0.544283863115397,0.5695927637801899,0.4460515944157093,0.4935757952062957,0.076569642,True,LMD045a
LMD037a-A-170-1,0.2828313874614479,0.3231455281,-0.09425016059032874,0.253879873094878,0.2921822011683685,0.23557521136936993,0.1533085323211709,0.20620623988715578,0.08594744,False,LMD037a
LMD045a-A-260-3,0.6992497601904286,0.7380846218,0.7434397350234462,0.7600481308011252,0.7514649457545111,0.755780395650107,0.7024934184516486,0.7449004371639681,0.0735104552,True,LMD045a
LMD037a-A-170-2,0.34402402411363237,0.44149035949999993,0.4955195444519796,0.6219586409557112,0.26744501976144697,0.18360907747309343,0.35778810498465174,0.5723898203593262,0.0791940101,True,LMD037a
LMD045a-A-266-1,0.6522776249641847,0.6952502798,0.6452558693096008,0.640823923888095,0.6742011519337351,0.6763522329901129,0.6302625334702531,0.6349308143145275,0.0745826498,True,LMD045a
LMD037a-A-170-3,0.26447867310576884,0.2478000093,0.36795661165282767,0.4036349126240092,0.40422259734148314,0.1199364911285823,0.24927910179315454,0.3987934756211988,0.082400661,False,LMD037a
LMD045a-A-266-2,0.3184920836275882,0.3650937723,0.19230271971811613,0.2827840022073016,0.33090069830600316,0.3585678301464003,0.24379989451884643,0.28755302918893455,0.0710327723,True,LMD045a
LMD037a-A-172-1,0.06678557984441866,0.0462029961,0.05910677199354807,0.06905149672630553,0.05471536856371046,0.06142413295346404,0.06573901158600709,0.03136905152547852,0.0809595897,False,LMD037a
LMD045a-A-268-1,0.2489174322160404,0.2969684184,0.2802970801189216,0.2719769268451923,0.2865735332917172,0.2963565069962276,0.25592313813254164,0.2654797242698737,0.0753050626,True,LMD045a
LMD037a-A-174-1,0.19659259333108065,0.32533214699999996,0.3408760749849445,0.36941069013204403,0.3284936476615097,0.018863244096454325,0.16697793501451216,0.3412657215636317,0.0837695816,False,LMD037a
LMD045a-A-268-2,0.29704235643307053,0.3338751684,0.23677728869045223,0.26318477088711345,0.30508127513237165,0.338202288995419,0.24954606349182726,0.2963775257195261,0.0802065019,True,LMD045a
LMD037a-A-175-1,0.13396672889290104,0.0794597047,0.05211256304987267,0.09219930956815428,0.04028823649654494,0.07344606468429067,0.025458087259329423,0.04952470974438625,0.076999418,False,LMD037a
LMD045a-A-268-3,0.31366695278927237,0.35644232039999996,0.26104809663705564,0.32564966475979723,0.3472071216211905,0.327692467922555,0.2884325773773825,0.31133665690261525,0.0807155563,True,LMD045a
LMD037a-A-180-1,0.13577926330751788,0.1409725021,0.10569702202608809,0.09873116510973787,0.1223638908358094,0.14549186306318188,0.11270080039232343,0.13767144863720687,0.0698061499,False,LMD037a
LMD045a-A-269-1,0.3223295644905992,0.3649394047,0.15799401359077903,0.32948746203673157,0.3435914194373536,0.33941270210446606,0.31228724916602163,0.31563373569757075,0.0748136077,False,LMD045a
LMD037a-A-184-1,0.16177374681174506,0.0654337969,0.09901200460487539,0.11253508200648306,0.12388740506306253,0.16673348209147335,0.04917413749938987,0.11724098886976628,0.0764718988,False,LMD037a
LMD045a-A-270-1,0.7155768122726319,0.7370475259,0.7110166956397335,0.7405714002975277,0.7418427996142933,0.7391849104609554,0.7082844472529422,0.7134148358137212,0.0756435828,True,LMD045a
LMD045a-A-272-1,0.5189497597444687,0.6293040198,0.5991753145630615,0.6327453554632091,0.6201611112605842,0.6378833455888956,0.4681621500048173,0.5414146560353597,0.0751725321,True,LMD045a
LMD037a-A-187-1,0.32460942683750077,0.0857287623,0.16507895886155857,0.1724669333247843,0.20514888839478373,0.27993677608532186,0.13685291425407795,0.12431313796022099,0.0713055216,False,LMD037a
LMD045a-A-272-2,0.3962626934846306,0.417061895,0.38314732881922575,0.34925575317100893,0.41681054292537295,0.4518447920839291,0.3387279140399662,0.3601149437620189,0.067066347,True,LMD045a
LMD037a-A-187-2,0.19692945501060663,0.1588765154,0.126168374014171,0.18913054828927253,0.10121236685840823,0.24226721688693725,0.09963532967426905,0.131691383485477,0.0656898048,False,LMD037a
LMD045a-A-273-1,0.16191186471937843,0.1472226701,0.15569264794519178,0.1629490393272619,0.14123844260155047,0.13239084614354166,0.148103806972597,0.09934070365928932,0.076079371,False,LMD045a
LMD037a-A-187-3,-0.018214720491734317,0.0489739121,0.06730632097298651,0.08403763074362154,0.035372010982024304,0.04287335043740565,0.003997235582060003,-0.00635890362429095,0.0643451959,False,LMD037a
LMD045a-A-274-1,0.44937516237604647,0.5199067446,0.18353123425589773,0.4505782715671875,0.5124605635740808,0.5491419854447052,0.3824452359788099,0.4665995081012376,0.0698154021,True,LMD045a
LMD037a-A-190-1,0.3278108386271387,0.3239485588,0.35820343784587044,0.3669288294699161,0.34954347327985325,0.3865971487032875,0.29352304278938535,0.330907663576171,0.0777139348,True,LMD037a
LMD045a-A-274-2,0.4615525813980581,0.6563420506,0.6025327244809723,0.6009814448332789,0.6402789782338558,0.6693361498397221,0.45533644218975783,0.5784508695716648,0.0852531087,True,LMD045a
LMD037a-A-190-2,0.19683767863736734,0.1685486613,0.17277209708697752,0.24237860557592805,0.2535776463568786,0.28441349242166586,0.10263257783902588,0.17610388156191112,0.0682317573,False,LMD037a
LMD045a-A-274-3,0.29823605823360033,0.4633839662,0.39840549156799077,0.4231544054256275,0.3982062789185486,0.3768761155482721,0.3065448842559337,0.3680579607516391,0.0704299319,True,LMD045a
LMD037a-A-190-3,0.18238582745000062,0.1162123068,0.07886483782369082,0.054670098370244835,0.15952750313995437,0.17986211863450918,0.17411586851209634,0.08312589645928188,0.0772683509,False,LMD037a
LMD045a-A-276-1,0.4211254702748813,0.5152145588,0.5119282273629846,0.48838971590680613,0.5159701134185191,0.4940964934475358,0.41019703928099266,0.45971904075093734,0.0731291966,True,LMD045a
LMD037a-A-191-1,0.24860862601182881,0.1268615529,0.035448973122947244,0.0767169128177224,0.025594525147771382,0.07910346369904135,0.044580406148470766,0.06942359082114717,0.0636146095,False,LMD037a
LMD045a-A-276-2,0.5537139383316655,0.5892365336,0.5457565108716543,0.5645172140344155,0.5650528100212795,0.5619340577731876,0.5325728001784736,0.5233820443652955,0.0714813632,True,LMD045a
LMD037a-A-191-2,0.15028423657329515,0.0847955855,0.022050519862316195,0.10448488740006857,0.15057329215403376,0.10860162559897168,0.10588368105289774,0.13290299448152332,0.0758755138,False,LMD037a
LMD045a-A-280-1,0.26485266118604733,0.41224349970000007,0.34798668414232975,0.38831746072588524,0.3980775052125369,0.4312367034170339,0.13696781477013326,0.3085674257931609,0.0769191457,False,LMD045a
LMD037a-A-193-1,0.11473235209346447,0.1410537992,0.1223591707012461,0.09742430006743644,0.14057438734607475,0.12237973887553621,0.03864905800104841,0.0665573268201718,0.0727859716,False,LMD037a
LMD045a-A-292-1,0.4197153863328878,0.4645865432,0.4257033538241023,0.4576118236843788,0.4775502978289782,0.5161422778815873,0.3521713639425563,0.43784353629807726,0.0776908222,True,LMD045a
LMD037a-A-193-2,0.2538178292388793,0.2512966226,0.16654463921747387,0.16567663048557166,0.18832294918005543,0.24871180515506447,0.17780341665378419,0.18659044445746534,0.0784660662,False,LMD037a
LMD045a-A-300-2,0.11067674199919511,0.1312604071,-0.045483642481476655,0.1391879544817364,-0.04051499891865617,-0.1349499128155753,0.05115327169789644,0.1835281766521322,0.0775977217,False,LMD045a
LMD037a-A-194-1,0.20716586343450066,0.1483380497,0.1318966157544109,0.15501391712202542,0.050680989853160885,0.052313722929862506,-0.01815505722070146,0.024300177673939615,0.0749177068,False,LMD037a
LMD045a-A-302-1,0.1369165967223316,0.1327332111,-0.010113861179461942,0.015697475634045898,0.10510017868741259,0.12089496716774553,0.06198328811674552,0.09313743968452189,0.0704537981,False,LMD045a
LMD037a-A-194-2,0.34163586618972225,0.2500680639,0.15412388341624592,0.2133299195387855,0.008592139943305753,0.2947464029991051,-0.02214231231668946,0.012537611629737372,0.0733492018,False,LMD037a
LMD045a-A-304-1,0.29356296518973213,0.3069513924,0.2736998817207887,0.28840891641215555,0.3215811258920022,0.32587658837339406,0.2725077959316997,0.2754419189415276,0.0752511255,True,LMD045a
LMD037a-A-194-3,0.33583378877925774,0.2327733987,0.05167578618932762,0.3459248078426186,0.3842928823154818,0.3925089990604786,0.3274966456140956,0.3236028036908487,0.0734111774,False,LMD037a
LMD045a-A-311-1,0.5638914873575684,0.6651532948,0.6479055461389115,0.6827478623609228,0.6894961487247782,0.7195020390225855,0.550461082766414,0.6332964084244039,0.0764424497,True,LMD045a
LMD037a-A-195-1,0.260862526205406,0.3783783254,0.4079744690155933,0.4705833954672667,0.4732721537670753,0.4294937804778411,0.29711349123053293,0.4513018136389066,0.0826130703,True,LMD037a
LMD045a-A-322-1,0.3847035994822639,0.426704691,0.3416095410720636,0.31721791630769236,0.37233077093773215,0.3918122175339128,0.30315493850938274,0.3310608386006798,0.0788438876,True,LMD045a
LMD037a-A-196-1,0.03926983393175615,0.0526255793,-0.0426139243815809,0.03185886512011464,-0.06948773111341273,-0.100523058988372,-0.07261312866134613,-0.03892500371455116,0.0704339767,False,LMD037a
LMD045a-A-340-1,0.39172864060366486,0.5538841051,0.5045893220126927,0.5278417252844768,0.5276281380555631,0.5720302659279156,0.3795010030702929,0.4918145788698977,0.0731044102,True,LMD045a
LMD037a-A-196-2,0.5916604248423182,0.5693911439,0.5552906866454054,0.5571535252590905,0.5415807987302506,0.5932748085807958,0.5237430958062624,0.48569931460313676,0.0767911618,True,LMD037a
LMD045a-A-344-1,0.4454822376238937,0.5061360415,0.5138460087325474,0.5195437911587181,0.5266568147618254,0.5523770862732483,0.42470715061787534,0.4784456577328523,0.0842692151,True,LMD045a
LMD037a-A-197-1,0.3823320317636694,0.3981758582,0.3591586804559713,0.43098870632871017,0.4107907049979616,0.40496507828715494,0.35250035150079034,0.42092459087537576,0.0780179737,True,LMD037a
LMD045a-A-350-1,0.5691598151618126,0.6367433411,0.5987937709910927,0.6044529995879467,0.6195758961962438,0.6257636220396502,0.5546977035861282,0.5838197391753372,0.0785334601,True,LMD045a
LMD037a-A-198-1,0.39391603457603186,0.3871682161,0.32016547763666414,0.3346030824607474,0.34201278075104385,0.3780187950147942,0.3259790722206086,0.3488621319371295,0.0756287456,True,LMD037a
LMD045a-A-358-1,0.2664836313500484,0.3243175511,0.378918222278008,0.3946413516306764,0.45574822551056526,0.4349905603129591,0.21547094033739875,0.31310464905454716,0.074432648,True,LMD045a
LMD037a-A-199-1,0.2365149906244554,0.2229383598,0.2283296582463419,0.2440379488726028,0.23602051580939407,0.2083240685441289,0.08136648490481597,0.18253439403853344,0.0805655739,False,LMD037a
LMD045a-A-364-1,0.4846276007176925,0.5050133068,0.4578195987676314,0.5013533063892417,0.5173624496544595,0.5598296854626235,0.4519941905927316,0.5094773841250131,0.0710633009,True,LMD045a
LMD037a-A-199-2,0.17398168389383614,0.111732977,-0.004890313596338512,0.17603475596246798,0.19651883386875607,0.19155569660675742,0.09721561948515876,0.1516076087854932,0.0756766065,False,LMD037a
LMD045a-A-370-1,0.2542574564362382,0.3598034897,0.37579112233889556,0.36356151831080546,0.39920405391545877,0.4349352441574575,0.24852753190759955,0.31045460439586103,0.0776857822,True,LMD045a
LMD037a-A-200-1,0.03128797920761666,0.0908052693,0.08272653407601592,0.07966441134562649,0.05109766014873074,0.09041436002864854,0.04962985072426334,0.08725047045843462,0.0748094268,False,LMD037a
LMD045a-A-374-1,0.26721712440776363,0.3675832375,0.3381253567301671,0.3766433567537001,0.3967592479470801,0.44936370988435625,0.23643947015654193,0.30543637998945355,0.0738384208,True,LMD045a
LMD037a-A-201-1,0.21396157010162664,0.1876475626,0.08017781572649305,0.09763803883890874,0.1185743044143948,0.2359745723287656,0.10285140015675782,0.14079478297741563,0.0694730151,False,LMD037a
LMD045a-A-376-1,0.6239806663957607,0.7274930054,0.6204232056848392,0.6992213075199384,0.7090791090320075,0.7388672243452102,0.6420458719936484,0.6254066443804877,0.0735431209,True,LMD045a
LMD037a-A-203-1,0.22236077575263274,0.2612794757,0.19695282357760913,0.14259862566268072,0.1890489724012173,0.23744612166050194,0.20837439931758112,0.24614162798988584,0.0797985669,False,LMD037a
LMD045a-A-378-1,0.26494960645686644,0.23405286299999997,0.1895356737158025,0.307577842671776,0.2521075814405499,0.28131958460991957,0.2238009542045627,0.2645648468545645,0.0759559188,True,LMD045a
LMD037a-A-204-1,0.06897683409917284,0.0857048228,0.05275292450431538,0.024128126835717956,0.05759495132136672,0.0909217530350389,0.036339635319475205,0.03067374058112526,0.0712439869,False,LMD037a
LMD045a-A-378-2,0.30186336908674233,0.3522843381,0.27001557419044236,0.3224508342969696,0.3388375475436613,0.3790611452227478,0.2708322207391553,0.31933686415257434,0.0783237215,True,LMD045a
LMD037a-A-204-2,0.037490352909308015,0.0703437551,0.06870116627630951,0.07472281402239518,0.08747351530428119,0.05191458680313303,0.07416148035993124,0.0925847602171558,0.0718549495,False,LMD037a
LMD045a-A-380-1,0.4506336515540429,0.547261674,0.5113790267384636,0.5264681438468293,0.5281510358407779,0.5454896080743614,0.4280085505648264,0.5024626879260112,0.0749099348,True,LMD045a
LMD037a-A-204-3,0.22656601207377117,0.2200422513,0.16351268229290047,0.206211036821516,0.2126443227471904,0.22811108589040321,0.2134727190321673,0.21383964558627563,0.0660376734,False,LMD037a
LMD045a-A-384-1,0.14274010230439788,0.2054652939,0.26329640751289357,0.25452035543099977,0.03919233558328612,0.054416620476333055,0.12126818854534241,0.2433533609229381,0.085715883,False,LMD045a
LMD037a-A-205-1,0.2663713234185177,0.12035167629999999,0.17171248803620953,0.0827055097938621,0.12920556800094193,0.10948097815555988,0.1895127103649392,0.12671558228196114,0.0766104114,False,LMD037a
LMD045a-A-386-1,0.3908404371683765,0.5080121701,0.47843654054377444,0.48417956336084605,0.5123918797298868,0.5067140497094041,0.37847145695336337,0.4610956482886151,0.0704277225,True,LMD045a
LMD037a-A-205-2,0.15258531000725561,0.0720793976,-0.049127683783301165,0.06852228771793757,-0.054659288000546605,0.046268058577133196,-0.00641771843954726,-0.02146205010192059,0.0764177534,False,LMD037a
LMD045a-A-396-1,0.11467427485697197,0.3250471638,0.316320046371626,0.3392641007591815,0.3907435314436177,0.3496469527456251,0.12008407682280867,0.2917592019766422,0.0869647867,True,LMD045a
LMD037a-A-206-1,0.0891856546431774,0.0489019756,-0.0015118546404530877,-0.022182251592749423,-0.01591083345231073,-0.028855241112322634,-0.059893004183108924,-0.00935310244380199,0.0731942924,False,LMD037a
LMD045a-A-398-1,0.36195944880040154,0.4671444975,0.4115949146733893,0.4307621289841431,0.45555129386894316,0.49617886248508514,0.3179234240115631,0.41226283359999133,0.080986202,True,LMD045a
LMD037a-A-206-2,0.05256310504388485,0.0731176081,0.05326360553235985,0.011002548287101692,0.0234350671548844,-0.001457352817238146,0.008337252142336821,0.00392967321754751,0.068087503,False,LMD037a
LMD045a-A-398-2,0.38812237422975404,0.4551059947,0.45212824153445685,0.4834568003227239,0.5034735778442979,0.49911841315093874,0.3456683237750222,0.3846639926869991,0.0804660928,True,LMD045a
LMD037a-A-207-1,0.14942845010869907,0.0092652629,-0.002206866429430193,0.010449924299933586,0.1469187752418553,0.01827167025080868,0.015578746114716557,0.08162826363234389,0.0732467425,False,LMD037a
LMD045a-A-400-1,0.3220377197574909,0.502753891,0.4558917580956484,0.5090879937429125,0.5424035389921752,0.5776953793023448,0.28803411695324566,0.4348766969674484,0.0744414116,True,LMD045a
LMD037a-A-208-1,0.5010673120181771,0.4487048334,0.43311281615650826,0.4335126686278669,0.43813118661867234,0.4834454612682257,0.43274191298663095,0.40125010968889246,0.0719399214,True,LMD037a
LMD045a-A-402-1,0.443900393656159,0.5168175957,0.45766548327509554,0.5081512510610333,0.4872633038279669,0.5297688278704651,0.4334941562698298,0.4973778604500454,0.0724724108,True,LMD045a
LMD037a-A-209-1,0.37120438367378256,0.306343113,0.26183736280185593,0.2676520718695538,0.26249686092039004,0.22692073546078018,0.28409376085848387,0.3077961636060984,0.0781293122,False,LMD037a
LMD045a-A-402-2,0.4425503126796661,0.5073138551,0.43463636674475675,0.48954631668706583,0.5014642429070424,0.5127407613120131,0.4382589041820809,0.4752099520166966,0.0761123235,True,LMD045a
LMD037a-A-209-2,0.10655671184803685,0.1427093457,0.06390965677312821,0.09480341813503734,0.07847581870447982,0.0814108151231228,0.06955639028896084,0.09127303183783463,0.0686593586,False,LMD037a
LMD045a-A-402-3,0.4495575296473357,0.4676069211,0.48859556035914126,0.5241190546086005,0.3478131598341124,0.31970304654722825,0.4254901550028783,0.4867040078585279,0.0824332485,True,LMD045a
LMD037a-A-209-3,0.10679912898798213,0.0718420052,0.052786628546228447,0.08157905146821866,0.09114153744851769,0.12670030265480292,0.07667759124731485,0.07767509968951461,0.0648563476,False,LMD037a
LMD045a-A-410-1,0.5667778858701813,0.6798212206999998,0.6829792516613047,0.6983075865574654,0.7171385866637086,0.7285126711867611,0.6511720738182579,0.6494911477042995,0.0783873597,True,LMD045a
LMD037a-A-209-4,0.020344320590366487,0.012558974,0.01098316174609556,0.028218159055895285,-0.01642905874511346,0.004208384274934939,-0.014989063878999101,-0.02364942027497144,0.0799342863,False,LMD037a
LMD045a-A-416-1,0.5819764500218992,0.5937826879,0.5788410666497743,0.6010262797073277,0.6156933383775813,0.610149702934492,0.5668163231921851,0.5856171110917584,0.0822867637,True,LMD045a
LMD037a-A-210-1,0.27650829682293737,0.3225019865,0.28344181042792194,0.370347024521052,0.38374107481595326,0.3488799582251732,0.25732223518052355,0.39546548311811225,0.0776998135,True,LMD037a
LMD045a-A-422-1,0.1981664230742839,0.2348655984,0.2181964700251,0.21559527986893434,0.21231242604963177,0.0010618877881444033,0.18291131156922835,0.2139056885778046,0.0756627349,False,LMD045a
LMD037a-A-211-1,0.12047587674101458,0.0910891721,-0.049941705903581685,0.05794390862184733,0.06045975573329873,-0.005586429086496785,0.01954369992465049,0.035272777544281875,0.0803883172,False,LMD037a
LMD045a-A-428-1,0.09023604261798446,0.086462312,0.0869739155715984,0.0797417593260262,0.09136466307392048,0.12653490514388466,0.08704099881410823,0.078167136049539,0.080587826,False,LMD045a
LMD037a-A-211-2,0.14322317354101718,0.0746740716,0.05473188316392131,0.07484940849448486,0.08959635733821274,0.06968015478533424,0.09235919155747953,0.08249147839912255,0.0697527554,False,LMD037a
LMD045a-A-434-1,0.11972177023845434,0.19214326429999998,0.24218501703783807,0.21224382213824056,0.04111218340917402,0.03001750775333381,0.15182235981902611,0.2708225130328611,0.0741638829,False,LMD045a
LMD037a-A-212-1,0.18538386882265137,0.0979377616,0.11093043187044656,0.09290342892365887,0.10709264332026724,0.1464720234153798,0.10507725692760507,0.07536314215518332,0.0777497011,False,LMD037a
LMD045a-A-442-1,0.21732083051211273,0.3119039633,0.3410272306773305,0.3361666627276567,0.36067959939793776,0.34272758610762905,0.22654442668177924,0.31713908078387,0.0743879953,True,LMD045a
LMD037a-A-214-1,0.11416367522173286,0.1097871375,0.09161785021210139,0.08139377512895797,0.09033030494808449,0.07193860619559946,0.09257063686538555,0.09505873041483191,0.066909725,False,LMD037a
LMD045a-A-442-2,0.3637751202966599,0.4307559882,0.4284803318570625,0.4675583489988452,0.4836815581239037,0.5022349590565102,0.40806521407316354,0.42297968830235516,0.0840485696,True,LMD045a
LMD045a-A-446-1,0.20242333188117798,0.252879747,0.2355672889987917,0.2512535526132592,0.2559753951233184,0.2542054406877275,0.19435927597732514,0.23211857680209072,0.0789888751,True,LMD045a
LMD037a-A-214-2,0.23211371512190088,0.1292224421,-0.07708736844305743,0.11429664149638426,0.09870739651558949,0.069364069367069,-0.038133566901670954,0.012539144176566219,0.0823056541,False,LMD037a
LMD045a-A-458-1,0.1851275270633458,0.2731123824,0.2761700006617386,0.3331393870396533,0.36974325778877376,0.33118026499709496,0.18460990419091847,0.3096561100367101,0.0809365755,True,LMD045a
LMD037a-A-215-1,0.10850330313221151,0.1083732788,0.011037466803047917,0.09095074354625737,0.07282643299317187,0.13074040109828428,0.07230642904577667,0.07926571622407808,0.0774717034,False,LMD037a
LMD045a-A-464-1,0.3589354447453693,0.389596839,0.3597611363090876,0.3605681969272213,0.39351168869297115,0.38597940449877566,0.2991473906936165,0.3480225144165103,0.0774632431,True,LMD045a
LMD037a-A-215-2,0.17765489792523115,0.1781991081,0.079877933923967,0.13689177443120917,0.12245480184422264,0.18178432700167388,0.1187568350686754,0.13776702656287354,0.0701377482,False,LMD037a
LMD045a-A-472-1,0.49217220268045303,0.5531788712,0.4909320433438773,0.5077036383970688,0.5753045373162531,0.5783570074973002,0.48263683956950343,0.5040090588021218,0.0830531943,True,LMD045a
LMD037a-A-215-3,0.14708616742089398,0.1274695096,0.06908616830997653,0.10266716591410997,0.06620891829682136,0.10874038950977118,0.08467342426166714,0.11397823759358998,0.0668154808,False,LMD037a
LMD037a-A-216-1,0.037845155847377604,0.0220074597,0.034437635114734494,0.03754037694603239,0.030885899845960452,0.03578745196556703,0.029330931938950422,0.02668780164785415,0.0655475519,False,LMD037a
LMD037a-A-217-1,0.2688538646569533,0.2740670366,0.21952763423425492,0.19883897426283262,0.14653103958377542,0.23806376823021672,0.11520886462612692,0.1226501021799487,0.0709062654,False,LMD037a
LMD037a-A-218-1,0.18952122895508441,0.1586412531,0.05596068854610632,0.16462741144314616,0.1348974775935105,0.1656126528408968,0.16865977619396533,0.13763943467499395,0.0725180927,False,LMD037a
LMD037a-A-219-1,0.2188332685519719,0.1999708428,0.15218242657075626,0.16495311805718008,0.1695474542382109,0.12664134243215788,0.1553577897622275,0.17201746285032954,0.0708339736,False,LMD037a
LMD037a-A-220-1,0.10359937640062546,0.1269522433,0.08780233285093607,0.09782562317828386,0.0975595199256378,0.1273275522387733,0.08667133930106946,0.07974765120122264,0.0663302535,False,LMD037a
LMD037a-A-220-2,0.0624899454344259,0.0208065604,0.028583951123267122,0.07122181618143394,-0.011460802723076658,-0.02004835229626061,0.019187084823723225,-0.006987870198426736,0.0772104718,False,LMD037a
LMD037a-A-221-1,0.12120702854824547,0.0625480983,-0.029765450443054356,-0.010507382010879295,-0.028210521603749098,0.11428211143335969,0.009999552211398326,-0.006980003535332459,0.0701346713,False,LMD037a
LMD037a-A-222-1,0.18412479835922202,0.1624979405,0.10589207551307545,0.17070410804180605,0.16927656629209467,0.1939581894410632,0.1575076474812808,0.1551403284511351,0.069647841,False,LMD037a
CLT051c-037-1,0.24913616983302952,0.6081871478,0.5578867153260195,0.5952566426321161,0.5951110099745888,0.6055641257723976,0.2337486518215698,0.3850571139985108,0.0808618904,True,CLT051c
CLT051c-039-1,0.4175298738199779,0.6988241904000001,0.6274701304083571,0.6788494094013063,0.6793163108753127,0.6612185544361721,0.4161472790078555,0.5969014964804007,0.0845550647,True,CLT051c
CLT051c-040-1,0.5676931084586623,0.8402291428,0.8134421139602523,0.8215578032398917,0.8264382633184111,0.8280107581236336,0.573914519727172,0.7808930928038104,0.0768674268,True,CLT051c
CLT051c-040-2,0.7042706320185435,0.7903973147,0.6573412908792985,0.7418080864262941,0.7810783964364141,0.7869081031327072,0.6913506158806384,0.7573129095667535,0.0952609149,True,CLT051c
CLT051c-041-1,0.6206877750987934,0.8441366407,0.8179613386899391,0.8278489714942108,0.832338954454312,0.8279751429091392,0.6122160396261186,0.7842923059793104,0.0759958784,True,CLT051c
CLT051c-042-1,0.3859249379217496,0.5617961438,0.5391593127522053,0.5188410082257718,0.5040708640095926,0.5251934506602306,0.4131812860285623,0.38634300349064155,0.0812571565,True,CLT051c
CLT051c-044-1,0.8492120712105775,0.8794021639,0.858747785531848,0.8684417898260071,0.8782570919957798,0.8556234295577906,0.8490443603779292,0.8691705640396862,0.0816878613,True,CLT051c
CLT051c-045-1,0.24971735639192688,0.3016220563,0.27308346774588593,0.3321597184460866,0.19334776719900315,0.22907389849720455,0.23132422199780583,0.2888637329668643,0.0826566892,True,CLT051c
CLT051c-045-2,0.493989005637332,0.5536408776,0.561490917363906,0.5632457199413424,0.5702352185050835,0.5442305988441971,0.3927344625491635,0.531637096575346,0.0761981574,True,CLT051c
CLT051c-049-1,0.3457135919918847,0.4947673225,0.5142799445820981,0.48581696195339896,0.48539624869209885,0.4981797624093486,0.34015159732728095,0.4191941032327884,0.0747315884,True,CLT051c
CLT051c-050-1,0.7858137126674659,0.8110114556999999,0.8124005535664464,0.8197252971679466,0.831753771742599,0.8337149246953749,0.7825019081758756,0.8219309613822074,0.0898733698,True,CLT051c
CLT034c-022-1,0.7475274741787528,0.8177067312,0.7536713493923115,0.7778148208373414,0.7964306442884512,0.7945919997926684,0.698910999964872,0.7613981017067105,0.0771864592,True,CLT034c
CLT034c-025-1,0.6627142432723212,0.6963657603,0.6998900520362441,0.6990608109341865,0.7014611936216115,0.5497282387521811,0.5424620321724826,0.6970326100084974,0.086816628,True,CLT034c
CLT034c-026-1,0.4748031743331016,0.7540501285,0.7720253810518604,0.7898034395555164,0.7975103494567214,0.7907235976363827,0.46330583035039363,0.7425221769362551,0.0735128942,True,CLT034c
CLT034c-027-1,0.42333331154191106,0.4704011256999999,0.07624759949590551,0.15798075298386915,0.07756512003032186,0.16743251395824255,0.40901853001607125,0.47150117864975793,0.0793237873,False,CLT034c
CLT034c-028-1,0.5292949993516173,0.683750461,0.6547029835812215,0.6814761144255557,0.7054391536488133,0.6635369147281172,0.5251936208535377,0.660580916121323,0.0716591025,True,CLT034c
CLT034c-028-2,0.4850159431255287,0.5857887999,0.5556877818346941,0.16248591843290222,0.16119061091415465,0.0981274603984972,0.4699755604506844,0.5686201307214613,0.0825334304,False,CLT034c
CLT034c-028-3,0.4958934023389564,0.5298157064,0.5354725900589281,0.5458158016990318,0.5628565427832604,0.47169924642912364,0.4915415562817939,0.5167270823002945,0.0750311644,True,CLT034c
CLT034c-030-1,0.38962924436755086,0.642202908,0.6624280279750862,0.6933872311531348,0.6683777550287173,0.6976083380787987,0.3830528113081724,0.6380173985957412,0.0727022587,True,CLT034c
CLT034c-030-2,0.6037822123472163,0.7286478243,0.6671612954227409,0.7098210537410723,0.7004599160880932,0.4933246684892294,0.48856496540034433,0.6579527614577156,0.0745219128,True,CLT034c
CLT034c-034-1,0.4329773858194285,0.6353610817,0.6757432853980471,0.7097029730461949,0.7198200182136923,0.6913834704805671,0.4392356330170223,0.678040708158768,0.0787898091,True,CLT034c
CLT034c-036-1,0.4867849460952444,0.6931114746,0.6122923070350561,0.6839909572061229,0.7053486110132493,0.5579185793764272,0.4750879596255102,0.6283958009336835,0.0851628521,True,CLT034c
CLT034c-036-2,0.7313386358378201,0.8080829574999999,0.729412691021077,0.7637929885347339,0.738228632459609,0.6791728080402338,0.7194380316942393,0.7414436317971601,0.091655513,True,CLT034c
CLT034c-039-1,0.7064448802600449,0.8091090770999999,0.7793693843539744,0.8022685481181732,0.8026927602522442,0.8103439206958776,0.6955590926562532,0.766284716421584,0.0757300225,True,CLT034c
CLT034c-040-1,0.2750515123720632,0.3065950321,0.25962491135366234,0.17509048477432151,0.004965467601248848,0.07983311661012492,0.27309608113117145,0.34598245479153417,0.0828124193,False,CLT034c
CLT034c-042-1,0.5469846861910123,0.7619392363,0.7812337231640011,0.8170495608978797,0.8285158391249776,0.8236186946325983,0.5323574719088676,0.7863577169694428,0.0724452407,True,CLT034c
CLT034c-047-1,0.8317664848560093,0.8576815253,0.7807072129620319,0.8333471653376573,0.8459274944472873,0.8591503878539727,0.8080424604755612,0.8500202081305432,0.076815675,True,CLT034c
CLT034c-049-1,0.506361987371749,0.6438899981,0.5176709570531323,0.6128854027617019,0.6780921404418545,0.7050682641374829,0.504213064577658,0.6132119528973926,0.0866653949,True,CLT034c
CLT034c-049-2,0.3066082761868744,0.5525720131,0.29508811569013194,0.44878046542028244,0.4713366136320547,0.5841372213004795,0.25758990651868535,0.3306475322911137,0.0757863251,True,CLT034c
CLT034c-052-1,0.5026576985885832,0.5971495117,0.5394062750335636,0.5871927866625862,0.6331349403439409,0.6335197640268401,0.4750529943091956,0.5803716576618909,0.0783542803,True,CLT034c
CLT034c-058-1,0.4853571434638703,0.587087735,0.48727629173721926,0.5437401345687196,0.5905392302972131,0.6088646162103036,0.5074856242786522,0.5580632589446418,0.0819634132,True,CLT034c
LMD011a-A-195-1,0.07354768250254037,0.0791625101,-0.02466927921527401,-0.06540999707484701,-0.048311818285894655,-0.04438802901561777,-0.06487311415846213,0.07576957112514952,0.0721474158,False,LMD011a
LMD011a-A-196-1,0.4975417236613155,0.5374410659,0.2879397890908558,0.41703854143468666,0.43580997478422756,0.5087247627869411,0.4878397367295394,0.46497083524672145,0.0744026247,True,LMD011a
LMD011a-A-196-2,0.11034407723729782,0.0500145782,0.1211994900685751,0.09739667493499826,0.11967002065430622,0.10512430855074764,0.1276568094974108,-0.00639338271552506,0.0740186265,False,LMD011a
LMD011a-A-196-3,0.09179288170626575,0.0790643263,0.039601068663729824,-0.02346464545693356,-0.013888675627578386,0.03336854973026226,-0.05451276001170476,0.04177678425834318,0.0801973245,False,LMD011a
LMD011a-A-198-1,0.06268755171771101,0.0665303948,0.047881165835122357,0.05457789190679972,0.07801792317826559,0.06218479128007946,0.053914200186073465,0.043182165977722405,0.0742351125,False,LMD011a
LMD011a-A-200-1,0.03630774332926759,0.0429400806,-0.042227562613610437,0.0356739042285862,-0.020117762300242335,-0.0009648420459362114,0.032952435529280566,0.022733884333199575,0.0759127303,False,LMD011a
LMD011a-A-201-1,0.0170136880757328,-0.0044781898,0.01989602944947562,-0.0004483812791510165,0.028170619964682387,0.026778856263672234,0.03922724055169948,-0.0015072163727191973,0.0749799533,False,LMD011a
LMD011a-A-202-1,0.04456413347990422,0.12016121210000001,0.0517304723599148,0.04290877340199191,0.036605856624206255,0.037399673067114454,0.07578244867626814,0.0494735467219299,0.0765067506,False,LMD011a
LMD011a-A-204-1,0.04018030022524959,0.074636298,0.07693147652477564,0.060593205991865025,0.04337209475580011,0.09763370434648411,0.043137893260398706,0.01675831851514901,0.0734004387,False,LMD011a
LMD011a-A-204-2,0.007929298770998822,-0.014884648,0.03202753261713027,-0.01714590153146818,-0.010026874076697298,-0.018397737683952545,-0.025978442459508762,-0.053049121220679445,0.07398097,False,LMD011a
LMD011a-A-204-3,0.061932078005840836,0.0578339732,-0.0018291469537779432,-0.003648195760852389,0.024222106473440266,0.07142538057691433,0.10273657523095758,0.0586338217033435,0.0725782845,False,LMD011a
LMD011a-A-204-4,0.04742658493354787,0.0167383582,-0.025467614693916184,-0.01662508624625088,-0.025416115290596654,0.012647222819372457,-0.06341441337021919,0.09405088853579087,0.0745622211,False,LMD011a
LMD011a-A-208-1,0.22504110124373844,0.2655959224,0.24130337689200793,0.2922620778548407,0.30599882577778914,0.315280151271392,0.2073528282053958,0.24769230961679917,0.079280999,False,LMD011a
LMD011a-A-242-1,0.19474456850290697,0.2416721369,0.3174603853712968,0.32659352594739366,0.11454332129426537,0.29343130732788125,0.18661356514127195,0.3210710170606106,0.07107238,False,LMD011a
LMD011a-A-242-2,0.41462961461723635,0.4797535826,0.3899215295278216,0.49463735683434373,0.5009402311012235,0.10784460172957687,0.41548038305949053,0.4548037267829083,0.0758099635,False,LMD011a
LMD011a-A-243-1,0.412737228823335,0.44184482919999996,0.17943979951186073,0.4375895073475371,0.3662241213211474,0.41327126963384847,0.3474853712081324,0.4226398628083413,0.0783598974,False,LMD011a
LMD011a-A-247-1,0.1399452600357232,0.1797136305,0.16969259879679793,0.16634131405467392,0.0651282385711446,0.06258949370602501,0.12931792785661447,0.14527414578197528,0.0727969274,False,LMD011a
LMD011a-A-251-1,0.10036823142430404,0.1182221578,0.11132793330324635,0.12211432566408778,0.14225460979213636,0.11022255426077229,0.12077738982922276,0.09246746909308666,0.0721902301,False,LMD011a
LMD011a-A-252-1,0.527699926961472,0.6979363187,0.6884308350950407,0.7180693498237412,0.7142865494463336,0.6699380505023497,0.5268884332971346,0.6539298390735342,0.0807665039,True,LMD011a
LMD011a-A-252-2,0.3199283926247765,0.3605569635,0.32136054128785724,0.37165127575654916,0.3706425255034926,0.3743015062286812,0.3142748835868257,0.26538340121259396,0.0816838649,True,LMD011a
LMD011a-A-258-1,0.26406464835164306,0.3423533817,0.358640959688201,0.40033229665327236,0.17026979212828094,0.49301754969586686,0.2047340377330727,0.23843370033057715,0.071995212,True,LMD011a
LMD011a-A-258-2,0.3793459370006307,0.46566254099999993,0.45549419277155595,0.4630847123892115,0.4701952391471515,0.47226109897027935,0.3313548538721075,0.4354882054430611,0.0760153687,True,LMD011a
LMD011a-A-260-1,0.5613434362042973,0.605798289,0.5183679088461609,0.585595534779019,0.5799607011005109,0.5292854713392511,0.5621463613577239,0.5617303509264795,0.0775813749,True,LMD011a
LMD011a-A-260-2,0.3543699646748291,0.41341561660000004,0.34256415192079037,0.3701648571311572,0.4361650231464235,0.4411103413125371,0.2900674677789923,0.3789223234448288,0.074336069,True,LMD011a
LMD011a-A-267-1,0.21364968910586327,0.432001722,0.23475280586437594,0.39489857384616917,0.43174622715225786,0.46221201435003545,0.15254520012778144,0.35984039144460805,0.0723147223,True,LMD011a
LMD011a-A-267-2,0.3876996481174233,0.524643333,0.4209846299051942,0.4922746316784574,0.4905891503329285,0.5415404647554828,0.3744797261102371,0.42425036641933017,0.0741223429,True,LMD011a
LMD011a-A-272-1,0.21706505611948532,0.2748944927,0.1419792135549805,0.22867823010181787,0.30902101818557676,0.3062803067242235,0.16734765060102055,0.2129590067580306,0.074618822,True,LMD011a
LMD011a-A-274-1,0.048274644526225235,0.2865699023,0.26488288014646927,0.31008773333330264,0.34957587425489806,0.021053191209312566,0.055017687258739706,0.1669579721801067,0.0761374164,False,LMD011a
LMD011a-A-286-1,0.5565514528410394,0.6564064686999999,0.6006791425547507,0.6338803186149808,0.6623158261715674,0.663091252483772,0.5434599090541938,0.6256486988532654,0.0735627217,True,LMD011a
LMD011a-A-288-1,0.5055699083596864,0.649352307,0.5855605451838245,0.609301571343907,0.6173200113508772,0.6421609773665086,0.47847864955111064,0.570259547604519,0.077034807,True,LMD011a
LMD011a-A-295-1,0.3661384042913602,0.5008418813,0.4503918605581668,0.4709370844606523,0.500392152016225,0.5530322851072055,0.3432546013254708,0.4247501379759903,0.0745223213,True,LMD011a
LMD011a-A-298-1,0.23359797932565926,0.3336414646,0.29821561024597104,0.4768323267828035,0.2519200136756511,0.06041904698849319,0.20779270874266215,0.2984000318615127,0.0749332951,False,LMD011a
LMD011a-A-302-1,0.20187596599969151,0.3128382977,0.13898216409603983,0.1572085539581766,0.33484070571277924,0.3215695421273478,0.18177403682288065,0.27510502305707657,0.074894827,False,LMD011a
LMD011a-A-303-1,0.34486817451053187,0.4325864567,0.18483336528824315,0.4134225487440561,0.4391044670869375,0.45450097751757007,0.31191251059126424,0.42730710922585075,0.0729600557,True,LMD011a
LMD011a-A-305-1,0.4073348059938808,0.4828391695,0.46728042215561305,0.4799279612857407,0.506172692593351,0.5045646235715445,0.41500650645520276,0.473752501291945,0.0749074955,True,LMD011a
LMD011a-A-306-1,0.2404832783349218,0.3011486617,0.26320528689899103,0.2901318779166702,0.3182951175959505,0.35924334281624953,0.24814568145276378,0.26929970181767554,0.0774715858,True,LMD011a
LMD011a-A-308-1,0.3429563050060879,0.4750472627,0.47835239108832567,0.48756333434423693,0.34417037605561773,0.22193955438943616,0.31548619831035674,0.433409893165923,0.0904038488,True,LMD011a
LMD011a-A-309-1,0.28931885802302193,0.3141224443,0.2247021417247628,0.2529098176348882,0.33634621421278904,0.3253444028558355,0.24585014913753964,0.2827018545257549,0.0732748996,True,LMD011a
LMD011a-A-313-1,0.16704147253355892,0.2885177214,0.19556211102700616,0.2600098596355575,0.26670456310414575,0.2695780759335432,0.1747074896898691,0.24848654721400504,0.0761586206,True,LMD011a
LMD011a-A-317-1,0.38664088246696243,0.4228570041,0.4030394954283194,0.3934581501519346,0.4119410992690926,0.14485498634513327,0.3656434257250139,0.39866765618518135,0.0856309472,True,LMD011a
LMD011a-A-317-2,0.4122568431978298,0.48903553250000004,0.4549843380684179,0.5296817738444578,0.48326971609400354,0.532714853073517,0.39192442147266543,0.4329748617990113,0.0770802697,True,LMD011a
LMD011a-A-317-3,0.3202986897900241,0.3634011384,0.3248916314774894,0.3320028784776426,0.30358397198316206,0.049529114439586415,0.2822732753087702,0.30747775181440457,0.0726931724,False,LMD011a
LMD011a-A-319-1,0.4875436680726173,0.5427879858,0.533555631531701,0.5498549866507936,0.49120421895007516,0.399497017929919,0.4846397789868749,0.5235444008620254,0.0772709506,True,LMD011a
LMD011a-A-320-1,0.3725033284493917,0.4867291208,0.38022497184223614,0.3899072415523379,0.47177304661399827,0.5170347386349787,0.38041820142363997,0.4192349508592795,0.0914745277,True,LMD011a
LMD011a-A-321-1,0.24496915809806966,0.2498062645,0.17440031594141558,0.19170312701610354,0.2432667287343583,0.27970148553910085,0.1527108089857812,0.23387594095719638,0.0765012707,False,LMD011a
LMD011a-A-321-2,0.3532504136501077,0.4578728933,0.35479303107951904,0.3751133180396172,0.43511367210238316,0.4424163988568233,0.3074463184367409,0.3784755424868536,0.0757846156,True,LMD011a
LMD011a-A-326-1,0.29428356184653415,0.423354829,0.33650661994531256,0.4266042788703507,0.4920369339632246,0.3948498331089666,0.26447783710665224,0.33323150058189827,0.08032962,True,LMD011a
LMD011a-A-335-1,0.6038283907745071,0.6291101539,0.5734709012587622,0.5976576957311435,0.6267785190504933,0.6166443787471702,0.5768059666331837,0.5602814374325672,0.0766253852,True,LMD011a
LMD011a-A-339-1,0.710544743072122,0.8562364537,0.8511801342717591,0.8464254898130833,0.8430896111340498,0.8476353360001038,0.7018854527954448,0.7994210168049629,0.0768500925,True,LMD011a
LMD011a-A-340-1,0.7119028875002945,0.8388791289,0.8398400210329047,0.8328538088901528,0.8402856976483046,0.8500264664929765,0.7104711888721819,0.8064176961975908,0.076995302,True,LMD011a
LMD011a-A-347-1,0.5129223970114333,0.5554946764,0.5851268394152626,0.5888464751603318,0.6100534486738862,0.657568771778278,0.45172158222486447,0.5771087157413275,0.0763901375,True,LMD011a
LMD011a-A-354-1,0.4309647391987005,0.4601511991,0.44187132653917066,0.4410719304326878,0.44440830620253835,0.4481539340021999,0.4123027401969047,0.4402482952181678,0.0752638306,True,LMD011a
LMD011a-A-359-1,0.6530483440290963,0.7052678439,0.6639199656989705,0.6784155889253997,0.7007681821182848,0.7118713452095421,0.6415763604610712,0.6796355357249302,0.0733750302,True,LMD011a
LMD011a-A-365-1,0.261562412860273,0.2594590782,0.2571333896692634,0.24724875472352234,0.26994694473353664,0.2763763987911055,0.25055628868954244,0.27379222752680293,0.0734469733,True,LMD011a
LMD011a-A-368-1,0.2560005954795046,0.4179160547,0.3463259114273906,0.34535415987422774,0.36122332220176134,0.3726983048519557,0.23309886093863605,0.3252978061470421,0.0743779914,True,LMD011a
LMD011a-A-376-1,0.37463646446019266,0.571526817,0.4690845476355098,0.4890989487453274,0.517210028757224,0.5674464531068315,0.33322881344849775,0.481455621496929,0.0863980954,True,LMD011a
LMD011a-A-379-1,0.3780440711697571,0.5903714344,0.49243286646424717,0.48433004984065076,0.5741068634841255,0.5774249217284965,0.378964204254125,0.5458627455604248,0.0746319543,True,LMD011a
LMD011a-A-381-1,0.601579776052013,0.657507357,0.6321182261153157,0.626218929351838,0.6282235036530809,0.6352661538570779,0.5946938028912907,0.6312848122520044,0.06915265,True,LMD011a
LMD011a-A-390-1,0.29319413846594006,0.432750973,0.2934443730954314,0.3803691125288307,0.40112087893804377,0.4727610204914571,0.16482441996548114,0.3443018721930949,0.0717631605,True,LMD011a
LMD011a-A-392-1,0.5586763360602084,0.6063109074,0.576907422857771,0.6138610804585827,0.6105644176406158,0.5772251434053361,0.5651770870482983,0.5797917884742764,0.0843371367,True,LMD011a
LMD011a-A-393-1,0.2845471870788586,0.3643069747,0.2374332742506447,0.3003261543587442,0.3496540263144586,0.04622655392927152,0.25678300734468607,0.2846671853168937,0.0783474158,False,LMD011a
LMD011a-A-395-1,0.25410578072327394,0.293969667,0.24227261955630694,0.28245886939186127,0.27839498342514496,0.28867068960293885,0.24004174698047656,0.2644002575110568,0.0754844532,True,LMD011a
LMD011a-A-399-1,0.20946762879629283,0.3340278856,0.2858118029996216,0.3327528059591284,0.3342698985015895,0.35864834537721146,0.17007355466564253,0.24526227045907945,0.070825075,True,LMD011a
LMD011a-A-400-1,0.2427099461582673,0.3821205763,0.2667974508725886,0.3044925520204966,0.29739345909314774,0.3689206038304454,0.2465642779455948,0.3374276986659337,0.0764247707,True,LMD011a
LMD011a-A-400-2,0.2678020277767872,0.2901066964,0.27968134457825067,0.2852010602034427,0.3401452549971361,0.41103389300179266,0.18929224328569674,0.251963168379897,0.0777614905,True,LMD011a
LMD011a-A-402-1,0.31168587203124054,0.3431671463,0.24235854322314815,0.3297966261299329,0.3493445339060776,0.3529401180510296,0.20730871676084914,0.2610207826971411,0.0733962524,True,LMD011a
LMD011a-A-406-1,0.2521548277970999,0.3903140019,0.3686282909536483,0.37427985018872034,0.367722106186055,0.3429833055806907,0.23756895701646247,0.2723882333523561,0.0718409675,True,LMD011a
LMD011a-A-407-1,0.2869694351774419,0.3745362534,0.38596312747695,0.399769076914759,0.3966252785218377,0.399654279719668,0.27705692876816007,0.34946409023759417,0.0788532863,True,LMD011a
LMD011a-A-414-1,0.23377732097030227,0.5977303185,0.6011173554965457,0.6598604535857708,0.5803898588848838,0.5927270779075112,0.23147609195011634,0.5203569492031166,0.0858134515,True,LMD011a
LMD011a-A-416-1,0.13878858509606387,0.2643985104,0.246757951815403,0.26589785381348086,0.2563120649277957,0.23116244384620357,0.09081639917609721,0.1981723009656497,0.0791699175,False,LMD011a
LMD011a-A-417-1,0.1532753393757879,0.1677386825,0.10450625743445147,0.10486403212819866,0.13121377440291845,0.0031797735275966147,0.12757688081892585,0.11266656889680629,0.074818966,False,LMD011a
LMD011a-A-419-1,0.14807195801197748,0.3066890779,0.2682819480157164,0.28626617244683944,0.2794348870427873,0.27271114832060495,0.12887937351053724,0.21386313062657678,0.072088569,True,LMD011a
LMD033a-A-284-1,0.5212124259399994,0.854486185,0.7969721155871768,0.8209120962666978,0.8413182790994977,0.8513344849809331,0.43541315805295155,0.8064654822582058,0.0756077484,True,LMD033a
LMD033a-A-284-2,0.5424997644772143,0.6924112698,0.6788497168880729,0.7038445956452113,0.7118201529745722,0.6698373437858842,0.5201101276054685,0.5866763315538985,0.0956117373,True,LMD033a
LMD033a-A-289-1,0.34843708640358084,0.47377670960000007,0.4198438930156904,0.41586402249598287,0.4370855309111223,0.4903128007572682,0.3092844768661962,0.40528805960749986,0.0706623651,True,LMD033a
LMD033a-A-295-1,0.37499683490290364,0.6642903026,0.5442049743135676,0.5343856851339812,0.5468359779974656,0.5743401379191185,0.34548793047775,0.4259625630223946,0.085877963,True,LMD033a
LMD033a-A-296-1,0.43526060764763685,0.6883217085,0.6151103206240475,0.6423146857521567,0.655489019642832,0.6719597107747425,0.3905620582065215,0.5790961326434646,0.0730734615,True,LMD033a
LMD033a-A-299-2,0.20536546408675782,0.2833096669,0.2563903478443933,0.07432800209326375,0.015142349786831358,0.11467759213678383,0.21398180321278443,0.23692481722753034,0.0902548528,False,LMD033a
LMD033a-A-299-3,0.4167621386798436,0.6090605265,0.5791712452151387,0.5910596289770764,0.6361159587633124,0.6203628369990362,0.2756792664037277,0.5639193444124716,0.0984644341,True,LMD033a
LMD033a-A-299-4,0.5719957806052987,0.7666042118,0.7116705010232117,0.7487311332464149,0.75947411559734,0.7606911567252204,0.5794878603979725,0.7556620061885267,0.0909071535,True,LMD033a
LMD033a-A-300-1,0.44455511250771634,0.5684953765,0.5185154853440854,0.5384294281329367,0.6041553364509025,0.5456314390045491,0.4288009525038842,0.5718847010469599,0.0975233438,True,LMD033a
LMD033a-A-300-2,0.3839562358152041,0.7164966893,0.5932212986797675,0.6548765270437541,0.6856904808569942,0.6951834903025215,0.33982896556269476,0.5842940385116241,0.0737593893,True,LMD033a
LMD033a-A-304-1,0.3663154807183457,0.6752909176,0.5249191229296023,0.5969834595223246,0.6109025548255369,0.6712822653237978,0.30614607071509325,0.5848741690458479,0.088434338,True,LMD033a
LMD033a-A-307-1,0.4040143451911361,0.599608046,0.5596827335873827,0.6005237304594004,0.6090423997174468,0.6064363868525946,0.38254350830703027,0.4925557103441896,0.0800964063,True,LMD033a
LMD033a-A-313-1,0.5232419895283555,0.7122536448,0.5190072260762261,0.6562125979569051,0.6799337251646483,0.7096009381588355,0.41583086234343813,0.5881638672057838,0.0694157735,True,LMD033a
LMD033a-A-315-1,0.5700878084746422,0.7499779726,0.6412338815074737,0.7115356603513084,0.7320858138485655,0.7363191959987658,0.5633473500097866,0.6853291809210839,0.0790010162,True,LMD033a
LMD033a-A-316-1,0.32490372204792295,0.6750535019999999,0.5182049531709209,0.5998189091197857,0.655321661569874,0.6075088551003246,0.2921748228854993,0.6080355581737813,0.0948398543,True,LMD033a
LMD033a-A-318-1,0.6370631311325903,0.7780649549,0.7450488908302111,0.7612473035242453,0.7769740176772066,0.7812313886657847,0.5405580751635597,0.666043261523629,0.0738033102,True,LMD033a
LMD033a-A-321-3,0.7592691580833293,0.8275224425000001,0.8014143716515036,0.814906517772523,0.835492439757009,0.8221810668760927,0.761543847339888,0.8143461506234384,0.0826155424,True,LMD033a
LMD033a-A-323-1,0.16199145650109914,0.4823182677000001,0.4685026153224704,0.5974793324006247,0.4890264874049507,0.423485952279299,0.13703974854937495,0.31663471196095444,0.0787755324,True,LMD033a
LMD033a-A-323-3,0.4020281706249145,0.6723297674,0.631526190017716,0.6928674872068878,0.6858198541528118,0.7040234188901715,0.39279567580329544,0.6512623992651276,0.0842903296,True,LMD033a
LMD033a-A-325-1,0.6682724356910413,0.7568728674,0.7358066759719896,0.74071002992893,0.7519681203637355,0.753856649678316,0.6736721092446984,0.7316466105444405,0.0934845915,True,LMD033a
LMD033a-A-328-1,0.17561311454865267,0.3065957244,0.2117182735777861,0.2909894425156974,0.33532087463440585,0.04492408504746151,0.11248234322945465,0.22991014752800581,0.0742939432,False,LMD033a
LMD033a-A-329-1,0.35723123968012604,0.4873602869,0.3925401296436674,0.43768912707161184,0.463835974371422,0.4991488439218015,0.33345738017485366,0.40565679780842834,0.0804781916,True,LMD033a
LMD033a-A-330-2,0.6273105089416333,0.8488771542,0.7498052562873813,0.8208637703573531,0.8344150115312708,0.840383663011134,0.6208716548731325,0.7652477201521013,0.0868291433,True,LMD033a
LMD033a-A-332-1,0.5073603485475562,0.6957046383,0.5403290843920008,0.6024424328314524,0.6584845674745274,0.68408957402275,0.4341654199544458,0.5411515579065398,0.0775646837,True,LMD033a
LMD033a-A-333-1,0.3644143340641621,0.5005795553,0.3922432075998186,0.4837397352412992,0.49906523063199987,0.5182328082263482,0.36339748087443857,0.40412381065308345,0.0739916951,True,LMD033a
LMD033a-A-334-1,0.20961212834850929,0.36260254160000005,0.17395531159795283,0.3895041482946954,0.4707279301091265,0.3882512808731253,0.18348589174563984,0.25357829888877653,0.083764303,True,LMD033a
LMD033a-A-336-2,0.37222454685638023,0.5554350653,0.5328542243232073,0.5908482897860252,0.592114293488638,0.595347118607756,0.38455692632534144,0.4862281701519302,0.0795129724,True,LMD033a
LMD033a-A-338-2,0.32620704632034053,0.6412733338,0.4649027055629509,0.605743389953428,0.6125972787294481,0.6422888931926184,0.26783679292034435,0.5968778663105512,0.0747746593,True,LMD033a
LMD033a-A-339-3,0.570475217829253,0.7094573129,0.6399789467134328,0.6843835985412662,0.6989277409896881,0.706146058026653,0.5682496847117076,0.6513632591233712,0.0781469218,True,LMD033a
LMD033a-A-341-1,0.43824240813197846,0.6596463678,0.4686472974979381,0.5560961186256397,0.6259147277581035,0.6511316264899439,0.39538439555352606,0.5193775754997891,0.0792339338,True,LMD033a
LMD033a-A-342-1,0.25183315855212823,0.4808529584,0.22756790452643497,0.41416670175662396,0.42098618434064033,0.4727759174428262,0.22500993190398397,0.3246187347453337,0.0758710998,True,LMD033a
LMD033a-A-343-2,0.2731300645206888,0.5739271965,0.3471663022522143,0.47056211093148054,0.527812027187131,0.5586100160951669,0.23771708865512556,0.4955127564781562,0.0752777346,True,LMD033a
LMD033a-A-343-3,0.43771870818299363,0.6807569883,0.5041854284204478,0.5743996061739072,0.6473388111484097,0.6716033611433684,0.40457215919823075,0.6048505603525017,0.0834569765,True,LMD033a
LMD033a-A-345-1,0.5853427901848635,0.7127984941,0.6778007585597307,0.704128156698351,0.7063699402173947,0.7062848125796596,0.5837808220528665,0.6386662389033172,0.0795631059,True,LMD033a
LMD033a-A-346-1,0.30418434192519267,0.5682819155,0.3727806350686221,0.5339495055141518,0.5451402553701692,0.5787113325786721,0.24218733393127384,0.3909090142964651,0.0728422991,True,LMD033a
LMD033a-A-348-1,0.38492422947314403,0.5056066812,0.4437419588292815,0.454368487360499,0.4754265960279682,0.4853582500729313,0.29850953705303085,0.3771464209379871,0.0702991736,True,LMD033a
LMD033a-A-361-1,0.5801364771075459,0.6692560379,0.6456474391639198,0.6632396495316691,0.6696822890804169,0.6786587120361378,0.5656436775908824,0.633614829188229,0.076138362,True,LMD033a
LMD033a-A-363-1,0.2768964312255589,0.3468600633,0.30835677485442775,0.3563730786969704,0.3651463032790425,0.373777126114191,0.2450923175592878,0.2911633503085527,0.074693227,True,LMD033a
CLT048c-002-1,0.5534540274417248,0.7011778362,0.5931031893115702,0.62206926000658,0.6612221944243715,0.6586565874978977,0.3678374791235061,0.6444554498803899,0.0755427748,True,CLT048c
CLT048c-004-1,0.6144461692618133,0.7218661237,0.6629311530920725,0.6778124156598853,0.6231955169336234,0.6589409151267814,0.5857820443148711,0.6601677605376707,0.0771796093,True,CLT048c
CLT048c-004-2,0.24768786722461342,0.4275303444,0.4377035487962102,0.4307123044794243,0.4138107153645859,0.4373902947606013,0.24543753104587973,0.39745377522270764,0.0746020042,True,CLT048c
CLT048c-004-3,0.3219002530231054,0.4760424149,0.41057332909345173,0.4627882618566022,0.4913921599526696,0.5225452460698442,0.3002446962495438,0.47280931859233016,0.0685766674,True,CLT048c
CLT048c-004-4,0.48071066581668154,0.6157718871,0.5868683286148996,0.5961411097507838,0.5814979750892373,0.5837659402728632,0.4889214425532095,0.56569917233531,0.0703921968,True,CLT048c
CLT048c-006-1,0.247666764388487,0.5366695227,0.5169950385799001,0.5605803624980322,0.5175666101521803,0.5264807617827293,0.19654780140461758,0.43294036238799616,0.0846116132,True,CLT048c
CLT048c-007-1,0.4563422890589421,0.7252598004,0.681733496975077,0.7134305972544049,0.710738183138407,0.7163702153856629,0.4504889021280398,0.6483231997369836,0.0754061892,True,CLT048c
CLT048c-008-1,0.5353466047648544,0.5451673811,0.5245334344297943,0.5137910597710624,0.5228485213394988,0.5305068649620909,0.4753743749703485,0.5158009837680191,0.0737510067,True,CLT048c
CLT048c-010-1,0.3195840396684831,0.4513265938,0.38661880131639637,0.3945624610436593,0.4007799986742062,0.40088101087800754,0.31401926402555297,0.4039982444569074,0.0780385876,True,CLT048c
CLT048c-010-2,0.23085009104350374,0.4840976289,0.4522633286752516,0.46716578195553793,0.4558019976191784,0.4940795242961914,0.24376563353097352,0.3604209788107393,0.0740199109,True,CLT048c
CLT048c-010-3,0.6696642962577539,0.7711916374999999,0.7429032251853849,0.7462910737897946,0.7501849164025144,0.7498498339369889,0.5918966526523477,0.723892379871714,0.0780246537,True,CLT048c
CLT048c-010-4,0.5960068266672836,0.7577715453,0.7197321294145808,0.7353197518475838,0.7342970206303978,0.7408640349484411,0.5835334459151069,0.6643357658613148,0.0771114047,True,CLT048c
CLT048c-011-1,0.8371227900029596,0.8634075789,0.8627059948011937,0.8609141580230896,0.8651855559992044,0.8641629577521591,0.844931444863972,0.8241835653082347,0.0772645058,True,CLT048c
CLT048c-012-1,0.6815640905041545,0.7383240417000001,0.6769547988595935,0.7356171692811642,0.737160331632901,0.7497815003387724,0.6890038048523603,0.7042106447106373,0.077598903,True,CLT048c
CLT048c-012-2,0.30028594640136064,0.5115235589,0.40437070640664813,0.4122643490394068,0.4349237204987094,0.44274923087559026,0.34109560447660386,0.28388323311395985,0.0770107565,True,CLT048c
CLT048c-013-1,0.35141989919906996,0.5592672756,0.5024517721379007,0.5726018555315401,0.5755928979775367,0.5585091978640218,0.3485089839761028,0.5386145229624846,0.0854397211,True,CLT048c
CLT048c-013-2,0.6692162196645884,0.7679271578,0.7348572667633978,0.753642297071626,0.7546955647447476,0.7585798492056233,0.5318086347294054,0.7177257171714683,0.0770793757,True,CLT048c
CLT048c-014-1,0.6068107206289066,0.8368467678000001,0.7953361329016797,0.8162969317732897,0.8229810830885054,0.8258242558144413,0.5936229026465413,0.7875639014854349,0.0765632887,True,CLT048c
CLT048c-015-1,0.4400359346451803,0.6863785422,0.6835737208633945,0.6661998471316302,0.6813876671584561,0.6674298880407199,0.41429453838157465,0.6578203540745667,0.0715722743,True,CLT048c
CLT048c-015-2,0.29727065452080914,0.5898248919,0.559125477423502,0.5723890567696807,0.5657725510563347,0.5791770297941788,0.30869658980871256,0.4388723234299537,0.0797568761,True,CLT048c
CLT048c-015-3,0.3799224010341288,0.5439523952,0.537901353865908,0.5623919610042706,0.5621590737310161,0.5578353749795211,0.36895757508951793,0.4993620123289745,0.0773782655,True,CLT048c
CLT048c-015-4,0.49271570681381,0.667460359,0.6083887783671882,0.6257291069802291,0.6363807780175373,0.6362040987585822,0.47674261161879,0.5918839067542454,0.0771996652,True,CLT048c
CLT048c-016-1,0.6060809852204377,0.7462014004,0.7101462681246524,0.7169683527518512,0.7260995292449663,0.715976047551945,0.5997062425934615,0.6704765446480413,0.073594142,True,CLT048c
CLT048c-017-1,0.3244693123949679,0.49081693369999996,0.4477214656077331,0.4485314926785832,0.4806599610540258,0.46657917402720067,0.3021801667089935,0.44224955429489665,0.0739375364,True,CLT048c
CLT048c-018-1,0.44656899176343734,0.6372252159,0.580275196613825,0.6222871480171762,0.6501842358638227,0.6590131535467184,0.42670487332654194,0.5924974545264969,0.0766670568,True,CLT048c
CLT048c-020-1,0.4043768334620174,0.6104411882,0.5579812533906746,0.5900835471286608,0.574190426267169,0.5927468271829278,0.3720301951302939,0.5206529659285256,0.0781407244,True,CLT048c
CLT048c-021-1,0.4220602677455836,0.5039165152,0.49658291397266663,0.4723601200398943,0.503319813997004,0.46851183853174666,0.40249778463207664,0.4450419900359159,0.0677911221,True,CLT048c
CLT048c-021-2,0.5163667711532248,0.537702967,0.5189570907604233,0.5090023256627303,0.5193675408493739,0.5184367785875392,0.4987829389566635,0.5138824464067547,0.0726274943,True,CLT048c
CLT048c-023-1,0.11050406688078628,0.4348188517,0.4358282479757952,0.4217952533960218,0.4482950930651044,0.47118113758368824,-0.06796546766605595,0.36820707010837994,0.0707078792,False,CLT048c
CLT048c-024-1,0.2748659563742188,0.4943155922,0.443513284396732,0.4955104396174233,0.49053312927258796,0.5250695520371027,0.14876984336970742,0.4008043409935894,0.0740309496,True,CLT048c
CLT048c-025-1,0.28574204132923015,0.3408929289,0.33024577310306447,0.3294167375994644,0.3002008649973682,0.32518371005891955,0.2829831365515002,0.3143320428271271,0.0725807504,True,CLT048c
CLT048c-026-1,0.2696995824061011,0.43373453079999996,0.36717330154421424,0.3935177551833733,0.42391428741854553,0.4244902369310608,0.2657942067803724,0.34938804223652814,0.0727184132,True,CLT048c
CLT048c-027-1,0.2500282620350226,0.3425161034,0.2893059907519712,0.2904145571474823,0.32055810484198605,0.3447088641707109,0.22603181940487757,0.2891714967642919,0.0744813262,True,CLT048c
CLT048c-028-1,0.38925282742086886,0.503617863,0.4619915383036062,0.4807236937207716,0.45352931660005985,0.30001320393552317,0.3820650373905501,0.4112132168463198,0.0794241554,True,CLT048c
CLT048c-029-1,0.33922315649439816,0.46076502939999997,0.4246015731132174,0.4149527747090772,0.4322390111068881,0.47184198711615666,0.29931076345346175,0.3528847925625565,0.0680937797,True,CLT048c
CLT048c-030-1,0.6141314157643711,0.6366884101,0.6319456811663337,0.612229433880232,0.6154164421136283,0.6283905232422469,0.5776330717041352,0.6172861246967283,0.0753571963,True,CLT048c
CLT048c-031-1,0.43775713138201905,0.6255409962,0.5854773297557749,0.6011896531523186,0.6051290751415315,0.608486341515142,0.419769945770031,0.538606388851077,0.0780619198,True,CLT048c
CLT048c-032-1,0.529693594683374,0.5953097301,0.5461370821306624,0.5557676629142893,0.569608639449577,0.5714107095770691,0.5195771598378087,0.5588216283894974,0.0718457576,True,CLT048c
CLT048c-032-2,0.42974543323340303,0.4842480897,0.47939937909915825,0.45167429229060446,0.47333680392822797,0.44684970463462226,0.411836970176971,0.4727236847350526,0.0737730217,True,CLT048c
CLT048c-034-1,0.42084450459000966,0.6580378643,0.6006647255737175,0.6029257862887426,0.611586954768406,0.6373194047888313,0.3980855719554807,0.5987917880295143,0.0761788955,True,CLT048c
CLT048c-035-1,0.21585165446628068,0.3960800514999999,0.30014253883804326,0.3546947716143325,0.33234802368628247,0.36197377682978765,0.18429042543433244,0.3248886698538236,0.0789406299,True,CLT048c
CLT048c-036-1,0.33240867390385775,0.4809481007,0.44365321383196454,0.20269072601174654,0.2961724715688328,0.09015057123941074,0.3136273872595451,0.46871642857496476,0.0758727923,False,CLT048c
CLT048c-038-1,0.07951709335482683,0.3059922479,0.2987498513868037,0.2836015696574151,0.27097370473221777,0.29952227740362486,0.08256078378050939,0.230844086841473,0.0727315072,False,CLT048c
CLT048c-039-1,0.4233402875344213,0.5632994737,0.5549418675274926,0.5487723565930355,0.05416512943689157,0.08861326106932609,0.41159696368503074,0.5185138059962265,0.0752135905,False,CLT048c
CLT048c-040-1,0.427062390210642,0.5799113101,0.6102681116338939,0.6182474316897454,0.6192828626833713,0.4909060137623385,0.4212520591886625,0.5044375768948631,0.0786874203,True,CLT048c
CLT048c-041-1,0.6176595415184741,0.7332496514,0.7117077480579008,0.6967305036263395,0.7219905743170647,0.6750285524759936,0.6086471427097438,0.6928801337123903,0.0711265976,True,CLT048c
CLT048c-042-1,0.3434908139041082,0.4604954196,0.4770137828316658,0.481031751871275,0.4781495974715594,0.30895283614625746,0.3403313494619091,0.40560427284972855,0.0798415056,True,CLT048c
CLT048c-043-1,0.2714490148146182,0.4932163932,0.4340627317175101,0.4482548817208507,0.45652640353939633,0.4530456729781384,0.2382228693728821,0.3903051438289431,0.0739717977,True,CLT048c
CLT048c-045-1,0.4421082607640034,0.4779278593,0.4962991911786923,0.5143806807263134,0.5019539285634692,0.5124685394254382,0.44232830280151614,0.48400094508362695,0.0719027925,True,CLT048c
CLT048c-046-1,0.4443098559565885,0.5711927842,0.5347133467667916,0.5104765795720345,0.46204802875442913,0.3425651623468541,0.44665953794453145,0.5477119612207882,0.0753172557,True,CLT048c
CLT048c-048-1,0.741903912314916,0.8921185599,0.8533495669404744,0.5843176771129244,0.1045249266126438,0.2085982654006023,0.7269933519280019,0.8391386941184528,0.0757289205,False,CLT048c
CLT048c-048-2,0.4314189747361762,0.5297437479,0.49476004442069543,0.38943598633294957,0.4642293777358731,0.4386743390043359,0.42732449209168544,0.5189061175266385,0.0800170613,True,CLT048c
CLT048c-049-1,0.37090819831886734,0.4685428459,0.4380059358937529,0.45906354725563825,0.18537082938762395,0.3672459823260377,0.36065252120120717,0.44854323492944354,0.0802814067,True,CLT048c
CLT048c-050-1,0.425812953981965,0.527241006,0.5675822188418425,0.3202189402044842,0.3832644050559339,0.1071544417226786,0.40836297717990183,0.5012657230595946,0.0801569317,True,CLT048c
CLT048c-050-2,0.43516369325961596,0.5056847991,0.30545676926186377,0.4835197471830385,0.46249628540477156,0.45893959027937203,0.4199623123617801,0.46015067639986723,0.0691887433,True,CLT048c
CLT048c-051-1,0.40195852453817044,0.47542700669999993,0.4512792963706845,0.46094338475332663,0.4518310716078844,-0.01874604482777899,0.40730551498924383,0.45364870171300753,0.0738628406,False,CLT048c
CLT048c-052-1,0.5732395025645378,0.7529734871,0.7298226711081284,0.7511365470408251,0.757232348882013,0.7145987018176545,0.5492434442648125,0.6835773031123111,0.0727106494,True,CLT048c
CLT048c-052-2,0.3839947571837938,0.4202283134,0.049925227427419935,0.029778459924547255,0.43438807856190836,0.006428350050156312,0.38483261706270117,0.4272031753590708,0.0819386707,False,CLT048c
CLT048c-052-3,0.44064238272715456,0.5035749798,0.28920010371016747,0.46242416526175545,0.45882528303453124,0.23105677435867675,0.4365888190514524,0.5287291780284118,0.0784478226,True,CLT048c
CLT048c-057-1,0.482815458235385,0.667064183,0.6407638255018457,0.6505311696015305,0.634003075967626,0.650053846038605,0.47843182245021365,0.5956000908858758,0.076464008,True,CLT048c
CLT037c-004-1,0.2940367966735304,0.4239920296,0.2911727789334395,0.3043306837633448,0.3108617612136753,0.04923984540666781,0.2162995715680071,0.3401408587775274,0.0728087285,False,CLT037c
CLT037c-005-1,0.7125108183235073,0.5864374798,0.7476137103948095,0.7173719194813707,0.685334686042321,0.6505754385518675,0.7095996500334538,0.740070357435493,0.0912294317,True,CLT037c
CLT037c-009-1,0.719913530569565,0.8398140853,0.8346314580438257,0.8356485809060817,0.7912484222033177,0.6826467611478717,0.7114936482538964,0.8157819736740781,0.0784891676,True,CLT037c
CLT037c-012-1,0.6608856505774724,0.7082421943,0.71928705523636,0.7228515952490485,0.7169607239567665,0.7256967270158629,0.6495944242838488,0.703550062949068,0.0704193308,True,CLT037c
CLT037c-015-1,0.4198136272392961,0.6981968046,0.7094588240577563,0.7117934393726796,0.7389615636624498,0.6577032124926053,0.4167167159809759,0.5866125921308313,0.0750310579,True,CLT037c
CLT037c-018-1,0.6456746285327545,0.6943095464,0.6872457639381218,0.6431752880673531,0.6712835821731756,0.6717074382844204,0.6361514411512912,0.6773814669736679,0.0822435106,True,CLT037c
CLT037c-028-1,0.3062382468844201,0.2982151251,0.3540929197711566,0.2946687170487336,0.27992748172496046,-0.02984130774436128,0.27232541074265043,0.28878844086471744,0.0703193935,False,CLT037c
CLT037c-029-1,0.349332679543695,0.3775774993,0.017181189224779087,-0.008090812925858112,0.023699902006721642,0.08951571915520912,0.29640184881006315,0.3622518733210839,0.0712313625,False,CLT037c
CLT037c-030-1,0.5853735836976717,0.7436281557,0.7594636587716289,0.7436041522990107,0.6944546610626191,0.6774854337540872,0.5829171700312574,0.7084398263291292,0.074995928,True,CLT037c
CLT037c-043-1,0.6390095785539145,0.7377802438,0.7744515173039905,0.7739643965559888,0.7809688864926114,0.7669267913991593,0.6263964192350102,0.7320782043495409,0.0698721437,True,CLT037c
CLT037c-049-1,0.430151520541023,0.6119729478,0.5918026296967057,0.6097500852112813,0.555006071408679,0.502039289054567,0.39447315563818847,0.5201054764964776,0.0761984707,True,CLT037c
CLT037c-055-1,0.5311735162746412,0.6671844902,0.6773141800988939,0.6933004531926933,0.6912980780512967,0.6876986908668304,0.5258008397243569,0.6621047347877582,0.078414287,True,CLT037c
CLT037c-057-1,0.4737223345199995,0.6985661147,0.5244973790181198,0.6703799537506653,0.6928983885812191,0.7097965687797885,0.4464649858901495,0.6554994307305494,0.0762466095,True,CLT037c
CLT037c-058-1,0.29468452092075015,0.5555413146,0.5522905573297637,0.5607486747200505,0.5805327089418968,0.582909257404354,0.2114287542678547,0.5396017235255056,0.0838762641,True,CLT037c
CLT037c-060-1,0.6440761686553648,0.7702878915000001,0.7382380263387683,0.7652237722479,0.7666872156080515,0.7692969712415012,0.6421919127547854,0.7336763031570648,0.0791169578,True,CLT037c
CLT032c-003-1,0.7229711201537374,0.7806261525,0.7784251492810711,0.7873923180423846,0.7881774234779229,0.7617637110713114,0.6183637746899989,0.746001047464637,0.0803465661,True,CLT032c
CLT032c-003-2,0.2781597243295774,0.42032270120000004,0.4113189025346533,0.42505111415915614,0.4365128011472843,0.16896235513082775,0.17565862357599688,0.3791493219286303,0.0738522744,True,CLT032c
CLT032c-003-3,0.29192608146590837,0.3932082809,0.37346718632271547,0.3664556332897983,0.38640185785817927,0.3893536699659327,0.25905001812981204,0.3233060765110544,0.0761194071,True,CLT032c
CLT032c-016-1,0.6275216313189017,0.7318580600999999,0.7103773872066276,0.7147625027134383,0.7222427919253022,0.7023041441232037,0.5857601911561993,0.6786689430281432,0.0761638585,True,CLT032c
CLT032c-018-1,0.4598659416610724,0.5815777519,0.549809743317221,0.5538426563433692,0.1937744981222274,0.17985639301992543,0.43013670646617336,0.5094669976911509,0.0790225884,True,CLT032c
CLT032c-018-2,0.245132044913533,0.6478636408,0.5564128568832158,0.5899736977510479,0.608472988978893,0.6214264083242077,0.23860852335425353,0.5321496859769888,0.0811143303,True,CLT032c
CLT032c-021-1,0.29753622876613767,0.4394595807000001,0.41201320457481444,0.41803007495564354,0.340171191636225,0.267263937815546,0.3041082040418902,0.35249004754035246,0.0740715411,True,CLT032c
CLT032c-021-2,0.6897383598400704,0.7591852388,0.7047880242632102,0.7148576689680641,0.7407855479910417,0.7060124359511227,0.6821306345772605,0.7325235316144929,0.080415047,True,CLT032c
CLT032c-022-1,0.5908764958639218,0.6941269677,0.6908033007006501,0.7014574504143338,0.7100486071375584,0.6982016600348565,0.5787465536171871,0.7186064418814717,0.0706819903,True,CLT032c
CLT032c-022-2,0.3527024155627846,0.44733861860000007,0.4739659920269811,0.4742343706967484,0.49161444516133807,0.4916785707007889,0.35812094120776444,0.4704449234427893,0.077572799,True,CLT032c
CLT032c-024-1,0.5817803142475271,0.7588435191,0.7332690640186539,0.7483667905452666,0.7562415351992279,0.7559981960238972,0.5631133437735985,0.702317113845808,0.0785533815,True,CLT032c
CLT032c-028-1,0.3943934669646285,0.530393304,0.5095001069788241,0.5342749928277658,0.5068370362252865,0.5098769106069244,0.33603278676767534,0.4660353599474512,0.0789893347,True,CLT032c
CLT032c-030-1,0.5477939921208521,0.7417209674,0.681952590567753,0.7059524582161704,0.7226283338920296,0.7257970092574584,0.5400226858241817,0.6770321322483844,0.0857098707,True,CLT032c
CLT032c-030-2,0.46119139921475805,0.6498520259,0.6016099905336916,0.3683734868750797,0.09085652209886776,0.10583328388999269,0.44345934495015166,0.5486600114294176,0.0936412332,False,CLT032c
CLT032c-030-3,0.7498072819071002,0.7932504942,0.772770148381874,0.7690918838812348,0.787268542957926,0.780731700491833,0.746791667885179,0.7728218495120008,0.0867649249,True,CLT032c
CLT032c-030-4,0.37594458301795636,0.4616236943,0.43132634779723,0.3978270691004932,0.32217464555747066,0.36418185309652507,0.3643559300796126,0.38405451357945464,0.0759937992,True,CLT032c
CLT032c-031-1,0.3981436473279672,0.6986909195,0.6343686696338751,0.6718878273033507,0.6587262182609859,0.6686798265974581,0.4170653824407623,0.5702642412587196,0.0944250322,True,CLT032c
CLT032c-034-1,0.626705899507785,0.8367533138,0.7995843727129479,0.8140476996174348,0.8185764532078397,0.8329390648268632,0.43156215881512194,0.802221434716634,0.068378783,True,CLT032c
CLT032c-036-1,0.463629380387668,0.7390691522,0.6826444269092622,0.7044387243681111,0.7287691874658822,0.7439071179364717,0.4382189978553596,0.5118179434879723,0.07589618,True,CLT032c
CLT032c-038-1,0.5093561169265091,0.5845745214,0.47005736268323006,0.2923351656629074,0.37614426544736895,0.4070357051216319,0.4546188560578343,0.45419709936300684,0.0984916649,True,CLT032c
CLT032c-042-1,0.3949468167937178,0.5059402266,0.4776404703185375,0.5029167819379539,0.5130782529343317,0.5283783336411608,0.39305104669065966,0.4699456590442359,0.0792828085,True,CLT032c
CLT032c-043-1,0.6188514115886157,0.6775888173,0.6452815609813078,0.6568376875748367,0.6616521198480331,0.6585300825862255,0.595095141589452,0.6392658337733291,0.0802725469,True,CLT032c
CLT032c-044-1,0.44216608222557063,0.7432771105999999,0.697670779772243,0.7056948733156672,0.7226250796508796,0.7261965686025242,0.4103571851126418,0.6304997639935289,0.0765248249,True,CLT032c
CLT032c-045-1,0.3776260125201649,0.6545230113,0.5631437941350601,0.5918049862311292,0.6008994164861804,0.6316612587125776,0.3691758600641479,0.5730707750999426,0.072222527,True,CLT032c
CLT032c-045-2,0.6062749169572822,0.7664000499,0.708019788130424,0.7456388709445335,0.7555720287920661,0.7606373110513098,0.591177011521341,0.7097331267984958,0.0747489853,True,CLT032c
CLT032c-046-1,0.40645417022691926,0.5424195602,0.5098766649508122,0.5291166464819663,0.5411015166412945,0.5537329848862578,0.39205492068808345,0.4711578226628485,0.0770662001,True,CLT032c
CLT032c-046-2,0.43584036657340064,0.5712801338,0.5361381256602684,0.5602265610274544,0.5659804823796342,0.563924792749421,0.42974841650991874,0.5023957552879764,0.0785304757,True,CLT032c
CLT032c-049-1,0.3729221982614903,0.6557254028,0.5721036953942968,0.6350563708728533,0.6357121684084084,0.6423739551554422,0.3419695913816455,0.5273214116596353,0.0803932496,True,CLT032c
CLT032c-049-2,0.27775510049041774,0.5268684894,0.39024293057068843,0.4926396356134297,0.4590883076642689,0.4854827184008043,0.2604725244563249,0.3693865226043252,0.0823909548,True,CLT032c
CLT032c-050-1,0.5020360978033437,0.6798146198,0.6158983948413075,0.6420917774672537,0.642952369080776,0.6523190880270652,0.42716279444856736,0.583001131769372,0.076191327,True,CLT032c
CLT032c-051-1,0.621859817603823,0.7322596531,0.6731103813858165,0.7106991226183853,0.6522439519510108,0.6719741166995771,0.618825944041229,0.6903676973242873,0.0962954245,True,CLT032c
CLT032c-052-1,0.3981985524683652,0.5282791591,0.4481462012821025,0.5040714651137372,0.5247905964004576,0.5356528037116679,0.37481229073701894,0.4700937068900256,0.0773412439,True,CLT032c
CLT032c-054-1,0.5780234193584299,0.695581578,0.6451392686184264,0.6600487281921957,0.6841667018642494,0.6838962842592081,0.5604079818413594,0.6260300576887105,0.0770840412,True,CLT032c
CLT032c-054-2,0.6166938757085474,0.7149341354,0.6811949425613362,0.6833138029955683,0.708083051579535,0.7121691171689042,0.6101021446480858,0.6398892894305211,0.0866833561,True,CLT032c
CLT032c-055-1,0.21876643890372222,0.3342878364,0.265934087033257,0.3108954571135522,0.3189875925213041,0.29076984960635394,0.189117900214423,0.22973175116493727,0.071236043,True,CLT032c
CLT032c-055-2,0.49667438304341444,0.5693960628,0.5318989742060878,0.5572165192777512,0.5603200207467186,0.5481872596177675,0.47268308348001364,0.5173205811915476,0.0764225973,True,CLT032c
CLT032c-055-3,0.6250759180358881,0.7022217427,0.6688295429394059,0.6880243394114918,0.6823505348972096,0.6623651991200679,0.6159434169796325,0.6700517898028111,0.0772461299,True,CLT032c
CLT032c-056-1,0.38048121420073705,0.4634532213,0.41577020608723836,0.4537596486706912,0.4605799259043701,0.4539454242609594,0.3760161728843787,0.41635101639067046,0.0757695387,True,CLT032c
CLT032c-057-1,0.3362571838380448,0.4218397753,0.37978759027977066,0.4018525823005628,0.422113962081309,0.40281515298885856,0.2803472622973691,0.35854669994358496,0.0749762328,True,CLT032c
CLT032c-058-1,0.5559684572257534,0.6108046046999999,0.6159914535056435,0.6373259165099855,0.6409838559105842,0.609267410169886,0.5526328874500225,0.5632200387584705,0.0780971127,True,CLT032c
CLT032c-058-2,0.3886208395675211,0.6496875148,0.5990708389175227,0.6164311714692166,0.6215124616092539,0.6318636995344449,0.32667950698061105,0.576130175894598,0.0730175219,True,CLT032c
CLT032c-058-3,0.4030374136776916,0.4667087557,0.4554325507317857,0.36664905276879034,0.10812589550848152,0.09686428466881791,0.3148913632943842,0.41553962174198344,0.0834677156,False,CLT032c
CLT032c-061-1,0.6837721526022282,0.7936260843,0.7454463666964525,0.7653816003974653,0.7709038823846502,0.7784972693702582,0.6793338097513865,0.733776618640944,0.077632484,True,CLT032c
CLT032c-064-1,0.3725446414251227,0.4926221985,0.4013549203744786,0.41561207821138435,0.44708089475951823,0.45454229300770554,0.34857367583554416,0.4185184892612961,0.0764245034,True,CLT032c
CLT039c-002-1,0.42143903647418596,0.6052393948,0.515031090331567,0.550906308908676,0.5496062776729888,0.5869913015420487,0.4276446554149063,0.5315268849148311,0.0736647808,True,CLT039c
CLT039c-004-1,0.40700932135244255,0.6995578909,0.22807081141093727,0.17221710194816395,0.2722262703423188,0.1980162715841181,0.4040904974910403,0.5334007665474445,0.0771957982,True,CLT039c
CLT039c-005-1,0.5291930065518772,0.5828148728,0.6104683146581438,0.6397749739722289,0.6338076376356953,0.1213260997392974,0.5097563516274026,0.5495768181018106,0.0750040183,False,CLT039c
CLT039c-011-1,0.5267001918319675,0.6424094565,0.6026159874803201,0.610953053636073,0.632012338886954,0.5962510372204897,0.5254995972286634,0.6027001421870934,0.0844763076,True,CLT039c
CLT039c-016-1,0.5282274469944472,0.5284507928,0.6199208636152818,0.6578834992045144,0.5605996070640339,0.5590711765441561,0.3317921060388931,0.6418109777601261,0.0871849797,True,CLT039c
CLT039c-017-1,0.8604505802252125,0.9245727324000002,0.9067266001109408,0.9201269052709308,0.9133466269554601,0.9177276348805364,0.8396091779856456,0.8883649009456928,0.0736089161,True,CLT039c
CLT039c-018-1,0.4577152575299614,0.7901764066000001,0.7348442394048931,0.7448775803067459,0.7756293840150082,0.7720754140772204,0.392665281570535,0.7525167666176082,0.0837599682,True,CLT039c
CLT039c-023-1,0.6359818098595686,0.8050209075,0.6971444733938847,0.7734573989646951,0.7785782228498712,0.7890099686812158,0.5881382574033942,0.7461733807115732,0.0912819477,True,CLT039c
CLT039c-026-1,0.4677537304726331,0.6782947646,0.6240686486858247,0.6497877294570505,0.6725574232858358,0.6681139325225625,0.4618430525102557,0.564529370565889,0.0765927195,True,CLT039c
CLT039c-026-2,0.8452785922855974,0.8794501145999999,0.8634231045748963,0.8590815418184592,0.8651510248677112,0.861426919623565,0.8458103935435766,0.846480036300743,0.0748285385,True,CLT039c
CLT039c-031-1,0.535468890186212,0.8119833888,0.7615500343758895,0.7766545127308462,0.7812133310774353,0.787081027851829,0.4845534624042729,0.7078432520297903,0.0766207051,True,CLT039c
CLT039c-032-1,0.4786153284325567,0.6642738506,0.5760105298462566,0.6095842099902815,0.6277350180539528,0.6443796654055557,0.4634680517066741,0.6174825108306143,0.0872982928,True,CLT039c
CLT039c-034-1,0.6659304449463785,0.8198038553999999,0.7048961196425293,0.7596343719355252,0.789204176531864,0.8019606015395573,0.6544377564571215,0.7196690674260704,0.0797922547,True,CLT039c
CLT039c-036-1,0.5027461152007515,0.6713850566,0.5987387967292364,0.5804837551494222,0.6138561870090585,0.5608039266982497,0.4160664180074723,0.6045351499798672,0.0728226227,True,CLT039c
CLT039c-038-1,0.6979090737741213,0.8290664411,0.7461988208912378,0.7717384670292398,0.7993419798135025,0.8272428041114225,0.6688325748045512,0.7668458026356233,0.078163474,True,CLT039c
CLT039c-039-1,0.2329734052928775,0.4708697846,0.34545320452663525,0.45766762678116346,0.29159429524781294,0.2590651362516405,0.20079175808144803,0.27171642684596886,0.0863081599,True,CLT039c
CLT039c-040-1,0.3047117113012455,0.5963508639,0.5039095065338351,0.5366188374837335,0.5650947975642316,0.5812657062025713,0.23484146840784964,0.5469540166232216,0.0782130467,True,CLT039c
CLT039c-040-2,0.7077052381137597,0.7762038193999999,0.7249317095921438,0.7574098936143815,0.7604610929852457,0.7488544183021663,0.6937253773176988,0.759903479191764,0.0924790582,True,CLT039c
CLT039c-041-1,0.33401713629026625,0.5408554818,0.4803128836631678,0.5060241511766215,0.5468695982500963,0.5421426250578288,0.25004592545268983,0.36373283820075275,0.0746334539,True,CLT039c
CLT039c-041-2,0.5131579237959162,0.6457664481,0.5869941418613459,0.6276872539268725,0.6204823693553095,0.6084533848208195,0.46570195489803917,0.6279620888574761,0.0838050274,True,CLT039c
CLT039c-041-3,0.28743160214311714,0.5912075729,0.5341609026271296,0.5823030089371655,0.4491362184054564,0.43296161739401023,0.2712076051668179,0.36477702615865853,0.0864664685,True,CLT039c
CLT039c-042-1,0.7509621640497796,0.8303865804,0.7895272128479166,0.8002122478756164,0.813536556144596,0.8285193226357064,0.47785052468244316,0.7493815745089003,0.0721177701,True,CLT039c
CLT039c-042-2,0.3158468427220915,0.5158579048,0.40581981754702035,0.43108194759900575,0.5165043518803122,0.5354858203256769,0.24872043346438694,0.4402022268978196,0.0890496311,True,CLT039c
CLT039c-043-1,0.8577582244841049,0.8760401467,0.8314353122262095,0.8438208616671693,0.8588606106816665,0.8710154718749563,0.8256288416957267,0.8143600296829641,0.0709640734,True,CLT039c
CLT039c-043-2,0.4502710624747499,0.6603977561,0.5837503832828631,0.6498842281158128,0.6623260379181102,0.6607143455010467,0.4431573999899032,0.6283535859831707,0.0831118946,True,CLT039c
CLT039c-044-1,0.45103003695165955,0.6976469326,0.5593166012982104,0.627792240489804,0.596711167929697,0.5297255979517435,0.43134543944905895,0.5310352042341856,0.0837346949,True,CLT039c
CLT039c-047-1,0.7100357982037441,0.8407297527999998,0.7869600254983429,0.80204556002579,0.8190171432583813,0.826671341291604,0.6628071555126372,0.7751487546422353,0.079121068,True,CLT039c
CLT039c-048-1,0.3888317238839136,0.7014828594,0.6108652413124892,0.6691419376017688,0.6763900490517951,0.672591427468676,0.3048213265530648,0.5103673045255338,0.0723029755,True,CLT039c
CLT039c-048-2,0.4799999576268681,0.709907578,0.637853748924761,0.667382168133134,0.6794809425770756,0.7033407848507524,0.4095038517991788,0.552778796372126,0.0704086711,True,CLT039c
CLT039c-048-3,0.43854741300556815,0.706783585,0.643764615124442,0.6779824469785987,0.6811118817927191,0.692731357705242,0.35864685111086264,0.5364318197226736,0.0767913216,True,CLT039c
CLT039c-048-4,0.4904207197021211,0.7379213206,0.6385293814781706,0.6784688668013982,0.7028632153339907,0.724565228456547,0.4211097183765957,0.5760144010313624,0.0752321587,True,CLT039c
CLT039c-054-1,0.32666703538015635,0.6427811631,0.4895808062067953,0.5798624580633673,0.6021295896845947,0.6481358580102673,0.26717369088756954,0.5484080093703441,0.0794619147,True,CLT039c
CLT039c-055-1,0.5140316234377247,0.6881208839,0.5716795484347369,0.6453687789868692,0.6670790294101261,0.6713056671786558,0.5006628870567239,0.5782343806092617,0.0743994278,True,CLT039c
CLT040c-003-1,0.7967784840557688,0.8758752511,0.882203895667027,0.8860970899089546,0.8844617475113018,0.8826946569243838,0.7918828509433847,0.8616372572232,0.0733569492,True,CLT040c
CLT040c-003-2,0.6144556349710585,0.7645496196,0.7161657710432585,0.7944147390344976,0.764302748128047,0.7015546461068296,0.5784146219018514,0.7196109754208606,0.0732550361,True,CLT040c
CLT040c-003-3,0.3586425102067941,0.5785771462,0.47416326010978127,0.3602831561009353,0.4177863411744259,0.39952159290962114,0.3671307601263846,0.48090051877579276,0.0758146304,True,CLT040c
CLT040c-005-1,0.3857826962117913,0.718158243,0.5389299453926047,0.6706815745890606,0.7400759539760616,0.6720802521275971,0.3021909556214501,0.5083408401755599,0.0717088603,True,CLT040c
CLT040c-009-1,0.5046152167510707,0.7266157154,0.6930256486524278,0.7128571561500022,0.6979284274172948,0.7197822684862897,0.4935704044833263,0.6308741885560011,0.075587239,True,CLT040c
CLT040c-010-1,0.23707758859104963,0.3544584543,0.14863980958549045,0.09039427417464264,0.20588748999010967,0.2261516222313369,0.23902560909029139,0.4311890673499781,0.0764123996,False,CLT040c
CLT040c-011-1,0.5431608265514493,0.6625165453,0.6280523902322057,0.646342647393811,0.6388868516900562,0.6701227753209312,0.5111783213350909,0.6411303067597672,0.0742783727,True,CLT040c
CLT040c-012-1,0.5799598047553848,0.7229122498,0.7190003156200778,0.7223790404366155,0.6472244473934975,0.6723472041341927,0.5550167103824573,0.6444342774334443,0.0771470906,True,CLT040c
CLT040c-013-1,0.5841462895553717,0.7633129413,0.7302026344763995,0.7481433847568505,0.7514659509270342,0.7403107375661427,0.5593881480035422,0.6877178506087901,0.0732134637,True,CLT040c
CLT040c-015-1,0.5941081258792542,0.7591922037000001,0.7104817852420121,0.7399231943876085,0.7577399969435692,0.7255535663609738,0.5909194338402394,0.7292375699949777,0.0837634849,True,CLT040c
CLT040c-016-1,0.42546085200462125,0.7502997929,0.6932280869522128,0.7087532373784456,0.7135092389116497,0.7259022677725258,0.37177648522225837,0.5202643803843937,0.0741300076,True,CLT040c
CLT040c-017-1,0.42372373945702496,0.6521284791,0.5939996349793074,0.5458403273740058,0.5259932990963303,0.47078690489863567,0.4124723901591568,0.6092981972183154,0.0814812927,True,CLT040c
CLT040c-018-1,0.7863272486318665,0.8650255769999999,0.8165495191445089,0.8540743276985217,0.8579101701120296,0.8684970739752619,0.7687564053857306,0.8473427790860548,0.087266738,True,CLT040c
CLT040c-019-1,0.3048242395494005,0.495890464,0.4012452882459317,0.4434704093882594,0.4542631285305768,0.44192103433170393,0.2769943621021079,0.39152848355674863,0.0782207016,True,CLT040c
CLT040c-021-1,0.555835088691868,0.6471728131,0.6916437294631975,0.518195951483381,0.548491914589595,0.41716478208942304,0.5284439118000979,0.6480451195639706,0.0822076603,True,CLT040c
CLT040c-022-1,0.29479566666632745,0.6006079482,0.42888952970256433,0.49687914726118404,0.5626117677706609,0.5589523036897552,0.27138294681583086,0.36629692539139996,0.0701646995,True,CLT040c
CLT040c-024-1,0.35305585888062974,0.6484299745,0.5024255475506924,0.45932190692552727,0.5971736661858981,0.4287222894746279,0.3452033051493611,0.43698549820934507,0.0844364522,True,CLT040c
CLT040c-025-1,0.7383415850719358,0.8019478373000001,0.7286453386237278,0.7746503246663977,0.7786977774447434,0.7885557627860176,0.7236478274453959,0.7581617840261751,0.0801046375,True,CLT040c
CLT040c-025-2,0.6993244575854397,0.7530823499000001,0.7366954590567388,0.7271239842630783,0.6752162769511733,0.6469978129906331,0.6108790143229414,0.7148698278290411,0.0767187528,True,CLT040c
CLT040c-026-1,0.5888374272283619,0.6127433669,0.557002861162097,0.4988314840085613,0.6332332648526409,0.517915923322881,0.6076836782209205,0.6190829543237115,0.0720455239,True,CLT040c
CLT040c-027-1,0.5878975668826247,0.8141177847,0.7208529471122476,0.7264401649922249,0.7526074772584089,0.765159782376634,0.558808138013966,0.7923688822467865,0.0856898826,True,CLT040c
CLT040c-028-1,0.7984986105384944,0.875195204,0.8054906579868576,0.843703146103334,0.8619845176124844,0.8585416243997516,0.7838124412853267,0.831033936268111,0.0818476669,True,CLT040c
CLT040c-028-2,0.5197084122485427,0.6783063505,0.5560283777773316,0.561993086583831,0.38351283342581155,0.3934600790313138,0.4424161745380783,0.6271411679395841,0.0834665053,True,CLT040c
CLT040c-031-1,0.35381660001980114,0.6022645583,0.574045993290322,0.5878193110234448,0.5699323811559679,0.5758536531226444,0.35483899763125576,0.49523405061445247,0.0816154565,True,CLT040c
CLT040c-031-2,0.6429776688518494,0.7776612838,0.6979784420491167,0.7268726644955701,0.7461899661387482,0.7752944644415406,0.6325143806329171,0.7361273418307561,0.0915285498,True,CLT040c
CLT040c-032-1,0.5543670520075975,0.7586982281,0.6836699337392302,0.707074979039704,0.7119492703592036,0.7101988050752455,0.4134381756670295,0.6891487559701369,0.0820939576,True,CLT040c
CLT040c-034-1,0.6114577993929818,0.7704793083999999,0.655596769046045,0.716685971688778,0.7426863953166158,0.7712049249983393,0.603543762778584,0.7241769020435896,0.0708261381,True,CLT040c
CLT040c-035-1,0.5451473621987684,0.7506309312,0.6700300720451606,0.7036226072865502,0.7162706462191225,0.7169930141596169,0.5415546848849967,0.6741916506574194,0.0869475227,True,CLT040c
CLT040c-035-2,0.5937984064524584,0.7595000077,0.7314252122007565,0.22013064502958546,0.5755907640041134,0.37133871620115283,0.6048130699533918,0.7176805424393273,0.0784141743,True,CLT040c
CLT040c-036-1,0.5951175013049412,0.7734424645,0.7094401859388386,0.7305888012038151,0.7583562147469579,0.7733300053979855,0.5889028603377718,0.6997607475169051,0.0797385765,True,CLT040c
CLT040c-041-1,0.5492602005977281,0.6415207428,0.5900443761173979,0.6171115934718,0.6299953839454017,0.6403627450563992,0.4881270980739076,0.5609643466434919,0.0709317809,True,CLT040c
CLT040c-042-1,0.15515969174867492,0.295644726,0.20405862679827333,0.25644579037213927,0.25405089425524974,0.2537241065254719,0.10494575072150762,0.2272001762922211,0.0721326018,True,CLT040c
CLT040c-042-2,0.6558733130844403,0.8150861307,0.7668075340397118,0.7828954650755764,0.7925223375572765,0.8119208553431129,0.6128139185577709,0.7683484319262133,0.074859364,True,CLT040c
CLT040c-043-1,0.74901632488911,0.8699580336,0.8732194548706265,0.8720135829616542,0.873955223140013,0.880238770363587,0.7258156869204269,0.8331702002631451,0.0741608739,True,CLT040c
CLT040c-043-2,0.6760721814939145,0.8228035574,0.6950112636457298,0.7774671284129454,0.7919304516942841,0.8232945793314803,0.6554649771764177,0.742015200215073,0.0776000851,True,CLT040c
CLT040c-045-1,0.3068748391464067,0.5388751632,0.47594407461618776,0.49931022272620923,0.5054176077037513,0.5093806332644296,0.2701005216504449,0.45958369662545745,0.0743290101,True,CLT040c
CLT040c-046-1,0.2772112268928976,0.4745834493,0.37580736584039576,0.4075009410337387,0.42891964380248493,0.42118686869247757,0.2818761789930711,0.34867392157262234,0.0794934562,True,CLT040c
CLT040c-047-1,0.532662187437445,0.6605050059999998,0.5342119330434582,0.6087299468880545,0.632816623723605,0.6517740522200569,0.5038252294495372,0.5636463802586745,0.0774151791,True,CLT040c
CLT040c-048-1,0.41629422995501536,0.5282364234,0.4958919989275477,0.5119922184933315,0.5338587848079709,0.4783476387050783,0.3791982342550305,0.49063119125960036,0.074872399,True,CLT040c
CLT040c-051-1,0.5746051217146333,0.7080939641,0.6440830468922365,0.6792303779960187,0.699659482058076,0.6984835305143843,0.5652458405741622,0.6267619758732946,0.0735187454,True,CLT040c
CLT035c-003-1,0.47190857903680156,0.5321145472,0.559163873479827,0.5477129326017198,0.5570829454675027,0.5078138653595736,0.4693717157146423,0.5065588290817543,0.070833157,True,CLT035c
CLT035c-009-1,0.3115423214840098,0.4274498668,0.2088717149024205,0.17044365577722811,0.3618327663218025,0.057644917322065156,0.25283645938183796,0.4131262619979,0.0756038959,False,CLT035c
CLT035c-009-2,0.6659031926617385,0.7389957438,0.7976985036348548,0.8040093182622248,0.8108673846752064,0.7886425933981122,0.6625521837424727,0.752904603241899,0.0739010792,True,CLT035c
CLT035c-009-3,0.7758244626663139,0.8653772143,0.8462064088281498,0.8712199062548807,0.8842976980992445,0.7908561499577282,0.7611463709165135,0.8674218066116057,0.0840136728,True,CLT035c
CLT035c-010-1,0.5670004229228083,0.795320569,0.7689819371420811,0.7921594098967564,0.7866234230582128,0.7867658818901638,0.5541028055059782,0.7240593145493118,0.0790666682,True,CLT035c
CLT035c-016-1,0.07220243983047081,-0.0418720041,-0.014722866604112698,0.01199113146949341,-0.0008579910525409228,-0.00807560968428347,0.10081951487521322,0.021072941143354864,0.080268929,False,CLT035c
CLT035c-017-1,0.5919721710711745,0.6209041,0.6269259931947265,0.6350248149834525,0.6417482962316619,0.11062491531377923,0.5793421824380903,0.6209950143766364,0.0775307853,False,CLT035c
CLT035c-018-1,0.6873377388016216,0.7392722597,0.761495182009251,0.762694649857332,0.7403875809665504,0.6560853720770524,0.678173010134338,0.7532145577308604,0.0745500674,True,CLT035c
CLT035c-023-1,0.5314648601161,0.5997385048,0.6304976950717255,0.6403190878420242,0.5687194978568628,0.6394122991622043,0.5109539640663097,0.5572147678774007,0.0721189949,True,CLT035c
CLT035c-024-1,0.2836860227068942,0.4055513988,0.28447799920190103,0.3530807899258129,0.19839067948988273,0.12561763165654594,0.2677694104300653,0.3726229543822408,0.0752459071,False,CLT035c
CLT035c-025-1,0.552257493287919,0.6735088375,0.6353519235923356,0.6877284382218165,0.6773641033372811,0.627321134435212,0.5486192198923036,0.6185095061289464,0.0792995753,True,CLT035c
CLT035c-026-1,0.4223447756296184,0.7681544093,0.6693574601902873,0.6545818652674987,0.6998121833265082,0.675565792701921,0.41141662560316206,0.7105013848797201,0.0833763617,True,CLT035c
CLT035c-026-2,0.32807309606659735,0.5983586394,0.5741029109292773,0.5498683822015984,0.279218887168277,0.30116153454184447,0.3130397639606224,0.5408633377777337,0.0741470289,True,CLT035c
CLT035c-027-1,0.5682415127817997,0.6853582655,0.6610852639868118,0.6322436320014131,0.6234780005440119,0.5454253545550001,0.555037668218705,0.6127590156056127,0.0783239027,True,CLT035c
CLT035c-028-1,0.6137214817173997,0.8571334399,0.8020008619601856,0.8013726652367454,0.8377615871373134,0.22217729040700748,0.593759062898461,0.7581361957539465,0.075218861,False,CLT035c
CLT035c-028-2,0.602862975642355,0.7110392832,0.7214156221018456,0.731645662142444,0.7440014917285717,0.4176032597248633,0.6023699021004966,0.6467302196018828,0.0791088753,True,CLT035c
CLT035c-028-3,0.42735330387960685,0.4327395394,0.3339058147849593,0.29614669423388995,0.34605312922738457,0.29330575293085853,0.4031221363680946,0.5031150902068183,0.0821997004,True,CLT035c
CLT035c-030-1,0.2985114659593687,0.5071859542,0.4944673765410743,0.56237566946408,0.19133785904385725,0.16069294947688142,0.24483476782376745,0.343549071346249,0.0794576089,True,CLT035c
CLT035c-034-1,0.4526128672440734,0.6458707761,0.6247499941209282,0.5541183863642475,0.5862703619991309,0.35975011058540873,0.5058288422260898,0.61092418266132,0.0725929985,True,CLT035c
CLT035c-034-2,0.5412095090875891,0.7226120639,0.7211403152939702,0.7296409025767149,0.7290663357329291,0.7342665224529107,0.5300587609221514,0.6574439976890195,0.0755259856,True,CLT035c
CLT035c-038-1,0.7442113841802989,0.8456230132,0.7884665412791049,0.8039450529298354,0.8224174897541219,0.8321135807120013,0.7162230225047144,0.7695412774986653,0.0782982382,True,CLT035c
CLT035c-043-1,0.4821180035648642,0.7864691835,0.7176722035686341,0.7356057823253365,0.7649422964126263,0.7796328855027921,0.4427773618130613,0.7492787390268327,0.0759727566,True,CLT035c
CLT035c-046-1,0.6180678471968203,0.756993771,0.7183671213406886,0.740352599020268,0.7491312392344377,0.746960189524062,0.611547356325374,0.7007898882027002,0.073039559,True,CLT035c
CLT035c-048-1,0.6228952386015119,0.7459731462,0.7024785255730076,0.7243201605240968,0.7430318468542199,0.7467867719136968,0.6195193252631955,0.7007992943503382,0.0783360807,True,CLT035c
CLT035c-049-1,0.1340942775458646,0.5026456399,0.45564058930678725,0.46847241823923447,0.48796385595287955,0.4992569918164389,0.09452722785318407,0.4331996533057514,0.0715416303,False,CLT035c
CLT035c-049-2,0.11913518572239297,0.48710238289999996,0.2946154812768078,0.41363539563931717,0.46732299970476104,0.4582098309998432,0.0953705146245591,0.2866194706111074,0.0749393808,False,CLT035c
CLT035c-058-1,0.4184244528491224,0.6795673983,0.6292715782825417,0.6508592122815308,0.6699267883745329,0.7021789317284562,0.3931819942520801,0.6237628047633968,0.0766638793,True,CLT035c
CLT035c-061-1,0.28806048484409236,0.5841126893,0.5128959296983316,0.5634527739913046,0.5930356857151851,0.6295522886937303,0.18519564303019018,0.3848578823746001,0.0770945618,True,CLT035c
CLT047c-003-1,0.4488945391314814,0.6678574558,0.654288139642906,0.6666128692959149,0.658027891671649,0.6662022656532559,0.4392576040130902,0.6082914062032856,0.0805626339,True,CLT047c
CLT047c-003-2,0.7658659705202272,0.8591012359,0.8264565197419863,0.8553613563523615,0.8473805987991727,0.8537175001626421,0.7642797156335204,0.8407128490893462,0.0692369817,True,CLT047c
CLT047c-003-3,0.4297377749148793,0.5158416155,0.45304526955113933,0.4637589606093119,0.4529003418177045,0.4576814741141642,0.42314249264713716,0.4311336964175659,0.0718835023,True,CLT047c
CLT047c-004-1,0.4523935141326195,0.5401613436,0.5491369241989973,0.5651434940128381,0.5758560148843713,0.4360042278796272,0.44887059452438305,0.4915370076367599,0.0799069017,True,CLT047c
CLT047c-004-2,0.35935507283736423,0.6813002685,0.6390138577165306,0.6670220900471487,0.6585867907257444,0.672153329959202,0.3420592608759471,0.6197356524800527,0.0815533724,True,CLT047c
CLT047c-006-1,0.34432870934648707,0.6161125969,0.5345248477615202,0.5249992795700723,0.5715826700898545,0.5781563566872581,0.3424196874593775,0.4955459873073555,0.0761925229,True,CLT047c
CLT047c-006-2,0.5263651998538159,0.6672843373,0.6698489628704202,0.6869816769459104,0.6898048529047269,0.6990893937957064,0.5127163699815537,0.5922219619002368,0.075263931,True,CLT047c
CLT047c-006-3,0.3829897673600253,0.6139744852,0.6023761458432616,0.6194138483087609,0.5921327179835475,0.4792613216709542,0.3836853669956968,0.5887625904524575,0.0813337769,True,CLT047c
CLT047c-007-1,0.4295024345775043,0.5668593428,0.5135899393863459,0.5534188784033125,0.5536413266194229,0.5368723049533124,0.4291200200498017,0.47582311671828686,0.0801893923,True,CLT047c
CLT047c-009-1,0.5257513220021827,0.6770990007999999,0.613010339420478,0.6901638562582454,0.6942830432078905,0.7084135618884109,0.5208045488178541,0.6251240219516403,0.0714749113,True,CLT047c
CLT047c-010-1,0.6232373008517874,0.7655093666000001,0.7356416234286461,0.7440588419483802,0.7556409291793207,0.7552612464973216,0.6804384570909491,0.7037905244879502,0.0768300381,True,CLT047c
CLT047c-010-2,0.3372730053120135,0.6478624471,0.5447205766458083,0.5569681502962956,0.5864949076735911,0.5947088048163657,0.28194518950036157,0.4892881647107925,0.076215608,True,CLT047c
CLT047c-012-1,0.4676224805787072,0.7042466051,0.6459656535015116,0.6650131249010651,0.6751873697888819,0.6844688033939017,0.46237435049636727,0.5790085925961341,0.0747234679,True,CLT047c
CLT047c-012-2,0.1147056570173165,0.228750218,0.10921754910022011,0.11934606188235307,0.1657413662513704,0.11471249508700194,0.09256411428299492,0.16641805363418577,0.0718881533,False,CLT047c
CLT047c-015-1,0.6282453313914437,0.7334119885,0.6611084202603006,0.7016123493112848,0.6937574062199625,0.6967640357755881,0.619997798917115,0.6822558217443121,0.0702769278,True,CLT047c
CLT047c-016-1,0.530161347383804,0.7891329061,0.7122758128636768,0.7576475743590738,0.7715685520122174,0.7737646427587398,0.5129284166571573,0.7613943542029552,0.0893014521,True,CLT047c
CLT047c-016-2,0.5809721372534649,0.7173475008999999,0.690498947959897,0.6992253358225348,0.6948697051935915,0.690798120780368,0.5225387496702494,0.7057920943891903,0.0805956212,True,CLT047c
CLT047c-016-3,0.7503906018606424,0.8373369857,0.7844483961174366,0.7945092237141569,0.8060226375048419,0.8225046928041572,0.7470842288339238,0.7923149179866855,0.0720833534,True,CLT047c
CLT047c-017-1,0.5907121249876846,0.7934508129,0.7517989268376154,0.7817106080474765,0.7762616080402063,0.7769099722466686,0.5824625886223476,0.682118145222762,0.0726569668,True,CLT047c
CLT047c-018-1,0.34753336952738306,0.5517877903,0.5229906802753161,0.5413763882785776,0.5378067558473107,0.5039504057786705,0.3173751892811869,0.5033913073534578,0.0755378904,True,CLT047c
CLT047c-020-1,0.2577590907286976,0.5239670129,0.42889575484764575,0.4700410696375759,0.4340183107129989,0.11020044334725788,0.26494488228731566,0.4086217019725726,0.0752126506,False,CLT047c
CLT047c-021-1,0.4163646488790641,0.5075110629,0.5011775107177129,0.5329542796508028,0.5394523188631538,0.5250668667857988,0.40955534999910453,0.4425214305685183,0.0739168065,True,CLT047c
CLT047c-022-1,0.6310575624538372,0.7636064883000001,0.7633176201258699,0.7596587326177894,0.7645250689704155,0.7224605658091332,0.6505431726119534,0.7635387127427344,0.0833386647,True,CLT047c
CLT047c-024-1,0.55222213499043,0.6216159559,0.5720172107807476,0.5547340424498208,0.5713440515934075,0.5383422213688099,0.5484169476814061,0.5786845144458684,0.0808076151,True,CLT047c
CLT047c-024-2,0.6817617049954502,0.804373527,0.762071463013083,0.7720776628209292,0.7752019345869463,0.76648348972269,0.6810262186223078,0.7370219371157541,0.0749779722,True,CLT047c
CLT047c-025-1,0.757317284021051,0.8450727299,0.8067110204988364,0.8299559361371789,0.8377571231018157,0.8274652881019866,0.7652886849253846,0.7821422608380063,0.0764444163,True,CLT047c
CLT047c-027-1,0.2505013593474317,0.5046613676,0.4613239937188704,0.46225547064534334,0.4428380249788454,0.4116420213991804,0.23675757822520557,0.37554450386063803,0.074301106,True,CLT047c
CLT047c-028-1,0.8298643068519002,0.9077576456,0.8876535708346988,0.8949098989099835,0.8972477310972569,0.8904971723092293,0.8246840454311851,0.8902536922424461,0.0836802486,True,CLT047c
CLT047c-028-2,0.7355049846163579,0.8526821289,0.8100285643285069,0.8238903088573919,0.830198974255977,0.8409525260964869,0.7330469053039604,0.798436816316207,0.0791516564,True,CLT047c
CLT047c-032-1,0.6449102195389316,0.8116531538,0.7862396704859019,0.8111926088542126,0.7859781407367248,0.7716370027175549,0.4665276996394155,0.7884667760553326,0.089846784,True,CLT047c
CLT047c-033-1,0.5858815336928919,0.7598066353000001,0.718142295881257,0.724433605331996,0.722259274335011,0.7231538508220653,0.5726386683011733,0.6566990331256214,0.0754295173,True,CLT047c
CLT047c-034-1,0.4434692978431979,0.6521944094,0.6203968476663195,0.6286285915397499,0.6281680059512224,0.6272988715120806,0.4353607660558501,0.5740690335765477,0.0775254742,True,CLT047c
CLT047c-034-2,0.4703466943585852,0.6580154638,0.5991174110038463,0.6014621276850355,0.6253374588568652,0.6296439563456343,0.4617386532838897,0.5579145390748687,0.0755882183,True,CLT047c
CLT047c-034-3,0.6544666704922099,0.7767134706,0.7508312098377351,0.7596561521666453,0.7550627840680794,0.754205325207174,0.6398082970183854,0.7307629931928473,0.0854855826,True,CLT047c
CLT047c-036-1,0.3610539579827454,0.5181476598,0.45730100409082414,0.4468736905667296,0.4768750292008269,0.4808398139986824,0.3419369568278237,0.42203233138685003,0.0749619384,True,CLT047c
CLT047c-036-2,0.4207736206827847,0.694110492,0.6083066208961787,0.6374720847411164,0.6540409561232617,0.6676119120884544,0.4101721645767099,0.5802525663063692,0.0734271837,True,CLT047c
CLT047c-037-1,0.556927160759004,0.6744192779,0.6249669781242965,0.6522984200321716,0.6479789165021502,0.6621158233127321,0.5328985260295274,0.6211829770136255,0.0771553378,True,CLT047c
CLT047c-038-1,0.6344602972024695,0.7366103997,0.713118836253966,0.72039177542249,0.7356506143965664,0.7313859518650705,0.6254624008684129,0.6932257787030518,0.0753236148,True,CLT047c
CLT047c-041-1,0.5363565458979637,0.6988917915,0.6185644845429021,0.6457733240305239,0.6514441622173444,0.6482796767522179,0.5253731033861624,0.5945183743490373,0.0801998584,True,CLT047c
CLT047c-041-2,0.2671763545040094,0.4359127051,0.3463534007373515,0.3603360479689405,0.3826241311963798,0.397764450863652,0.20096262215376492,0.32406551253148524,0.0762827161,True,CLT047c
CLT047c-042-1,0.5896403833378111,0.738222388,0.7241631011216133,0.7326254004042122,0.7381485493007856,0.7405602596345555,0.5890589027590094,0.6661031226842087,0.0702787606,True,CLT047c
CLT047c-042-2,0.33951702100968867,0.4722020601,0.408836353326947,0.3855587502216043,0.4422621328332588,0.04372615220401146,0.32119975480207336,0.42835780995334827,0.0801446716,False,CLT047c
CLT047c-043-1,0.3154600855171518,0.4945470492,0.43185481655117525,0.46671385012691236,0.47612708169643086,0.4593452292968367,0.28417386317252064,0.40565205363838114,0.0722948016,True,CLT047c
CLT047c-045-1,0.28975409415334946,0.4153608942,0.35716783016529763,0.37495213710212055,0.40193928833488385,0.4091934445189119,0.273462721667017,0.3357105151284279,0.0704903816,True,CLT047c
CLT047c-045-2,0.3937986324141406,0.5147827832,0.4565796382578113,0.47744460372951,0.4742800719794286,0.5125175799677035,0.38410260760106285,0.48806027711147554,0.0802647032,True,CLT047c
CLT047c-046-1,0.6417508053616439,0.7038351703,0.6738817314858433,0.658090942662821,0.660581771953902,0.6503463378281208,0.6395493011564249,0.6643353298675738,0.0743338351,True,CLT047c
CLT047c-048-1,0.5402988439609022,0.7206417272,0.6800380680589807,0.7077420037430647,0.6997213047610573,0.700087840383612,0.5246717762261859,0.6709067594609388,0.0702073118,True,CLT047c
CLT047c-048-2,0.35148293769989375,0.5279971267,0.4359510349567588,0.4449634355817763,0.4765248980850712,0.44753049563622677,0.3395438776451351,0.43807583829891256,0.07453001,True,CLT047c
CLT047c-049-1,0.597400413360453,0.7630897714,0.71229770067766,0.7123928079254082,0.7217797946789074,0.7303104127931966,0.596270504982868,0.6701310970492034,0.0746929113,True,CLT047c
CLT047c-049-2,0.48080652134000595,0.6542070626,0.6112596274567527,0.6449979067071028,0.6183624018765488,0.6179847212860394,0.46714963582847824,0.5719349032438774,0.078822064,True,CLT047c
CLT047c-051-1,0.32355642259399264,0.5021410393,0.43766701619608495,0.5022304679123493,0.49692992241867945,0.49621740271728715,0.2973668868450892,0.425228018187424,0.0760351777,True,CLT047c
CLT047c-053-1,0.4199111389204772,0.5346715368,0.5088678553385548,0.570939119949911,0.566252565679714,0.5548178543782336,0.40623328002008424,0.5382615929536826,0.0807309932,True,CLT047c
CLT047c-054-1,0.556511985535016,0.7064881651,0.629814144932593,0.663278270422164,0.6647806688306683,0.6783798000770039,0.5606767419181916,0.6306470266157038,0.0719296088,True,CLT047c
CLT047c-055-1,0.5016313738090062,0.6931649564,0.6320612204942627,0.6917375438439181,0.70659705050592,0.7202063240587888,0.4914906927410998,0.583795367076673,0.0786981361,True,CLT047c
CLT047c-056-1,0.4581254550580467,0.5806869444,0.5158506533169995,0.5585209120261059,0.5652699206556865,0.5750603875020555,0.43333056826782523,0.5342841105469768,0.0782077793,True,CLT047c
CLT047c-057-1,0.39710744241237345,0.5284833822,0.4919821170901103,0.4955123517045242,0.4792449985181772,0.25580702727183535,0.37908239552280054,0.4388345624687051,0.0684516823,True,CLT047c
CLT047c-059-1,0.33067747550378024,0.5681449588,0.5390361215653718,0.5649928543298248,0.5612017306041246,0.580265324120754,0.2663925389621968,0.45700648302738867,0.0784194547,True,CLT047c
CLT047c-061-1,0.38111659796442937,0.5407267235,0.4492270585353332,0.4815683160499142,0.5083864492463189,0.5505638099927552,0.3680094460261001,0.4476900731609281,0.0760215099,True,CLT047c
CLT047c-063-1,0.22660946985398808,0.5357779891,0.4786658314613976,0.5285816756434881,0.5396919285406753,0.5226469468124868,0.17056314596008953,0.4472746844757292,0.0695697267,True,CLT047c
CLT028c-002-1,0.4360618076588351,0.6657947354,0.5701051720936398,0.5883364701761191,0.6170292181118688,0.6473457951374083,0.3274755049008582,0.5579842341875337,0.0729045004,True,CLT028c
CLT028c-005-1,0.6853526020128005,0.7721434606,0.7449254218960631,0.754689850101705,0.7440779393234668,0.7564785665691766,0.6892728486249232,0.7134982166881719,0.0804840105,True,CLT028c
CLT028c-006-1,0.23410599253117598,0.2542247193,-0.014338236625512818,0.21547719237385707,0.04084275042823681,0.23276530441729854,0.17323536907134315,0.2120991721186481,0.0739352639,False,CLT028c
CLT028c-007-1,0.607458662327786,0.7140142002000001,0.5856178926099337,0.6294162585872827,0.6542840727271093,0.5685055150322069,0.5943488443777428,0.616121534994306,0.092073144,True,CLT028c
CLT028c-009-1,0.3218945274186888,0.5578895071,0.4777259138747669,0.5622143360571986,0.45573103234905465,0.408903872928407,0.30026526890421207,0.4568297112857748,0.0805346313,True,CLT028c
CLT028c-012-1,0.574201011491688,0.7312360324,0.6922341492798215,0.71945810210823,0.7188555729400796,0.717059977753308,0.5675753020169153,0.652626960621963,0.077608356,True,CLT028c
CLT028c-012-2,0.3710384125167172,0.6722156793,0.5962161872653754,0.6566638449291868,0.6896246537707027,0.6842652271241492,0.32639761932122335,0.4578768946096265,0.0854340491,True,CLT028c
CLT028c-012-3,0.5936352583945342,0.7374113412,0.7076270684025288,0.7062968754924854,0.7100182512892163,0.7009872271128126,0.5921561708269683,0.6585632042395867,0.0739890331,True,CLT028c
CLT028c-012-4,0.3762946986999483,0.5657325065,0.4603544588104219,0.4976556732443146,0.5293739095749288,0.4159974248137635,0.3338574096868025,0.40829364566580945,0.0808820995,True,CLT028c
CLT028c-012-5,0.21962730378989767,0.6542946023,0.5703820081051156,0.578613893405207,0.6174795202982329,0.6473647339342685,0.195891601221517,0.5593325413052244,0.0887242115,True,CLT028c
CLT028c-013-1,0.31659767580744425,0.5536299144,0.23936971666010692,0.28642048703749245,0.24752147309884964,0.28406564600421236,0.299867709009779,0.31154780485323913,0.0817572013,True,CLT028c
CLT028c-013-2,0.26194397931327695,0.6396223713,0.5007930138543493,0.5344520045934988,0.5618654999761414,0.5751431039124076,0.17968815453189257,0.32666358013999247,0.0750593268,True,CLT028c
CLT028c-013-3,0.27210402581129195,0.5519921248,0.5069682034165444,0.4679180954608616,0.49970187920133385,0.477558925616647,0.22583413281420806,0.28907602333066074,0.0786374148,True,CLT028c
CLT028c-015-1,0.6940713047012087,0.8384370051,0.7452396249042189,0.785065799116624,0.8112989749903345,0.810106398202231,0.698240089757093,0.7916899604273233,0.0812395104,True,CLT028c
CLT028c-015-2,0.3692316017317996,0.4729843707,0.44324276426495446,0.5106571915478432,0.2026420985958432,0.2966248689261685,0.32063844461560265,0.4042390047440721,0.0802697443,True,CLT028c
CLT028c-016-1,0.5642911563562341,0.659591534,0.5856863883402046,0.6155814128329226,0.6156404245085287,0.6413706209507359,0.5313973672424195,0.5669761030592948,0.0746797202,True,CLT028c
CLT028c-018-1,0.36239337722892356,0.687505253,0.414298935229082,0.5736744405857884,0.6731290707208759,0.6918576162778655,0.2574074556428984,0.5905303898213708,0.0754519504,True,CLT028c
CLT028c-018-2,0.3665214175075435,0.6331994282,0.5671896637265118,0.5880866011565423,0.6237173848030223,0.6061673445270624,0.2817620943622785,0.5975028074084447,0.086431962,True,CLT028c
CLT028c-019-1,0.36175928061925405,0.451586684,0.37149605205815056,0.3988729807025961,0.40661857111991406,0.4045953853083925,0.3347802306957314,0.3629505455050455,0.0737764648,True,CLT028c
CLT028c-021-1,0.19839743424372486,0.5271135044,0.4071143151950671,0.516544245100505,0.5352207275492576,0.4912942099770625,0.12930594541827103,0.3929905146210248,0.0714173062,True,CLT028c
CLT028c-022-1,0.7022546753380556,0.8271965977,0.7687295480493277,0.7827759812779165,0.8092377361270977,0.7909913766726884,0.6765828715529414,0.7405329841450867,0.0730634726,True,CLT028c
CLT028c-025-1,0.5432262378081081,0.6640104888,0.5969125320790194,0.6219972572355469,0.6165727289703974,0.645219373668607,0.525216980326318,0.5516078417593056,0.0891593154,True,CLT028c
CLT028c-025-2,0.23400870436054452,0.6398707705,0.45634114529628617,0.5502187810346976,0.5859214424640268,0.6352901549396166,0.20776452406343004,0.3227475473614803,0.0893023868,True,CLT028c
CLT028c-026-1,0.25801786004039456,0.5794133927,0.39885231861878423,0.5000000343447021,0.5354384933641055,0.5704325578763239,0.2358867082155058,0.3323510828682306,0.0761184614,True,CLT028c
CLT028c-027-1,0.6707253667599724,0.752652235,0.726720845145312,0.7416788048239232,0.7512166555246761,0.7527644289795289,0.6554651214392005,0.7163276808250468,0.0755356104,True,CLT028c
CLT028c-027-2,0.2975262473187069,0.6900723309,0.5611106504778662,0.5986537164891188,0.6230641540330875,0.6544371344708659,0.28399675381179523,0.28793243117839545,0.0811331951,True,CLT028c
CLT028c-028-1,0.5364098224523028,0.5844370004,0.5714668778990765,0.577192272173543,0.5839947940663887,0.5901498264288512,0.46694755942242067,0.5137171867283202,0.0777907901,True,CLT028c
CLT028c-028-2,0.27082706823727226,0.6699497868,0.6015926879140695,0.6208087071731937,0.6508429985614564,0.6336233263126664,0.18872787565662255,0.30505881909631755,0.0702918783,True,CLT028c
CLT028c-030-1,0.4231572847340673,0.7323714674,0.625400859269299,0.6724151656876338,0.6991241238820466,0.7191273993854396,0.365012541043834,0.5503258612394352,0.0704380025,True,CLT028c
CLT028c-031-1,0.26344693684919207,0.6766599099,0.4923005045871675,0.5994638684355824,0.6207906096148351,0.6777696373975742,0.1135818360192244,0.5596559838847142,0.0762239206,True,CLT028c
CLT028c-033-1,0.305632976056862,0.710884557,0.609218591008484,0.6589120087086414,0.6857373886047317,0.6928026308453383,0.21832759034897212,0.605580720104423,0.080856346,True,CLT028c
CLT028c-034-1,0.24636907483698994,0.5742552195,0.4963377336188531,0.502650670761263,0.5167506884399281,0.5816970981222034,0.1927204410804802,0.32222329359269825,0.0730922405,True,CLT028c
CLT028c-034-2,0.5849737616115173,0.7105968982,0.6653054188005931,0.6724717503862002,0.6721775167537766,0.6759170200310417,0.43416290539726077,0.5849468736351828,0.0734006514,True,CLT028c
CLT028c-034-3,0.5482692569815795,0.7118403892,0.6649295084297643,0.6793606551091338,0.6886838660772893,0.7042047598402649,0.48671528192660596,0.6129515323180096,0.0800713768,True,CLT028c
CLT028c-034-4,0.3734649970227914,0.7500465609999999,0.668553376248962,0.6853858812597955,0.7220529954540538,0.7409004670093814,0.32274188299589673,0.6227888623773395,0.0774820239,True,CLT028c
CLT028c-039-1,0.49489908752210204,0.7128236306,0.5981971234976075,0.659955181040124,0.6751187514146266,0.69555167664438,0.4594291291863274,0.5772794076776958,0.0807170853,True,CLT028c
CLT028c-040-1,0.3151467018680869,0.3670518187,0.3324532012674255,0.38143340983290186,0.38280657825732683,0.32388754202252895,0.296122055019748,0.3135617829453208,0.0786418332,True,CLT028c
CLT028c-042-1,0.16437896644732816,0.3147591079,0.2066359065571691,0.2752088869080354,0.29452061248465256,0.1040810853447426,0.15357162069291969,0.20615580344908888,0.0860913006,False,CLT028c
CLT028c-042-2,0.51919294588522,0.6525518357,0.5512153903725052,0.5722505780490761,0.6015412436361133,0.6306463676162779,0.5038967805743253,0.5725804554707408,0.0852734283,True,CLT028c
CLT028c-044-1,0.41622853039442054,0.5188155374,0.3847915680213021,0.4850111545474733,0.5413984855399271,0.5585581831801621,0.40414878289119727,0.41872960702180884,0.0782554268,True,CLT028c
CLT028c-045-1,0.4983924095366834,0.6371924905999999,0.46475576289479115,0.5338155908000233,0.5436337258881406,0.5900662837400644,0.4754830134492363,0.4905163048235042,0.0745131273,True,CLT028c
CLT028c-045-2,0.36140167326279793,0.5894902282,0.5160958071781049,0.5289871367761636,0.5469282080568236,0.563769923061917,0.32197323768170033,0.505239674107042,0.0803805392,True,CLT028c
CLT028c-046-1,0.3795724380290414,0.4725121416,0.4417293132712065,0.4691132967170587,0.501487316687899,0.3393988881682559,0.368642850105054,0.4029683514350911,0.0806267698,True,CLT028c
CLT028c-048-1,0.3443621925696949,0.616770251,0.41003506675684476,0.5099268230626818,0.5686169836389497,0.5799890545962636,0.2835569067198076,0.38551209884832016,0.0806364361,True,CLT028c
CLT028c-049-1,0.27840827173972776,0.5584109755,0.2746379492453428,0.47244312143037165,0.514470994010815,0.5666523523520104,0.14957742485887995,0.46417923060750105,0.0894436539,True,CLT028c
CLT028c-049-2,0.34925499306831465,0.468897608,0.3824779959697362,0.36708497214522684,0.364705244713532,0.18476825866447782,0.3355566746066097,0.40291202878597815,0.0893678054,True,CLT028c
CLT028c-049-3,0.5804764749437331,0.6124562518000001,0.520272647572345,0.5862527670897804,0.6040511534858641,0.5521932309602937,0.5453350418269907,0.5638015509061451,0.0772594948,True,CLT028c
CLT028c-050-1,0.16613591933338565,0.318323495,0.22778044715149712,-0.018327242350797565,0.2994077900202008,0.30476078515776234,0.01645405292654684,0.1895483867051688,0.0790762777,False,CLT028c
CLT028c-050-2,0.32658803609796955,0.4060072487,0.33104228701370575,0.3938664086676046,0.35572512183192356,0.3974511190543699,0.2990696095906986,0.33305035109095504,0.0745081844,True,CLT028c
CLT028c-051-1,0.40373175358744023,0.34789068000000006,0.41754246152639957,0.5259862248724453,0.3845007576680186,0.25662513697198086,0.3495238903203535,0.5760718715541646,0.0851375258,True,CLT028c
CLT028c-051-2,0.2580198977423149,0.3384895121,0.30992579881669474,0.07113680059761625,-0.002775597795659072,0.06043852458982367,0.25197051952865757,0.2369331108686004,0.0876374641,False,CLT028c
CLT028c-051-3,0.19021281319318067,0.3816392523,0.32111616834896056,0.35880540526910687,0.3337985055311796,0.07880633635642034,0.10538624133577866,0.16263964740990736,0.0791833332,False,CLT028c
CLT028c-052-1,0.3456642455047613,0.4858619411,0.3665867866566654,0.46056159088993504,0.4600237955130333,0.41721489219701563,0.27638527723877465,0.39290235832228776,0.0761597561,True,CLT028c
CLT028c-054-1,0.2505287381261404,0.6595332489,0.48476629284083156,0.47878320608555036,0.5829085256646971,0.6500240595371805,0.1784291843888307,0.531012943331109,0.082675801,True,CLT028c
CLT028c-054-2,0.23620401748476802,0.3652663309,0.2896268337882085,0.3278579543343931,0.23718130650888455,0.25195637312109753,0.16342876369231363,0.23913686509603144,0.0735726314,True,CLT028c
CLT028c-055-1,0.3663669502447641,0.6412423206,0.5464417246756647,0.6262934789781853,0.6317632341227739,0.6231273169224051,0.3517728056055056,0.5003689848326432,0.0779777289,True,CLT028c
CLT028c-058-1,0.42201533152732124,0.6373144592,0.49755657124060065,0.4951935532401934,0.5627594857052812,0.6173273168568228,0.2998072472596022,0.4030585410608789,0.0768948582,True,CLT028c
LMD048a-A-273-1,0.38147838068138545,0.4153735395,0.2974984076618353,0.31410500380481005,0.3340394920295859,0.37010802438413215,0.2786776414423397,0.26624806316347344,0.0704140721,True,LMD048a
LMD048a-A-273-2,0.18799636686825424,0.2882843232,0.16861287350657406,0.19213718635217267,0.21143637229213805,0.236685571530067,0.13328192337346204,0.17187027356569373,0.0755355861,False,LMD048a
LMD048a-A-274-1,0.22647672875316793,0.2779654905,0.15915964196109494,0.28277378115520374,0.30582776534831546,0.29611712917809974,0.11071989985054345,0.3344038428164995,0.0916967238,False,LMD048a
LMD048a-A-274-2,0.5030354947095267,0.5119951377,0.4929914403158421,0.540354105381878,0.5564868135290101,0.5672341372207188,0.45786695972344943,0.5459539045219426,0.0723569932,True,LMD048a
LMD048a-A-275-1,0.1553182972478944,0.23302968629999998,0.18629831982529468,0.188833733002824,0.1861086690109628,0.16218923657032666,0.1953445607429986,0.17793302093225208,0.0822417896,False,LMD048a
LMD048a-A-278-1,0.24571664950195798,0.2157586417,0.18330992777433486,0.20164052543070474,0.22586133954421403,0.2414463102218803,0.21425380732392707,0.19499403130689402,0.0718402071,True,LMD048a
LMD048a-A-278-2,0.40031009923552235,0.5134202452,0.49210937737587757,0.4945442130662017,0.5113354825866682,0.5296067311978246,0.37134368528687733,0.5381261743226203,0.076411491,True,LMD048a
LMD048a-A-278-3,0.284081581597604,0.30288863490000006,0.2823152233193913,0.2952812172866547,0.3240456414181675,0.3219811778435407,0.2564161653291213,0.2745032922911134,0.0725328906,True,LMD048a
LMD048a-A-279-1,0.3485817413030171,0.4337022851,0.39046279961880637,0.3926257633208864,0.40507695546281536,0.3926027759867694,0.3483655191677139,0.37153636757650377,0.0750253715,True,LMD048a
LMD048a-A-282-1,0.31093098640299566,0.323428182,0.22003762497957405,0.2950047297236205,0.31778989834880855,0.2015340121263622,0.19659195441004498,0.20260622478985116,0.0733283598,True,LMD048a
LMD048a-A-283-1,0.16431021058142364,0.1573915099,-0.07832636670136027,0.06806728110573317,-0.0241616739880144,0.10494570904935625,-0.040777485789930255,0.059364210947244485,0.0758300194,False,LMD048a
LMD048a-A-283-2,0.37045579876336665,0.4689165548,0.43440245719813664,0.42975354589536807,0.44453702017431246,0.4585784374476572,0.3401984618134075,0.40730329336680315,0.0751286416,True,LMD048a
LMD048a-A-284-1,0.09165008534305208,0.09344679920000001,0.1041535424429317,0.09586856239642631,0.09567252798638957,0.08165109075330045,0.08246420071922866,0.020788215533046904,0.0754057226,False,LMD048a
LMD048a-A-289-1,0.14038799392096551,0.1061029115,0.049116009418644434,0.049141243772142844,0.05567608162677857,0.028826267180157718,0.041334130819093144,0.010908460257359394,0.0717555225,False,LMD048a
LMD048a-A-290-1,0.4031203951758905,0.5246137243,0.42173668460666514,0.48239872127473854,0.4741119166912023,0.5056918876731525,0.3685557662149554,0.4419764725992339,0.0685675657,True,LMD048a
LMD048a-A-298-1,0.14403365672334414,0.1717730032,0.13527344489379703,0.15247771220359463,0.16272701905530143,0.19213499554401434,0.14109000555802972,0.1536301586484744,0.078089449,False,LMD048a
LMD048a-A-298-2,0.21329866567208755,0.3748737669,0.31504733990999345,0.3291982180001743,0.31913836286019276,0.3230345307155434,0.20919049425636957,0.27714551322405034,0.0748301059,True,LMD048a
LMD048a-A-298-3,0.225784006428054,0.44474994,0.412758461550667,0.42095160579693747,0.4632973847486452,0.4447657037123941,0.1704382901764753,0.38794013647444664,0.0750691781,True,LMD048a
LMD048a-A-301-1,0.29059777852565605,0.4294736584,0.21389651391816827,0.3590670064774836,0.32393349121160003,0.37722004194954883,0.19707428185654782,0.25424056445369236,0.0785894532,True,LMD048a
LMD048a-A-302-1,0.1966419548237257,0.4729955952,0.46811245389994116,0.47183106879649506,0.49466890183550094,0.5051463090972141,0.10555750583240343,0.2486838696419808,0.0741737838,True,LMD048a
LMD048a-A-304-1,0.32505404931919885,0.4067574382,0.25230371431165305,0.33294093817338244,0.3580396617907957,0.38038972381822883,0.2848622738703464,0.31287779195550414,0.0705141988,True,LMD048a
LMD048a-A-305-1,0.34710961025742515,0.42056597799999995,0.44424305202347447,0.4491177601817477,0.4276466158392006,0.4294722776137917,0.336388099833212,0.3727877132391539,0.0786665288,True,LMD048a
LMD048a-A-306-1,0.10282724466654586,0.1638003901,0.11563128049019696,0.1630992060287549,0.14366538131067555,0.16932773924853892,0.1503392112555948,0.09393293635329489,0.0708600206,False,LMD048a
LMD048a-A-308-1,0.39104050784765865,0.4634771938,0.2946525482938081,0.43480985654442605,0.44360694774673165,0.4419771379839426,0.3779140330279674,0.4134821141837559,0.0738993456,True,LMD048a
LMD048a-A-308-2,0.224358390098834,0.22873273519999998,0.15054152040818472,0.2650865260891444,0.24452512997530293,0.19339662825616344,0.16412284224865925,0.2858308197808771,0.0836366668,False,LMD048a
LMD048a-A-309-1,0.4075581632369586,0.5387405307,0.5082832460580808,0.5287308001029086,0.5258000879948651,0.5505586370225077,0.396319574174974,0.5180676148385758,0.0831334174,True,LMD048a
LMD048a-A-309-2,0.18749437473451733,0.245978594,0.1476799185722278,0.116099791357513,0.14050444399505724,0.16678728677323032,0.12764231222592032,0.18039638519222748,0.0766871091,False,LMD048a
LMD048a-A-313-1,0.3910626682649465,0.4839873679,0.44987853851775433,0.49640869976641006,0.5307979021486517,0.4667669185479909,0.3645024930043583,0.4191723885696902,0.0872969726,True,LMD048a
LMD048a-A-314-1,0.43608607174745034,0.6603105378,0.6158159712708573,0.6326300755809287,0.6317210582130225,0.6336557213483588,0.43785148985735184,0.5396710867464841,0.0793327937,True,LMD048a
LMD048a-A-314-2,0.2333989764201576,0.2699235067,0.15584967028326227,0.23092797389703618,0.20566875954724848,0.24684798748474956,0.14878281824515333,0.2543191887348095,0.0804662527,False,LMD048a
LMD048a-A-315-1,0.1139103069959401,0.1300317006,0.10685867333884408,0.07547978676288705,0.09834141149603065,0.0747220738491451,0.07911438764851783,0.0979270236089438,0.0720945088,False,LMD048a
LMD048a-A-319-1,0.24743069228150702,0.2312147425,0.2613299837674866,0.26305759400298256,0.2751270218529435,0.2603385828191491,0.26150928534940154,0.23360190886004584,0.0726487414,True,LMD048a
LMD048a-A-321-1,0.3150528559728832,0.4577527547,0.37283671328192103,0.436557028756077,0.4257376730046557,0.4109168276129862,0.27094735209179416,0.37024534564042844,0.0741762552,True,LMD048a
LMD048a-A-322-1,0.25510944664757956,0.2642968397,0.053621634859655334,0.06977216468127911,0.24786626045204296,0.2723192491896162,0.2104562573588302,0.22439576595887145,0.0749045488,False,LMD048a
LMD048a-A-322-2,0.38402832789193087,0.4257962796,0.33698556665615415,0.38400589838480015,0.41985120338198373,0.4087889102994699,0.3529060292829041,0.37325432699919203,0.0707521878,True,LMD048a
LMD048a-A-322-3,0.3121072191925035,0.3077959954,0.20587729804200772,0.10960314254348011,0.2237631418179563,0.2569529241705768,0.11850391787539805,0.24380933032274435,0.0741685022,False,LMD048a
LMD048a-A-325-1,0.07406127701982544,0.1023193355,-0.0007933961020061777,-0.03626977330554271,-0.16330254586931028,-0.08580586828515263,-0.17441029166182864,-0.12767474909815463,0.0736181909,False,LMD048a
LMD048a-A-326-1,0.22721027252562348,0.2740712564,0.08462345919568487,0.1386757852039567,0.1262396343441929,0.2514094622778312,0.11598191954877249,0.11698780601817141,0.0709358819,False,LMD048a
LMD048a-A-329-1,0.07393391493247661,0.1560309909,0.09655232021323598,0.11400854207698348,0.11363673720837465,0.1908349660342202,0.11235378980432971,0.08956139055818124,0.0752048926,False,LMD048a
LMD048a-A-329-2,0.211840749945561,0.20880751400000003,0.1604788697500557,0.17126930109886307,0.18723693962988205,0.15962446248243112,0.17553492127071615,0.17621217039270134,0.0715661973,True,LMD048a
LMD048a-A-330-1,0.1577273220733527,0.2410041078,-0.06563629506046874,-0.06442141996448138,8.296574150355017e-05,0.10055146101075566,-0.004044787716120288,0.07326867656392921,0.0738014744,False,LMD048a
LMD048a-A-331-1,0.1864957276393206,0.22917974839999997,0.1812066095255698,0.19182099623768256,0.1542674997295712,0.13375030937637108,0.1552751839906377,0.17497284302566263,0.0718603239,False,LMD048a
LMD048a-A-332-1,0.22508459765352923,0.3079345672,0.25735972024022397,0.22799125714242421,0.24297906379148593,0.21499179953836509,0.22328760280865678,0.26359315843505177,0.0748384863,True,LMD048a
LMD048a-A-334-1,0.2663851350721033,0.2914450727,0.2796252774884359,0.2770018104499951,0.30414510108654913,0.28818023610431204,0.26745151148917046,0.26036207887300744,0.0773585532,True,LMD048a
LMD048a-A-334-2,0.23856362675418524,0.3543256412,0.2623926962494228,0.27281167750149105,0.3039900332244205,0.34658812137835876,0.19644334167026717,0.23923720244645208,0.0728214166,True,LMD048a
LMD048a-A-335-1,0.35130728445749626,0.4716071445,0.42507260386009676,0.43182980382019603,0.4400942916905921,0.45555440958724364,0.36023799977861465,0.421351928084542,0.0776789737,True,LMD048a
LMD048a-A-335-2,0.1986624398175304,0.19391599320000003,0.17398018758141767,0.1759981203155113,0.1810302532909654,0.19005377074288346,0.1473389390989711,0.18486638610484574,0.082538294,False,LMD048a
LMD048a-A-335-3,0.26351470339242367,0.3007922803,0.2521298462486928,0.2662970697140878,0.2915978596946842,0.3025280289093887,0.20489362823886714,0.26221050123039447,0.0690770742,True,LMD048a
LMD048a-A-337-1,0.2214431149437234,0.31746775,0.2567832958859989,0.26829661009628303,0.27610811526701173,0.26692833493128276,0.16501375570076177,0.2811175181302753,0.0775672583,True,LMD048a
LMD048a-A-338-1,0.07658525545651979,0.1455564842,0.12757653334227603,0.12748937897846785,0.13482765463360288,0.035252854800650144,0.04221971474234052,0.10057892412063506,0.0823058139,False,LMD048a
LMD048a-A-338-2,0.14135103083700673,0.1960674588,0.181578647185971,0.187978766829547,0.19609315186155188,0.2145061108378594,0.07053710600514639,0.13461002182589626,0.0743582774,False,LMD048a
LMD048a-A-339-1,0.21585318914110202,0.2769841232,0.23038719533914337,0.2519179393692118,0.2504148987847305,0.24633694446640456,0.1619280004251939,0.2279105605322132,0.0792022626,True,LMD048a
LMD048a-A-343-1,0.10388739609532505,0.1020980558,0.08881095165051797,0.08780789717636947,0.13526205237542727,0.1320485849092691,0.13429879808739464,0.11168867637063498,0.0718745416,False,LMD048a
LMD048a-A-343-2,0.20195196500173582,0.24279177209999997,0.153073240353019,0.1696952823753292,0.19115349710959612,0.18986722136626755,0.209012093175849,0.17798077270878893,0.0747513081,False,LMD048a
LMD048a-A-344-1,-0.0038035306455979113,-0.0098450903,0.0453937854583042,-0.014797606102864104,0.036221797278911644,-0.016728151213516826,-0.012541551288138483,-0.019310297522242795,0.0734356105,False,LMD048a
LMD048a-A-344-2,0.3377551012835252,0.4033568128,0.3907366355450069,0.3859840727896054,0.389665091656665,0.3934072454941479,0.3149890515004771,0.3647392607184672,0.0764172252,True,LMD048a
LMD048a-A-345-1,0.08670299279518352,0.3127930053,0.2049776575933371,0.23943728592712374,0.1579406362336539,0.29012736927791327,0.06772730365682172,0.21122574835939656,0.0754900612,False,LMD048a
LMD048a-A-347-1,0.21630697245414643,0.2853302894,0.22973797577526572,0.25576727469969407,0.28924091876198427,0.3088260750284206,0.20001667481516797,0.23472852840470168,0.0836098497,True,LMD048a
LMD048a-A-347-2,0.11746416638857403,0.1730869521,0.03310524408699047,0.16397176041854108,0.167634381363737,0.16075030284867223,0.07362496447100321,0.1254267969446324,0.0765573489,False,LMD048a
LMD048a-A-348-1,0.1899874055449408,0.2866126917,0.1803530614824678,0.20898010822386337,0.23284053278284986,0.25268305256297924,0.17129279360951344,0.20380857374656725,0.0828104919,True,LMD048a
LMD048a-A-348-2,0.16061228866026672,0.2193289254,0.18827042566009647,0.15179675933031925,0.22592957000128513,0.20582650289209198,0.1585542175061965,0.07209230119710634,0.0745817916,False,LMD048a
LMD048a-A-348-3,0.22564834421469976,0.2988893784,0.13772103062341085,0.27721078032596125,0.2657532770460208,0.28498483972431154,0.06983292286196782,0.19949383497059514,0.0725895748,False,LMD048a
LMD048a-A-351-1,0.3233042140179973,0.3958034057,0.37606418136506653,0.38183412309916237,0.37592730130317237,0.37412975295881085,0.31883861323214263,0.3487025907011082,0.0839688591,True,LMD048a
LMD048a-A-352-1,0.3159192875139136,0.4929959375,0.4317389780807161,0.4343848062222735,0.4325447728297153,0.4586252775915659,0.2542811163095222,0.3716279968691843,0.0774376272,True,LMD048a
LMD048a-A-352-2,0.23116372148420575,0.3369502122,0.3471154073893606,0.33916016335067184,0.3432655625602578,0.3427803106603309,0.20906045717530294,0.29488102359149043,0.0741620346,True,LMD048a
LMD048a-A-352-3,0.08360413798163131,0.12197272299999999,0.10084474526770207,0.14873952292211617,0.10202967011521161,0.14782825618489395,0.08766555336618317,0.13386206596472433,0.0779889153,False,LMD048a
LMD048a-A-355-1,0.07888035151356107,0.0819244635,-0.02818953787758242,0.03723617981873414,0.08138280447616816,0.09465457381550813,0.06727684308174789,0.04934375284299718,0.079108939,False,LMD048a
LMD048a-A-355-2,0.34557563357504356,0.4233327861,0.36201105939839223,0.3762742939535009,0.38221838808048836,0.42901454936714567,0.29164328138618323,0.3267959874202225,0.0722979357,True,LMD048a
LMD048a-A-355-3,0.27401145705444535,0.3528536389,0.2890066008805875,0.27761375708294833,0.3530665044923047,0.3962998890349398,0.22361108471065294,0.2678336817788524,0.0732193494,True,LMD048a
LMD048a-A-356-1,0.1929246580216971,0.2138073518,0.14600579871912053,0.14319762619380869,0.18028358450459828,0.16512498802140296,0.11212319375878393,0.09652472650105767,0.0772447047,False,LMD048a
LMD048a-A-356-2,0.3532189801694655,0.45692998879999996,0.4169644459184791,0.4284256889134521,0.43753804153707376,0.4653611352861819,0.3474486388449558,0.405235837930983,0.0788896704,True,LMD048a
LMD048a-A-362-1,0.36475983879520407,0.3966273026,0.3768412297485041,0.37403619476146543,0.38544355408766334,0.3831478804500547,0.33039724975919316,0.3477889458977686,0.0828962828,True,LMD048a
LMD048a-A-362-2,0.23061982992801447,0.2343147052,0.1721927651125932,0.21307230601807925,0.2169767144669263,0.23167105157711826,0.20988464574175322,0.19773835077248678,0.0756931241,True,LMD048a
LMD048a-A-363-1,0.1789146648548318,0.3514495903,0.3514481059984666,0.3680626952973934,0.3679684871970083,0.2670614756619872,0.14563974344842476,0.29608475316571414,0.0772016539,True,LMD048a
LMD048a-A-366-1,0.14140603663238835,0.2802897329,0.2975856903062749,0.3110767980815056,0.2896265514489714,0.31232712047841654,0.1149242293427784,0.25828513641544715,0.0768271412,True,LMD048a
LMD048a-A-366-2,0.20325749604525725,0.1159828416,-0.012729245226242832,0.17389569319835244,0.12035773901223262,0.14166205959683767,0.08604771642741918,0.061542827615734916,0.0762516763,False,LMD048a
LMD048a-A-366-3,0.2069235389591748,0.2771833743,0.12932780870347702,0.16053859895929956,0.16969551086273213,0.2384247432542153,0.18045131070885936,0.20575696774146682,0.0709529574,False,LMD048a
LMD048a-A-370-1,0.27275744737380964,0.5340760477,0.47081827712435054,0.4948601089694943,0.47691934547874104,0.5310972038773245,0.18234900192284187,0.42384582942963206,0.0750964352,True,LMD048a
LMD048a-A-370-2,0.28150734579406506,0.410653739,0.40449732363657254,0.4227290023855743,0.4329732121961322,0.4382163628536659,0.28235402993648606,0.39388174389275543,0.0796420968,True,LMD048a
LMD048a-A-371-1,0.2410690375235335,0.5335055942,0.42743703602354866,0.44916249791867724,0.4710582544149889,0.49070716398966197,0.2070992594076332,0.3919209251755233,0.0845586217,True,LMD048a
LMD048a-A-371-2,0.09235046378830837,0.271440348,0.18005105047316997,0.20303947858723334,0.23419332366357243,0.2614901770379743,0.058496373775614535,0.1566937146656216,0.0780883567,False,LMD048a
LMD048a-A-374-1,0.18976236371060867,0.3402832072,0.28745753473835933,0.27801147759599926,0.29612887093599194,0.2562334324471094,0.17606300310528644,0.29479166539725044,0.0702181886,True,LMD048a
LMD048a-A-375-1,0.2176489765809868,0.2549413004,0.16036863643875404,0.20120338369303153,0.20365048005740732,0.20257715976394894,0.10488998542319895,0.15552146237789338,0.0721238869,True,LMD048a
LMD048a-A-377-1,0.2419505005523409,0.2488621109,0.2378623015640332,0.2589187976522308,0.27752086285614963,0.2742421973060133,0.21438213494311317,0.2338624560248546,0.0795652244,True,LMD048a
LMD048a-A-380-1,0.20953824459945153,0.236094439,0.22818116464161842,0.2412482807843089,0.2392316446827085,0.22251197161916306,0.19531400785012318,0.20186011766663264,0.0794299126,True,LMD048a
LMD048a-A-380-2,0.3533525784724771,0.46328161050000005,0.4357704981224998,0.4520399119338207,0.47165184185298836,0.492051683930484,0.3297152616046525,0.4173954896600766,0.0786393951,True,LMD048a
LMD048a-A-380-3,0.38228703811201303,0.5951406060999999,0.5578165783340364,0.5727868174588648,0.5716943982549556,0.5833695286151576,0.36285688726673837,0.5081811011554568,0.0831658179,True,LMD048a
LMD048a-A-385-1,0.26285696267511255,0.49520709769999993,0.42714171398423223,0.4708835579749567,0.47579696559924883,0.48994034223886257,0.2226052076529232,0.3577635995281748,0.0837948764,True,LMD048a
LMD048a-A-386-1,0.15569962267659154,0.1684375165,0.07480556282535927,0.07043659682187921,0.09505199119697084,0.1328554986619554,0.08693114524827802,0.11387847339221156,0.0755525826,False,LMD048a
LMD048a-A-386-2,0.1227070039637443,0.2138947528,0.13475788434075608,0.20326990206464382,0.18893369121670503,0.20661469381253333,0.051618121170567424,0.11545714393762316,0.0738790725,False,LMD048a
LMD048a-A-387-1,0.2933728484963239,0.41957178449999993,0.3944344121146515,0.40519902872647884,0.41523770821075584,0.43146124208584496,0.24185190764865197,0.3753748983245125,0.0754754771,True,LMD048a
LMD048a-A-391-1,0.32472837761257356,0.3525299369,0.3305834138361233,0.32632632055338084,0.32640854611294656,0.34133424063362056,0.31021076259039776,0.319549433532914,0.0798886577,True,LMD048a
LMD048a-A-391-2,0.1730457853797713,0.2535020721,0.2482161751422405,0.23644539899408834,0.26171281665104007,0.2475228902688428,0.12088546280234434,0.18145753384270835,0.0774795621,True,LMD048a
LMD048a-A-393-1,0.237456864176566,0.4175122205,0.3048620439482063,0.40270413186896536,0.39047058047662564,0.4101301105520231,0.13543567497813522,0.27646349857107877,0.0804105762,True,LMD048a
LMD048a-A-394-1,0.14660028293234453,0.2560563049,0.18085509982958844,0.17566009483755762,0.22121994755139449,0.2378737617831704,0.14128632223498877,0.24819102927109077,0.0794669473,True,LMD048a
LMD048a-A-397-1,0.25172990424924835,0.2686659975,0.27701603124727214,0.2978969315818419,0.2814819252464904,0.2934910992174514,0.24467258416330015,0.2787083731625113,0.0697498273,True,LMD048a
LMD048a-A-398-1,0.3515267372121203,0.4097857366,0.3741199453189678,0.33402675568468904,0.33124952090043397,0.38835314228348977,0.32676100853535095,0.37247795496019587,0.0795440028,True,LMD048a
LMD048a-A-399-1,0.23501041159666114,0.357178007,0.2660355365355813,0.28410542293066715,0.29882640669806876,0.2862063374125358,0.16778071401049263,0.2779670651238965,0.0802140691,True,LMD048a
LMD048a-A-406-1,0.27471243542265206,0.3208376828,0.266526623344701,0.29714243395414,0.2768063260063782,0.3394024428052801,0.25394360407136574,0.26951506543166365,0.0758785035,True,LMD048a
LMD048a-A-406-2,0.1526947125832695,0.21142013589999997,0.18859557679747527,0.2038924526073326,0.2052329021294555,0.20330930729563565,0.12528324916441447,0.17497010628077297,0.0753836553,True,LMD048a
LMD048a-A-407-1,-0.016056256273380566,-0.0415227106,-0.007391550171587989,-0.04802080052192507,0.015492275950989025,-0.053656170759302575,0.014243244053965884,-0.05110638619308798,0.0779505415,False,LMD048a
LMD048a-A-408-1,0.18951718242561838,0.2058339682,0.11656701268701995,0.11535197102208457,0.18884675952762328,0.2221806576853436,0.11774852504409028,0.14709351203889023,0.0743308846,True,LMD048a
LMD048a-A-408-2,0.4130983910157825,0.5849303401,0.6438724498157002,0.5525312570852956,0.5959117011735748,0.5693924491121722,0.3755297703444274,0.5952343369429491,0.0819858845,True,LMD048a
LMD048a-A-408-3,0.13030913700341212,0.0923171752,0.11638496791900094,-0.05117377874735089,0.03367296047163417,0.06292352648250255,-0.08990204004594408,-0.0023461501534352666,0.0735496765,False,LMD048a
LMD048a-A-409-1,0.2538207079345462,0.35017969649999997,0.3199020344529503,0.2759605477392821,0.35830054777173664,0.376333117019909,0.1765334826322344,0.30288074197824216,0.0759044132,True,LMD048a
LMD048a-A-411-1,0.04311196859950045,0.0453478782,0.0250495589558792,0.023234758228407044,0.023760349034945553,0.023197111932362593,0.021897309528278223,0.03156634511983111,0.0706653494,False,LMD048a
LMD048a-A-411-2,0.21125902632954546,0.3737274063,0.2619673338398198,0.3220672386188176,0.3137094859658658,0.34505764152531604,0.10360392940072068,0.2181091185336642,0.0784576106,True,LMD048a
LMD048a-A-411-3,0.25341353300072855,0.298034132,0.3112881889558508,0.31176527930898595,0.3139030684019963,0.31583740306805125,0.21377825825144078,0.2973834844967234,0.0787085403,True,LMD048a
LMD048a-A-412-1,0.14276825343604235,0.1788908681,0.051474733955255626,0.09633200640548552,0.10676984126297212,0.1109449314564798,0.019810829470869616,0.10324356762565659,0.0772887185,False,LMD048a
LMD048a-A-413-1,0.14721898977681297,0.20870517970000002,0.03432500635202455,0.04060119640638617,0.1562171242725487,0.17461183618663487,0.04932307272262374,0.08532289472206321,0.0758658429,False,LMD048a
LMD048a-A-414-1,0.4140184484771682,0.4836476292,0.4455892710448267,0.4497493488982027,0.4172080621071138,0.46253306109180564,0.4111265899635477,0.43188817272459407,0.0725515725,True,LMD048a
LMD048a-A-416-1,0.2777222015555158,0.4270674527,0.3644606294930753,0.381630096501067,0.37165860884969465,0.40490081465175304,0.26823700055976984,0.3291372107979658,0.0832025624,True,LMD048a
LMD048a-A-417-1,0.15282245904681357,0.133364441,0.021080187786039612,0.07596594607099585,0.05320060081480375,0.11989320321603988,0.09993786978943384,0.12780456068431506,0.0723402349,False,LMD048a
LMD048a-A-417-2,0.07440205383254406,0.0887979434,0.059043515556392985,0.07448757699892686,0.09263164913854169,0.0869987124181856,0.01464812200518056,0.05585191557680651,0.0770460861,False,LMD048a
LMD048a-A-418-1,0.28984637646363504,0.3474910604,0.15544492674536844,0.1541581551009504,0.25192608518649173,0.28743061262808506,0.17932865316188717,0.2299191672430345,0.0773581754,True,LMD048a
LMD048a-A-422-1,0.07619719201696636,0.0415648566,0.03327485947662554,0.0817981687242748,0.08795124287004843,0.11758475246705073,0.059460117620737475,0.08909627154973772,0.0701383532,False,LMD048a
LMD048a-A-426-1,0.5056893285615834,0.5540937375,0.5184708983591642,0.5119479228374698,0.5538836269396343,0.5603768509001379,0.4470837327394708,0.5039283448464735,0.07836527,True,LMD048a
LMD048a-A-430-1,0.15400480316980744,0.2287572744,0.21088374035719634,0.2767784422224106,0.2013786009649485,0.21927420853773377,0.13258449119668567,0.140062795872147,0.0734597199,True,LMD048a
LMD048a-A-434-1,0.2575054075625248,0.3055419576,0.29273218314992727,0.2978104120035693,0.30179111170402073,0.3088219834406475,0.20582826953748476,0.2644729836499733,0.0693748624,True,LMD048a
LMD048a-A-439-1,0.17930010807826138,0.20119994959999998,0.10062314061053382,0.1324986397587845,0.1629137987502639,0.18576867152523258,0.14082732327626762,0.16499149537795899,0.0787052989,False,LMD048a
LMD048a-A-440-1,0.1428813433527558,0.4083305934,0.39061094268954133,0.37102458697488067,0.6896182738872064,0.5825163614357355,0.13570134344956813,0.30021495056254066,0.0838521064,True,LMD048a
CLT049c-020-1,0.8752083416355811,0.8750434832,0.8401747746532748,0.8785347290092251,0.8729609496973257,0.8752867836158723,0.8759592770352788,0.8066589876255319,0.0741788733,True,CLT049c
CLT049c-022-1,0.5529194906792803,0.7329863623999999,0.6730150033956807,0.7032700876745032,0.7090079634338121,0.7236334212307542,0.5546688879716379,0.6381539321857098,0.0855226611,True,CLT049c
CLT049c-023-1,0.30216461343101203,0.5079606271,0.3736156707512844,0.43802031425724647,0.4668804663847166,0.4720059914783431,0.2692038868193915,0.44768369010671494,0.0976326498,True,CLT049c
CLT049c-026-1,0.1982908059295849,0.3997173545,0.3933341829549249,0.4132797756938786,0.43041131496227697,0.253585722300049,0.1809306994486251,0.25266372887039484,0.0845251161,True,CLT049c
CLT049c-027-1,0.30465984127398793,0.4251010956,0.4231593370542926,0.22066948262266337,0.05106231389583551,0.2447087089196279,0.2876536117096823,0.3926935051688368,0.0849788965,False,CLT049c
CLT049c-028-1,0.6713671648837005,0.7052811351,0.666273894332246,0.6819779628903218,0.70058522817085,0.7100165169765804,0.6711208025447112,0.7059516211186171,0.0932798306,True,CLT049c
CLT049c-028-2,0.4149019914889859,0.5859390782,0.4390971490825628,0.5523430140787589,0.5790339857585389,0.5935067997657142,0.39079052437013884,0.48569694232409727,0.0748848171,True,CLT049c
CLT049c-029-1,0.5264668808784664,0.8453268607,0.8088600927161856,0.8164477618917197,0.816813204911282,0.8173704367693477,0.5148455732675825,0.7675468844261436,0.079226122,True,CLT049c
CLT049c-033-1,0.6157199748796784,0.7637366317,0.6861386881487641,0.7559753971144986,0.7795986020236663,0.7498819938019655,0.5684220998150227,0.7363918074285986,0.0762240484,True,CLT049c
CLT049c-033-2,0.30392897924025153,0.473399528,0.35932076716221417,0.47728192249664814,0.47221942128275446,0.3726713393755301,0.3117846077550999,0.32382761053705833,0.078485927,True,CLT049c
CLT049c-033-3,0.40737871416228844,0.6091374782,0.5648252788765479,0.5763761430929814,0.6176748171777762,0.6064507596997035,0.39582355290262267,0.5285989500123222,0.0743661482,True,CLT049c
CLT049c-034-1,0.38666578718447275,0.6302530540000001,0.5188961267275373,0.5691280458452966,0.5932171850840952,0.6151703553801529,0.3580564209147896,0.5373640117712384,0.0855622256,True,CLT049c
CLT049c-034-2,0.38316690486564775,0.7340440408999999,0.6776697619067178,0.6871556707468183,0.6958312903608295,0.6942311523060091,0.34025930099374013,0.5275206384402044,0.0707875434,True,CLT049c
CLT049c-036-1,0.422429434620551,0.5129827545,0.486562954390355,0.49904958278790607,0.5086045688382341,0.47898632781654815,0.41044416092519337,0.442447708470321,0.0755834591,True,CLT049c
CLT049c-038-1,0.4470005600504549,0.6472605418,0.6169263170232684,0.6391425961138957,0.6379167963552365,0.6479596183858588,0.4262330602206265,0.5454290393929737,0.074353446,True,CLT049c
CLT049c-041-1,0.44517740455329374,0.7081317381,0.6395181106532614,0.6731906296217751,0.6620022041720783,0.6807667483639618,0.44684937710191414,0.6621740871900331,0.0769570601,True,CLT049c
CLT049c-045-1,0.48290451957365765,0.5942082311,0.5168846074664524,0.564017143025089,0.5764702803942008,0.5298941256868503,0.47894529544311254,0.5179728892697724,0.0774434093,True,CLT049c
CLT049c-046-1,0.7794277301655751,0.8253287342,0.8141512898085995,0.820724089935993,0.8192916857141074,0.8179186534416192,0.7002775888818032,0.7835626603176276,0.0748748405,True,CLT049c
CLT049c-047-1,0.39480446035387484,0.5535584059,0.5460291154733684,0.5996140467070524,0.6316729231664592,0.6405514823478621,0.3703766359296934,0.5679081873580115,0.0772250157,True,CLT049c
CLT049c-048-1,0.3432536745069893,0.622187766,0.5721717975453618,0.6006571515461212,0.5911696794480756,0.6037848160678074,0.36044838611891583,0.4741774527662565,0.0876387827,True,CLT049c
CLT049c-049-1,0.5245794124534917,0.6472547766,0.6279011143431723,0.6303236449071898,0.638960455483604,0.6357633751862978,0.5096538258151009,0.594915796712393,0.0754623366,True,CLT049c
CLT049c-050-1,0.3350320104026793,0.5510848618,0.49929664419346137,0.4404767478599287,0.5310244873989195,0.5187275321869705,0.32623987837110363,0.40442571367411895,0.0685952754,True,CLT049c
CLT049c-052-1,0.4819617157123148,0.7993177790999999,0.7409389612998658,0.7488596498660594,0.743867796825858,0.7344214898677226,0.43033151089980665,0.5775944760602255,0.0840477101,True,CLT049c
CLT049c-053-1,0.489641247394319,0.7481047641000002,0.6881542763132116,0.7252973839143217,0.7304670490439507,0.7274505179412759,0.45083170730662186,0.604331560248092,0.0870860997,True,CLT049c
CLT049c-054-1,0.3114666633395372,0.457384793,0.39119669454464645,0.4157650232785339,0.4099967747919932,0.428154324297975,0.2956615583362723,0.40495780792873554,0.0755632409,True,CLT049c
CLT049c-054-2,0.6697136262633497,0.7924557166999999,0.7052135170550582,0.7406207467157164,0.7590195619007538,0.7775268159625681,0.6474373118302325,0.6465501917419402,0.0756218154,True,CLT049c
CLT049c-055-1,0.5533378360097683,0.7045414218,0.6597165393439527,0.6669860736913648,0.6853240004813606,0.6830389742477132,0.5435343475154589,0.6164465694095039,0.0724172964,True,CLT049c
CLT049c-056-1,0.44123257115688486,0.6527250872,0.6198172777779191,0.6080830706363451,0.6128080154734107,0.6209442133527814,0.43299718299321893,0.5665117681870477,0.0758992625,True,CLT049c
CLT033c-001-2,0.8767481910099384,0.8919369747,0.8769620226321643,0.8871069321744874,0.88186729941256,0.8845485690522725,0.8753368689381928,0.8398059618622027,0.0765071097,True,CLT033c
CLT033c-003-1,0.5376944442506799,0.6843302817,0.565652567518323,0.6141527737760356,0.6342885971598485,0.6503593036290103,0.5382132114643214,0.5808679086579257,0.0809568589,True,CLT033c
CLT033c-003-2,0.7159903794188519,0.7267081873,0.7531107217364256,0.7446190087951993,0.72678125699648,0.7174633607894879,0.7183558010607509,0.7206002286446195,0.0824445912,True,CLT033c
CLT033c-003-3,0.4722953530701399,0.6703014886999998,0.558429470067396,0.578283882596045,0.6284252699527354,0.6526393932713,0.30610356345573886,0.5573791795391656,0.084497233,True,CLT033c
CLT033c-007-1,0.9084725306875627,0.9149423844000001,0.9032307262410407,0.9117157980225603,0.910435764238109,0.9169622417479236,0.9060922758225949,0.8963204267365755,0.077032723,True,CLT033c
CLT033c-008-1,0.32416016452967245,0.45075637,0.36484823659229926,0.3789496859966407,0.3721792567032209,0.16313286815315747,0.28588177583805857,0.3140593208423862,0.0693908897,True,CLT033c
CLT033c-010-1,0.7507573047845113,0.8086456366999999,0.7758556834200875,0.7882785911980336,0.7992711268923376,0.8068820321913946,0.7395404737275024,0.7936908679778447,0.079235252,True,CLT033c
CLT033c-012-1,0.4207553672687959,0.4635810255,0.47140684304833724,0.3744982132039255,0.33715518688980967,0.2777009358290245,0.3487111584198527,0.4260219496031368,0.0850278357,True,CLT033c
CLT033c-012-2,0.6546418570605653,0.8274672994000001,0.7598215964533576,0.7712298393892999,0.798067724754141,0.8068533819398399,0.638432048206396,0.759891438208332,0.0783607687,True,CLT033c
CLT033c-012-3,0.3285625598729537,0.4861359438,0.39412131691506996,0.41629987035554755,0.4771437343554666,0.515994112995607,0.30212444326567534,0.3811730414495424,0.0777576483,True,CLT033c
CLT033c-012-4,0.6603966482149376,0.7183366744000002,0.6713543763045483,0.7061100409878617,0.7093698934640882,0.649156396806681,0.6641761796662333,0.7052726150423868,0.0940151777,True,CLT033c
CLT033c-014-1,0.763251540245069,0.856714117,0.7934688102958316,0.8151224319725032,0.8340515747375861,0.8451267273869764,0.7458970367699036,0.8182212060624665,0.0766567037,True,CLT033c
CLT033c-015-1,0.5103739072197375,0.7188149068,0.6870860406183791,0.7226019948285468,0.6963754635727414,0.6915677192504567,0.5123631641429657,0.6663758756431815,0.0803113359,True,CLT033c
CLT033c-016-1,0.34326714638230443,0.6896703458,0.5829749358316448,0.6156900638274332,0.6571047672504415,0.6433696640893093,0.2873715864396407,0.5908864844643585,0.0873788723,True,CLT033c
CLT033c-017-1,0.2890963088576733,0.6324752618,0.6490728401156932,0.6808649561665179,0.6623394158588757,0.6984460086137111,0.2694345114738962,0.44460483949551366,0.0785127344,True,CLT033c
CLT033c-017-2,0.3916563281646138,0.6956836912,0.5309778067425478,0.6120674020251975,0.6636273590401058,0.6543493036978438,0.36815512224965613,0.5936541405457905,0.0797568047,True,CLT033c
CLT033c-018-1,0.2502830166351208,0.3981745004,0.23765360788310746,0.3571650322429526,0.4214924137071486,0.10259290764572612,0.22873772232940157,0.3046841725831058,0.0735040045,False,CLT033c
CLT033c-018-2,0.2699848467176988,0.6793220804,0.5927754131826076,0.6234532405995841,0.6404595892738436,0.637552922364905,0.24352292277268345,0.5847445928241876,0.0728109812,True,CLT033c
CLT033c-019-1,0.27079484987845737,0.70463174,0.546944828773159,0.5867937351473784,0.6395011303905993,0.6465238936772854,0.23329262337065243,0.5885736406599699,0.0892494238,True,CLT033c
CLT033c-019-2,0.3830060913509562,0.553765196,0.4909571174729225,0.5035700590030538,0.4409221294477991,0.4220105934841399,0.36410593199530616,0.45668388756649336,0.0804318508,True,CLT033c
CLT033c-019-3,0.2997064616343886,0.4619352682,0.411561436144731,0.3412946989337525,0.31472541096719714,0.25150944811980913,0.27510870772346524,0.498939685767914,0.0811208845,True,CLT033c
CLT033c-021-1,0.4739601238567183,0.6638874773,0.5412524448502616,0.6254969202166734,0.6605803278899725,0.6334733139400045,0.4582053887943803,0.6003716720096746,0.0916656504,True,CLT033c
CLT033c-022-1,0.25466328070731936,0.6633639136,0.5324114023998064,0.5798120082857119,0.6189030995586372,0.5731281811072955,0.21438833272178107,0.30033599167804426,0.0791073687,True,CLT033c
CLT033c-022-2,0.46844767946610394,0.5986172387,0.5699015262534743,0.23488458518192767,0.5041643106744268,0.4809512425408063,0.44906949463653084,0.5937214877195713,0.0744332644,True,CLT033c
CLT033c-023-1,0.6488288571585987,0.6784964279999999,0.6481033960122982,0.6733946579927027,0.6616437635753873,0.6472816229027244,0.6431942804697994,0.6713695951599027,0.0845013849,True,CLT033c
CLT033c-029-1,0.3405003574890515,0.691714202,0.5931826045547803,0.6360103189557478,0.661173076255622,0.6479240150326266,0.3095022730976074,0.5825270203423757,0.069644108,True,CLT033c
CLT033c-030-1,0.6386853434844604,0.7417754267,0.6456609938497258,0.66717099731013,0.7042460024048535,0.7363980569916398,0.6195659857858372,0.6376180399458216,0.0789930473,True,CLT033c
CLT033c-030-2,0.6803091637281468,0.7757353813,0.6940951593537593,0.7442615758066742,0.7617080917114823,0.7740911000038013,0.6401029727665798,0.701317066854041,0.06905529,True,CLT033c
CLT033c-030-3,0.34761355302746383,0.47959227350000005,0.404491765891361,0.4975030638605583,0.4242079231593034,0.306520733540612,0.32819651450830356,0.40564311020411525,0.0778321557,True,CLT033c
CLT033c-034-1,0.27510836300258806,0.49836964729999994,0.5125001677912845,0.5674457161992466,0.6135433492271268,0.5030411511212658,0.21267805200214693,0.342417967165417,0.0773497556,True,CLT033c
CLT033c-036-1,0.30444747610550627,0.4277006757,0.31915706947596123,0.3753021494031909,0.4268216707659035,0.4182259211418253,0.29389392659393415,0.35589348040311175,0.0728983283,True,CLT033c
CLT033c-036-2,0.15286265232801274,0.3813878247,0.23270494306632417,0.3124718301340886,0.3569692841477605,0.3513398050534168,0.13897906190092016,0.2584349941487212,0.0752386295,True,CLT033c
CLT033c-037-1,0.36673001949583495,0.5111447458,0.4804331207351756,0.5117895802843209,0.5160952684742575,0.4025835306904961,0.3808706471964839,0.47564827563112516,0.0762779279,True,CLT033c
CLT033c-037-2,0.14711614516156732,0.4595298741,0.40593497470338946,0.43036466246770405,0.46586760843071356,0.4006226548331893,0.10510169002524765,0.22548831817769097,0.0771796532,True,CLT033c
CLT033c-041-1,0.3536387042194317,0.5961625045,0.49187414173297556,0.5434581628376642,0.5879962446946638,0.6076188727667075,0.2981046741989102,0.5213130088585897,0.0814538541,True,CLT033c
CLT033c-042-1,0.314698895028637,0.5830580808,0.4649515694805732,0.5213307716930483,0.550043584319695,0.5627211306435619,0.2814412486863495,0.5212685412185828,0.0876380006,True,CLT033c
CLT033c-044-1,0.2913660423045241,0.4048433529,0.32116559566648634,0.40908914736882795,0.43531851912577807,0.42794455526737085,0.27037675174896647,0.314927184346103,0.0768936194,True,CLT033c
CLT033c-044-2,0.5344722450100481,0.6832927578,0.5118279656387675,0.6288857351053873,0.6279183688332461,0.6940593878887374,0.5144748714743307,0.5950665138317509,0.0813942736,True,CLT033c
CLT033c-045-1,0.3742388922747635,0.45447279039999994,0.41900686294894246,0.4640265356287707,0.3825338517634384,0.3564704840130674,0.331971789330741,0.4889457090390038,0.0820542685,True,CLT033c
CLT033c-049-1,0.363254635868794,0.5678754094,0.5288055371711033,0.542681020220888,0.5646183888449188,0.5731029233507106,0.2948940899408564,0.5549145251683062,0.0785129292,True,CLT033c
CLT033c-051-1,0.33421973308487124,0.588399553,0.3900518575013506,0.5629794660391373,0.5964696298705572,0.6212505645991514,0.2968343760185265,0.5402797192852872,0.0713489072,True,CLT033c
CLT033c-054-1,0.20135516121591532,0.3216272883,0.2927936694594222,0.28703053951557084,0.27725447197594166,0.25493589454191734,0.17857167370430557,0.1863435761546352,0.0858047708,True,CLT033c
CLT033c-054-2,0.48224404685497757,0.6713583365000001,0.46196604581649175,0.60799341406437,0.6230766571498314,0.6782346882217813,0.4582140708366547,0.5727389465532395,0.079596403,True,CLT033c
CLT033c-058-1,0.11496912516740168,0.3072269222,0.27066396217365624,0.3230354106005602,0.34501660755561114,0.3558000273136496,0.07625013300436059,0.16079652416226883,0.0766525587,False,CLT033c
CLT033c-063-1,0.5851023954868874,0.7732347699,0.6962162441948583,0.7309273634438851,0.7365497695828851,0.7525974881308802,0.5723522463535734,0.6195231830524076,0.069575919,True,CLT033c
CLT033c-064-1,0.21104837976081645,0.3460082613,0.3148241091318925,0.3686404786851067,0.37141129313261534,0.18812849095588327,0.19014092938298185,0.264207114435002,0.0761196447,True,CLT033c
CLT033c-064-2,0.49047808352005795,0.6309698774,0.5587686343507647,0.5774175599646898,0.516009283894119,0.20199615574475815,0.40180401047286957,0.5231796621075556,0.0855538378,True,CLT033c
CLT036c-001-2,0.2603573141482548,0.3192705262,0.40262943179458865,0.027185797098778823,0.11591252740056324,0.007784846410732476,0.2525783783480974,0.3803998490094042,0.0743406813,False,CLT036c
CLT036c-003-1,0.2798120766934678,0.655076424,0.6857353198820569,0.7034969611345896,0.5570309179868359,0.22403237869496173,0.23892780982323428,0.4527417322475298,0.0785124924,True,CLT036c
CLT036c-005-1,0.41493540681371777,0.636131937,0.5722206538970465,0.5961090686476603,0.5911823332699738,0.6121391617004605,0.4046502893481471,0.5415382383235444,0.0764895729,True,CLT036c
CLT036c-012-1,0.605772722499167,0.7452329546,0.641527911454885,0.7061300324077374,0.7201940785345364,0.7219495360706897,0.4090047609246142,0.6636274727018563,0.0901915957,True,CLT036c
CLT036c-013-1,0.6992635515733117,0.7703877094999999,0.7483501495044891,0.774828546763682,0.7674923240266085,0.7030010467579451,0.7108299489302088,0.7608939774680242,0.0846113202,True,CLT036c
CLT036c-014-1,0.5051511211556129,0.8438520470999998,0.6433140607164192,0.7834218121579363,0.8126338446471278,0.8215015938642026,0.5022315187503894,0.7941894511888629,0.0888368271,True,CLT036c
CLT036c-014-2,0.6519355050527652,0.8315788778999998,0.7720945452232043,0.8006664591452514,0.813129628640109,0.8240623952361965,0.6416063355354459,0.7884596315532173,0.0849505137,True,CLT036c
CLT036c-015-1,0.792016642465691,0.8397504011,0.8139717237566994,0.8283091513496195,0.830930220808806,0.8340439301039326,0.7866678864706257,0.8078869906285572,0.0860200123,True,CLT036c
CLT036c-015-2,0.41299405267915185,0.5648624088,0.6194769095387169,0.6014125411738632,0.5194859418540955,0.4400628961737034,0.3885531340522055,0.46964664705719006,0.0927043708,True,CLT036c
CLT036c-016-1,0.4412401905495641,0.6691477101,0.6252294899144004,0.6587864170495926,0.6399179180522525,0.6571434167886347,0.4030277898043963,0.6120203842592501,0.077047478,True,CLT036c
CLT036c-020-1,0.5523695317686814,0.6351293638,0.6095185136554229,0.628161452487984,0.6524062852576822,0.6240194726287537,0.557733491507369,0.6105115362723582,0.074753962,True,CLT036c
CLT036c-020-2,0.4894523822114553,0.7153149496,0.6867530585293279,0.6501832990153041,0.6621825022142954,0.5788980310798271,0.47627899732912,0.6107126275323589,0.0828430023,True,CLT036c
CLT036c-023-1,0.5432799276024161,0.6849210476,0.6096899505106627,0.6535348602276239,0.681637488936247,0.7000463317271637,0.4827075596999734,0.5718582771030846,0.0805335427,True,CLT036c
CLT036c-023-2,0.4298388461019797,0.6340698588,0.5551085194518817,0.604127864080578,0.5958630149338282,0.6156836652527093,0.3556840038231493,0.5354807440175176,0.0773857796,True,CLT036c
CLT036c-024-1,0.5957600821621586,0.8191279167,0.7841523179886961,0.7934919592946471,0.8005508880817161,0.8075200033952774,0.5706645040621992,0.7375154166931743,0.0882960677,True,CLT036c
CLT036c-025-1,0.24762192946426897,0.4636843702,0.41820461108119694,0.40220827828667655,0.41301174729319123,0.38337202362941875,0.20826424402113272,0.33990339853345297,0.0776052765,True,CLT036c
CLT036c-026-1,0.579429065722801,0.7116890216,0.664629817590867,0.6838396426568975,0.7030867966595842,0.6777098897080844,0.5676899396735392,0.6942296730096695,0.0886630174,True,CLT036c
CLT036c-027-1,0.5366516172636123,0.7034719535999999,0.6868804559901587,0.6865758916491892,0.7089287544361628,0.7187841178106188,0.5220827208548738,0.6690208351804934,0.0933887201,True,CLT036c
CLT036c-031-1,0.559177915292838,0.6125266327,0.6193873004438137,0.5601238247599541,0.34945573173402333,0.24468703345392037,0.4923415764730858,0.5783935280397907,0.0789953519,True,CLT036c
CLT036c-031-2,0.4396479666649259,0.6797375992,0.43506694443238253,0.6497431559111719,0.6435469726525946,0.7137975892845053,0.40376080015367094,0.530873158269266,0.0749544099,True,CLT036c
CLT036c-032-1,0.4607564040164947,0.813200603,0.7056387013774785,0.7427790786126041,0.7661667512079912,0.7918943337817742,0.3645841434576126,0.7265051765783331,0.0776863966,True,CLT036c
CLT036c-034-1,0.6073285469451463,0.7749640941,0.7747648399749449,0.7771870621884601,0.7766726285430952,0.788711327163236,0.5882589921770573,0.7166270971354675,0.074687836,True,CLT036c
CLT036c-034-2,0.6580977903347864,0.8139997005,0.7269563869260309,0.7611366384134357,0.770480148278716,0.7981885857673345,0.6266339272840141,0.7262794822206627,0.0772104331,True,CLT036c
CLT036c-035-1,0.41817531184264756,0.6533475548000001,0.5962665290127944,0.6370405646847727,0.6281051177411813,0.6378634118553912,0.23475505074764502,0.5487753661577239,0.0783188708,True,CLT036c
CLT036c-037-1,0.5725252707591793,0.7407653903000001,0.6948032164335338,0.7145451685677668,0.7246030909255432,0.722764475877593,0.5604637844839396,0.6775391829939003,0.0824915467,True,CLT036c
CLT036c-038-1,0.43661595735604275,0.7011744139,0.6285712252014771,0.6609175124338986,0.6630723929515527,0.670170324875706,0.4113640269169461,0.49748387720397735,0.0707036131,True,CLT036c
CLT036c-038-2,0.6376172470216449,0.7117671783,0.6162995313442371,0.7093364531091596,0.7443120988850861,0.7322180852803737,0.6335935951949822,0.7271955654540173,0.1020432225,True,CLT036c
CLT036c-038-3,0.52353735213736,0.69605753,0.6441986230807933,0.6753602735328689,0.6908975475960497,0.6781750463587581,0.5245140837641394,0.5552303555088683,0.074558801,True,CLT036c
CLT036c-038-4,0.1742829404673117,0.4449094328,0.4159562461967911,0.4120967126019701,0.45011499767400004,0.4240337892809763,0.18457396400183465,0.22698752350052054,0.0789654595,True,CLT036c
CLT036c-040-1,0.6546306855130781,0.7432135426000002,0.7206435484601222,0.7410462470484148,0.7423177301515966,0.7466492110219998,0.6489921219437574,0.7047389199291364,0.0841602186,True,CLT036c
CLT036c-041-1,0.3804322503260886,0.5569608362,0.5179332526954328,0.5279213152048012,0.5420583900071165,0.5396495383106007,0.34441787074741065,0.4637227831455424,0.0704925666,True,CLT036c
CLT036c-041-2,0.5772187030443313,0.762100998,0.7099337440416211,0.7253045807924214,0.732427407964698,0.7418350740196739,0.5532611719395337,0.640375366901958,0.0760142438,True,CLT036c
CLT036c-045-1,0.16237555832829578,0.2756403966,0.2526760720175756,0.2649342241371761,0.26694207391395497,0.18897759556633653,0.11509031882823344,0.19981861648159294,0.0768666092,True,CLT036c
CLT036c-045-2,0.19930616727169886,0.3569494325,0.2924481469864814,0.33774529312275287,0.35937926998316844,0.36974130711724396,0.1508401107623866,0.2660529653545495,0.0741228862,True,CLT036c
CLT036c-046-1,0.14704282000536983,0.2396280452,0.19167691245022137,0.2459360937062857,0.24543080786949842,0.26293850703211546,0.08954817428690565,0.18490148034562418,0.073445908,False,CLT036c
CLT036c-048-1,0.351981075529473,0.5025999138,0.4550093103998672,0.4993873675410885,0.49381064542983105,0.45159866706748736,0.33455407983059277,0.4472079632440952,0.0736822243,True,CLT036c
CLT036c-050-1,0.29458492363600564,0.39666259419999994,0.35555237606013596,0.3858194186733803,0.3956561610337869,0.425362384462598,0.2671909193373694,0.3305290445807246,0.0783166358,True,CLT036c
CLT036c-052-1,0.508983899803783,0.7142446455,0.6076604125657834,0.6931948834503602,0.711483041639103,0.7228651307184826,0.5470351683602815,0.670163128633832,0.0811136226,True,CLT036c
CLT036c-053-1,0.33035654210979915,0.5202643108,0.4830940637070487,0.5388246105242177,0.5373873803235165,0.5056209537474542,0.29132118599346796,0.5323033766409256,0.0813219961,True,CLT036c
CLT036c-054-1,0.37167591796456473,0.5270987366,0.49799570236539886,0.5031346856601889,0.5010669274486765,0.5124739027151072,0.37496287471683043,0.4737234265718325,0.0904623118,True,CLT036c
CLT036c-055-1,0.3240286055154406,0.44566617070000003,0.38831860496712556,0.3807815882969329,0.21217480716593268,0.2205310816846506,0.30913405899920143,0.3729176430439159,0.0890789125,True,CLT036c
CLT036c-058-1,0.23559069550129572,0.4090882045,0.324799816722249,0.3913538501795131,0.4422475285845057,0.1447660421306733,0.23464259133007662,0.30412773886750694,0.0773591403,True,CLT036c
CLT036c-060-1,0.46352479819632547,0.6762747676999998,0.6418565609958177,0.6621983387174443,0.6713602661741751,0.6705868940323134,0.40915206380054275,0.6150764921719102,0.0764589128,True,CLT036c
CLT036c-061-1,0.33339016434525076,0.6724598767,0.57462269164407,0.6194700710322342,0.6381467280427178,0.670271231236439,0.25753764140939,0.6123254574512562,0.0824065036,True,CLT036c
CLT036c-062-1,0.10761518101852895,0.2846599248,0.23607902517111323,0.09955255758117773,0.14553297359472148,0.01885028734963246,0.06023940219597777,0.20285100272996423,0.0755016235,False,CLT036c
CLT045d-010-1,0.23776354098347435,0.7272345905,0.7400154827272105,0.7578067235214397,0.7312105011350298,0.6135129474599843,0.19728478530157928,0.35578424913472784,0.0907367052,True,CLT045d
CLT045d-018-1,0.6315273924402751,0.7856781377,0.7846864610184463,0.7874550865267317,0.7872201152242572,0.7876955845718836,0.6188424065654885,0.7223286150058646,0.0748672749,True,CLT045d
CLT045d-019-1,0.3758852526168401,0.6474069756,0.6527435071813688,0.6455737947685011,0.640540811763939,0.6481387224592516,0.3529381443917763,0.5287757939112565,0.0704147023,True,CLT045d
CLT045d-019-2,0.707037309940152,0.7916574759,0.7771114185239182,0.7827309713432643,0.7820949075707926,0.7846417149550691,0.6006154393770304,0.7160533069034138,0.0750631926,True,CLT045d
CLT045d-022-1,0.5220423479352324,0.6438048798,0.6225942555809076,0.6213965088183815,0.6159479080694752,0.6226962055568375,0.527717545090361,0.5820886051388716,0.0758488284,True,CLT045d
CLT045d-023-1,0.3432050361930094,0.4641621798,0.45525547632504226,0.45734166436055207,0.43734701123382175,0.4261665034041613,0.3495146138694279,0.4783597013424982,0.0720234569,True,CLT045d
CLT045d-025-1,0.5611951521525285,0.6743336598,0.6885895595832735,0.6832019658784593,0.6817175023063279,0.6835345229273431,0.5397633332089895,0.6564978993216832,0.0748070621,True,CLT045d
CLT045d-037-1,0.3941338670629381,0.5613427724,0.546891699841425,0.5711051462120925,0.520425822869404,0.4875411518912202,0.30055188031750235,0.5672963731968783,0.0897621151,True,CLT045d
CLT045d-037-2,0.7930137337926513,0.8546734249,0.8103250718631838,0.8438741380583211,0.8472529717652044,0.8490526380590178,0.7916554601189787,0.8367282540771508,0.0812819698,True,CLT045d
CLT045d-040-1,0.724756395772899,0.8598437309000001,0.7738168817403148,0.8322358237821441,0.8368790204099692,0.8277909626769905,0.7186952538401463,0.7811695837448616,0.0865859609,True,CLT045d
CLT045d-041-1,0.3268901667151458,0.510594806,0.4908605791486094,0.5326529430477894,0.5276099606858105,0.5595294164277815,0.31049200367302926,0.393192755406795,0.0761504457,True,CLT045d
CLT045d-043-1,0.39044814126549776,0.6361878952,0.5728224091184897,0.6536344047731282,0.6773211638408538,0.15925904565035523,0.36789513176302885,0.4809897725177737,0.0840209757,True,CLT045d
CLT045d-046-1,0.6295615783894457,0.772794968,0.7144547124737425,0.7418359976561955,0.7550796352759747,0.7562867265870575,0.624363408102189,0.7358443257620448,0.0913705093,True,CLT045d
CLT045d-047-1,0.42314785465327576,0.7703478733,0.6039598307291462,0.7126376106949867,0.7372483192108017,0.750178751748931,0.3616276656372543,0.6699173894833095,0.0960551957,True,CLT045d
CLT045d-049-1,0.7018740092892112,0.8342579926,0.7505183564631167,0.7943088835806006,0.8078697283688977,0.8124807928924748,0.694320874379707,0.7740941549420579,0.0941211878,True,CLT045d
CLT045d-055-1,0.3973515108149397,0.6730416015,0.5879560370981999,0.6298824990947012,0.6524395486421587,0.6480297143088709,0.37598034578679723,0.5389933414778207,0.08029938,True,CLT045d
CLT045d-058-1,0.33952417022972803,0.8602233819,0.812059659955339,0.831380147122434,0.8371631946616294,0.8430687166140709,0.27913321198482766,0.7785761905033081,0.0779627088,True,CLT045d
CLT045d-060-1,0.29306064297680534,0.4574574361,0.4257055668012594,0.4472801013326334,0.46663620598782996,0.4853741176335968,0.26242216587198314,0.38791670730389116,0.0680122727,True,CLT045d
CLT045d-063-1,0.5449337541546101,0.6651581035999999,0.5329175249630113,0.5837559932610941,0.6366998150612414,0.6506527826229137,0.5186715295365728,0.5588068301853032,0.0826936115,True,CLT045d
PRN010b-098-1,0.38551905254286245,0.6251629893,0.5771914539493106,0.6034020476986653,0.5955104265612019,0.5950008388772,0.36586143111012215,0.5997053475984141,0.0802122865,True,PRN010b
PRN010b-098-2,0.5778457798774957,0.742014171,0.669548736572086,0.7276697254517943,0.7280722081875013,0.7302037493634423,0.5815397267687172,0.7195072879237281,0.0889026406,True,PRN010b
PRN010b-102-1,0.1885558796751802,0.4397519085,0.38085475186161477,0.39012360127128815,0.3986624226930099,0.39961358369739425,0.18918369488536413,0.2838252129263933,0.0825293669,True,PRN010b
PRN010b-103-1,0.40303184354934873,0.5839890866,0.554812696967154,0.5696057175722138,0.5830798686286857,0.5760416798820283,0.38195398044759454,0.5436439535988716,0.068628026,True,PRN010b
PRN010b-106-1,0.5109330392279615,0.6153485256,0.5542721210622765,0.5834403187785263,0.585603540652278,0.6014963582112504,0.5033357548956565,0.5462439045098649,0.072377497,True,PRN010b
PRN010b-120-1,0.18507252001840974,0.26419822,0.2417894778984798,0.2669979442872306,0.2530577618028074,0.2576218038611387,0.1562647370056307,0.2622255738725654,0.0700690557,True,PRN010b
PRN010b-126-1,0.256515665171999,0.2965799516,0.27265412127416905,0.25575270303479153,0.26184943996657867,0.2589217811148067,0.24920915476344538,0.2765796665453231,0.0760685113,True,PRN010b
PRN010b-130-1,0.2187309047347799,0.3348452184,0.2710089778363094,0.2789397760922358,0.2965182392858502,0.3063942747051747,0.2008638599056583,0.2595111531876765,0.0752134324,True,PRN010b
PRN010b-131-1,0.3942096081603748,0.4796205176000001,0.4622284955103722,0.45256907254929635,0.46104001406665496,0.45176780447940773,0.353423291813827,0.4585431106266129,0.0720273342,True,PRN010b
PRN010b-134-1,0.14123516108233847,0.39294123629999994,0.3684057620314268,0.27285859994921674,0.1596235880041854,0.3344791668371942,0.1306116157031826,0.31187110472480933,0.0842888033,True,PRN010b
PRN010b-134-2,0.07507348016447363,0.1571724008,0.14979926631931784,0.14677772135472447,0.03004312960795497,0.021308295218372023,0.054557231036239474,0.10692690167166935,0.0777327003,False,PRN010b
PRN010b-135-1,0.07316685867925424,0.1377233497,0.11791305386637822,0.02574272652984986,0.1052057356091017,-0.0022097358243109485,0.0573727917177548,0.10434271021391112,0.0876511399,False,PRN010b
PRN010b-143-1,0.24514545445795125,0.2829472971,0.2601901854236676,0.27043491053892943,0.2718936319261073,0.1976987351093583,0.2473599923513719,0.2665103629864635,0.0743792411,True,PRN010b
PRN010b-159-1,0.33989763242116394,0.42373637859999996,0.3559253958757334,0.3591950639441935,0.37958536876207655,0.3667503898842163,0.3401708592186781,0.3908749512075625,0.0735738828,True,PRN010b
PRN010b-160-1,0.3770995909006823,0.626976491,0.5405671484950397,0.5653485007424031,0.5926128236300949,0.58310879838663,0.35840550310063235,0.5854728261525791,0.0751200768,True,PRN010b
PRN010b-167-1,0.3215201441511708,0.45885240129999993,0.3987690616119913,0.4757010347391007,0.3542260983251279,0.42437841580635066,0.320768059928485,0.40438859384065834,0.0858408545,True,PRN010b
PRN010b-167-2,0.20901738829027125,0.2784505569,0.26318920367167675,0.02297577111353101,0.07142630440658862,0.08501340594334784,0.19202659251357812,0.23921859556592193,0.0722585933,False,PRN010b
PRN010b-170-1,0.4135421217016917,0.452709746,0.462426529258234,0.4746115500925253,0.4589391589482664,0.4926750784487461,0.414866568886869,0.4322699304232315,0.0791511914,True,PRN010b
PRN010b-175-1,0.394176276453057,0.5097095673,0.50021321193325,0.5201718562240876,0.5214215454984434,0.5314582384909264,0.3926196720384727,0.4659752404706629,0.0733424661,True,PRN010b
PRN010b-177-1,0.41059237402510934,0.48432570890000004,0.43953659291749947,0.46173880733886374,0.45929135971356233,0.479340323162858,0.3766334065848305,0.4343795597075608,0.0744827652,True,PRN010b
PRN010b-179-1,0.4077671247656881,0.6398967387,0.5726462116686794,0.5899738473641735,0.5824306953813566,0.6023934915589817,0.4038422759263723,0.5131069437020171,0.0777275014,True,PRN010b
PRN010b-190-1,0.26307291264476657,0.3769948569,0.3523941590749456,0.3260981978276863,0.3663835042074009,0.3435838579642959,0.26345302069578724,0.31433145158461795,0.07892572,True,PRN010b
PRN010b-198-1,0.30834215055664826,0.40182017,0.3563253860027992,0.38232083396755745,0.07291687325727268,-0.011859487519316033,0.2884934385156059,0.3315164633254272,0.0760565765,False,PRN010b
PRN010b-199-1,0.2283250054388646,0.4325562609,0.38898956242042704,0.30647688976221316,0.3352870109879819,0.33932024650244735,0.20521309703978868,0.282710142032032,0.0748185924,True,PRN010b
PRN010b-199-2,0.3071036651927094,0.5175817046,0.4867315695811527,0.4825559783736769,0.5084919822040297,0.4629834119864924,0.3117683559412361,0.39995823859256896,0.0740073775,True,PRN010b
PRN010b-202-1,0.5006920387748734,0.5406575718,0.5234010653572375,0.5068076275755999,0.08059433313936286,0.12868980446021722,0.4795663754800376,0.514554455568468,0.0735548735,False,PRN010b
PRN010b-203-1,0.3357838546054096,0.4814585515,0.4046869417300271,0.4677521696823729,0.452948725149101,0.4588195745647012,0.32016774053669694,0.40850628341488693,0.077776996,True,PRN010b
PRN010b-206-1,0.2714859274423099,0.4283549003,0.3661439033310549,0.40764855159731594,0.3886186316084337,0.3723950736459946,0.258416707198355,0.3340832623368568,0.0742794729,True,PRN010b
PRN010b-214-1,0.23839217156706966,0.2289728225,0.2122751888163065,0.011671623442132639,0.09578405474297848,0.2547602191930415,0.21082850399791772,0.26276667910288815,0.071739244,False,PRN010b
PRN010b-214-2,0.6724988816495141,0.7687565990000002,0.6789039866232317,0.6863614960175083,0.7496926105965989,0.7431729243925306,0.6548306194418362,0.6884039891155829,0.0744016524,True,PRN010b
PRN010b-215-1,0.43183945408019003,0.4805860274,0.4863525234453006,0.4688997957066262,0.48721200856962993,0.4512675269045085,0.4184406259371326,0.43779603977874276,0.0771497704,True,PRN010b
PRN010b-235-1,0.3489568319357195,0.5823380946,0.5342188414629168,0.5627332911888933,0.5820159873563833,0.60855858663313,0.33966884709373246,0.41671239896672874,0.074628695,True,PRN010b
PRN010b-251-1,0.25245649581672397,0.4776326155,0.46311327202712327,0.46622407296847146,0.4686830889934078,0.45664763782610296,0.2266464120525271,0.3803442156016044,0.0797870231,True,PRN010b
PRN010b-255-1,0.14047504188532772,0.2499984787,0.19398132011766997,-0.0031656543086399547,-0.009577123433147544,0.16067048980974227,0.11991601507865349,0.14394834395094244,0.0744995715,False,PRN010b
PRN010b-255-2,0.19803230352664145,0.38510974159999994,0.3145080417828814,0.3540012934132831,0.21833557803494874,0.15681663380304883,0.18970781051900465,0.23248963568368008,0.0840231631,True,PRN010b
PRN010b-255-3,0.45337971185173803,0.6684115611,0.6458814870114717,0.5046654285115603,0.5459981324492291,0.5389048320033721,0.4320049059139382,0.5724020464525603,0.0861534657,True,PRN010b
PRN010b-259-1,0.25585642881297405,0.3278893125,0.27019513420116353,0.3333252687335407,0.3127574750616424,0.31388838608097525,0.23327871554097365,0.2994663964861605,0.0738795834,True,PRN010b
PRN010b-261-1,0.24705976716958408,0.4029862034,0.30093536248232583,0.35176089706738195,0.33908956154734715,0.3479136792626407,0.22114137019178076,0.3125484305039172,0.0776609626,True,PRN010b
PRN010b-263-1,0.24908265161989065,0.4972243408,0.3612156638665174,0.4442076924057018,0.4542109229815022,0.47136642534870254,0.22719259133776573,0.35015665562998566,0.0671879557,True,PRN010b
PRN010b-267-1,0.19494726815818264,0.3578942172,0.3305224960345383,0.30688677372798906,0.3223331837589141,0.30960260088488073,0.15362079403743162,0.2564386325423819,0.0775251451,True,PRN010b
PRN010b-267-2,0.25898789645574577,0.3056095258,0.2756836306435232,0.30726451411571115,0.03481238861064777,-0.006475922157749466,0.26410497575072645,0.2897447661610735,0.0714710111,False,PRN010b
PRN010b-267-3,0.2568866231299859,0.2829380143,0.22340682727334668,0.254199042286594,0.22288301890870943,0.22960306790978097,0.2231748511002522,0.25253706103097456,0.073030117,True,PRN010b
PRN010b-271-1,0.16628233221095667,0.39426114379999994,0.341594966565978,0.061609885943413045,0.35729640500982457,0.027000092621906516,0.13116345801823603,0.1923217001714417,0.0781784739,False,PRN010b
PRN010b-272-1,0.20173889810137902,0.4175725189000001,0.3835143190750491,0.4243874611801752,0.42207936790920386,0.42210130298725346,0.2083790206163492,0.2745854701240488,0.0723879278,True,PRN010b
PRN010b-275-1,0.19707753602439243,0.2608340918,0.22784944653233347,0.2463710175566786,0.2569349059157289,0.2605540070482022,0.18709019540324126,0.19866733410710893,0.0772017349,True,PRN010b
PRN010b-287-1,0.30195182885816885,0.661471602,0.6437334453632109,0.6434536275047834,0.6296956785483018,0.6494790322965186,0.2862364868380232,0.5617670738317944,0.0831266921,True,PRN010b
PRN008a-086-1,0.3606473754649153,0.6465316092,0.6036895441924413,0.49994483846572474,0.5185398924347415,0.5608630855858537,0.347542257399831,0.6178640446895314,0.0910268906,True,PRN008a
PRN008a-092-1,0.36071964031754905,0.4652477808,0.4273748076305619,0.45004012239133734,0.5066007899563593,0.4799398070107874,0.31975615360692616,0.36337881854805265,0.069249291,True,PRN008a
PRN008a-093-1,0.22924506677879802,0.6157637319,0.5743945154194807,0.5890382538787244,0.5806365888704372,0.5992382344210173,0.20483422283108138,0.4148550888322881,0.0836876783,True,PRN008a
PRN008a-101-1,0.8297210812657818,0.8626400141,0.8417128180726124,0.8486599852572994,0.8449142668978695,0.8479018893828925,0.8262052158272398,0.830620669209784,0.0681536561,True,PRN008a
PRN008a-105-1,0.3967823281509316,0.5649481381,0.5721148806832799,0.5884782943941308,0.5948222328122668,0.5906831580133581,0.3937480861774663,0.564099734116533,0.0754446938,True,PRN008a
PRN008a-111-1,0.25305592365864804,0.5478792342,0.522439694097817,0.5533098205690997,0.5462588476738696,0.5863017059228883,0.23014796197974727,0.49578110255302327,0.081179747,True,PRN008a
PRN008a-124-1,0.35188361641763444,0.5327618358,0.4621329997337286,0.485655231078994,0.5005643275368747,0.5060153371996915,0.3324340539919236,0.43637312695973857,0.0752230549,True,PRN008a
PRN008a-130-1,0.16593878497235484,0.2692971909,0.28183793401001017,0.3022609832402682,0.3095615239635353,0.30685820875912256,0.14610628610285178,0.2260601012340872,0.0768976402,True,PRN008a
PRN008a-134-1,0.14160170973045827,0.3423853701999999,0.3690119764928811,0.3621269551008747,0.3809479057847229,0.3373974189905228,0.12082585386494454,0.29790073487573365,0.0844400915,True,PRN008a
PRN008a-147-1,0.49638210116337483,0.6643133172,0.6338079796323149,0.653378710863644,0.6606378191482145,0.6824091061663636,0.4863765535563381,0.681372012890021,0.0862202447,True,PRN008a
PRN008a-158-1,0.563208776071993,0.650602524,0.6080954894701858,0.6316446488193322,0.642428451965864,0.6478050703609484,0.561039119786882,0.6128557024244592,0.0755498383,True,PRN008a
PRN008a-159-1,0.30774499995326876,0.3850960869,0.3933533359057181,0.3746393858661735,0.3657894698713928,0.3636403484706238,0.3190180596044087,0.3768428341370647,0.0822924063,True,PRN008a
PRN008a-163-1,0.3261087173922145,0.4120700894,0.41593554350864503,0.44820700525396734,0.48597876378230237,0.43795702411616516,0.3205158931460769,0.39788961823369484,0.0810253115,True,PRN008a
PRN008a-170-1,0.2994671247550175,0.6082092232,0.49963086543005614,0.5946742305135196,0.6410725346501824,0.5988405899452324,0.28951544976952176,0.3955022211346311,0.0884034052,True,PRN008a
PRN008a-172-1,0.1758263435216779,0.2041172602,0.01306238118915456,0.08923685215997049,0.01918583807257973,0.09888279646531418,0.20136275146633786,0.19867370178635993,0.0779699783,False,PRN008a
PRN008a-178-1,0.4150635459847669,0.4657883838,0.4626165337040861,0.4760489323345478,0.48807536589987394,0.48241613431803604,0.3954639234208783,0.4592807819331562,0.0733454198,True,PRN008a
PRN008a-187-1,0.18886614920466757,0.3350121081,0.3635271009203104,0.369838353566857,0.2518534011124021,0.18050070929913153,0.1899036171145591,0.23452082974958754,0.0822316515,True,PRN008a
PRN008a-190-1,0.30069203083462315,0.4877536932,0.44853281000599515,0.4577404013195181,0.4691521111078361,0.4943063434881435,0.2983395817054303,0.42622121781237965,0.0763038128,True,PRN008a
PRN008a-190-2,0.33981363057269287,0.4852191595,0.44513475313513506,0.4636896898673856,0.4855234255009839,0.4805207857035586,0.3267924065812992,0.4092393067884436,0.0729364268,True,PRN008a
PRN008a-198-1,0.25660435538065535,0.4085670742,0.35487044798215345,0.3657722435638675,0.3846537113364576,0.4076764072301572,0.24836859259071162,0.3278027670821396,0.0665813667,True,PRN008a
PRN008a-199-1,0.22580336158035574,0.41677336519999997,0.416155615595849,0.41178589967582135,0.41660103174605073,0.4321238452076179,0.2293035898893962,0.30288497295112754,0.0841419325,True,PRN008a
PRN008a-202-1,0.4991590454782639,0.5644534431,0.5437718585939889,0.5219820005814986,0.5286527113650351,0.5368363464003545,0.48660503605697136,0.5300048079575693,0.0785851448,True,PRN008a
PRN008a-206-1,0.22214657092600495,0.3118956112,0.3120888897521894,0.3339908055518737,0.3266385355038652,0.3163648785922716,0.20585312624370236,0.2521432257111317,0.0733097703,True,PRN008a
PRN008a-212-1,0.1448990932821133,0.2607027757,0.015837070793607598,0.05708698544192439,-0.0009898172157800512,0.003334788426907076,0.11846530929421353,0.24599841716318335,0.0768973205,False,PRN008a
PRN008a-212-2,0.6513196495049838,0.7579420174,0.6843721506718694,0.6916324605404937,0.7379581046987986,0.7395954745686542,0.6594139032159868,0.6892419895512973,0.0802907171,True,PRN008a
PRN008a-215-1,0.35512382898601197,0.4146606602,0.40324414379132306,0.4132356622555354,0.4440428195632439,0.4303954331967492,0.331504252607393,0.39112770701868305,0.0715138172,True,PRN008a
PRN008a-222-1,0.5531961685981212,0.6495029228,0.6130255689632389,0.6333548936617002,0.6397381701080534,0.6540023506699261,0.5459824841587851,0.5783976381397679,0.0790058047,True,PRN008a
PRN008a-229-1,0.35218565207700864,0.5500580656,0.5318771359098763,0.5179476067321089,0.5226758764404414,0.5197665631204691,0.3476452420785812,0.4935915440718574,0.0779460814,True,PRN008a
PRN008a-234-1,0.31947735604888033,0.5584907333,0.505117028542898,0.5219464677743396,0.552014742571666,0.5546915964604151,0.19978455729209263,0.43569108722526895,0.0734505584,True,PRN008a
PRN008a-239-1,0.30907866350538027,0.4815089994999999,0.44644097909621877,0.49044287834450045,0.5099123948597988,0.5368976936454456,0.2784830719069757,0.3767213405831162,0.0762047491,True,PRN008a
PRN008a-255-1,0.15886937287618252,0.3942756591,0.3800366770642489,0.4022430652558413,0.39918186104450876,0.3803422840538833,0.12417025934852598,0.24476365788216506,0.0761301748,True,PRN008a
PRN008a-268-1,0.3734984005375871,0.49841080720000003,0.4336168200267284,0.4819235024858553,0.4758381717950712,0.48093976862567916,0.36141320847111497,0.3955390683917506,0.0776015178,True,PRN008a
PRN008a-275-1,0.39134657699134706,0.4568456933,0.4326820983540907,0.4421367226771872,0.4484724602144595,0.4568211871738437,0.3714433135258776,0.38790126360179505,0.0739251907,True,PRN008a
PRN008a-315-1,0.24352074860612638,0.2846143522,0.29886728286016423,0.351008257804085,0.36415346611352095,0.3253320641571611,0.25988411333597633,0.3175365387278462,0.0770516716,True,PRN008a
PRN009b-090-1,0.36725246583267457,0.704334289,0.6370800419547177,0.6546009843630785,0.6547153903081638,0.6470688567823072,0.3564598588802766,0.6238721481407079,0.0893058,True,PRN009b
PRN009b-090-2,0.34263844080837386,0.7326851625,0.7044205184731163,0.7128781443966792,0.6862638285105926,0.705490353636179,0.31189724221457016,0.6237703112983419,0.079081143,True,PRN009b
PRN009b-091-1,0.1299174351855501,0.6513909762,0.5737395274567363,0.5730674461632894,0.5912066466777605,0.5603336774285825,0.11008497148761813,0.3460647644959861,0.0706978832,True,PRN009b
PRN009b-095-1,0.6739282973475137,0.7446099423,0.7031834342837391,0.720946172624548,0.7062524473923059,0.7098334295346338,0.6779341918505946,0.7215941046904087,0.0936785173,True,PRN009b
PRN009b-099-1,0.3218780387063163,0.6561029794,0.571613641482894,0.5965420515339916,0.6236075320254945,0.6103041357854334,0.3169196002367689,0.6030973587362037,0.0799850162,True,PRN009b
PRN009b-099-2,0.5732584462680268,0.761043393,0.6877511377036383,0.7232363638511196,0.7276861924635334,0.7208813307823382,0.5643021679019891,0.7130342498990647,0.0918543016,True,PRN009b
PRN009b-099-3,0.1810353968292988,0.4478849538,0.46481567211410457,0.4430575078683879,0.4096791315060968,0.42578543298631627,0.18500322928452456,0.32846721581030164,0.0798784874,True,PRN009b
PRN009b-101-1,0.781798681403206,0.8150239025000001,0.8042414209198053,0.7967255192861789,0.8038534621356463,0.8123217561781069,0.7828695139996757,0.7774858960909473,0.0738805286,True,PRN009b
PRN009b-102-1,0.16776314174173612,0.4469332674,0.3609050925886726,0.4137596350248802,0.4228830358854813,0.4189053977189236,0.16696860493599577,0.2605757918123783,0.0740018835,True,PRN009b
PRN009b-105-1,0.3788855044182986,0.5863196269,0.5508296929589065,0.5490411098176757,0.5737414741085591,0.5794657863043677,0.3666457540093307,0.5387038282307093,0.0751718348,True,PRN009b
PRN009b-105-2,0.21439575359407498,0.4610118691,0.419403732011338,0.443978409410938,0.428169386378599,0.46843991736880813,0.19243091169172782,0.38686175900088055,0.0718577141,True,PRN009b
PRN009b-106-1,0.49197543500489443,0.6209307508,0.5720866557695238,0.5773410289108541,0.576716927291187,0.5834210414108565,0.48173169290078444,0.5390050983624672,0.0715943265,True,PRN009b
PRN009b-122-1,0.17897901971432995,0.3427482457,0.2974339632081135,0.3150928933109542,0.3313094714421227,0.30915400597773735,0.1617596539659753,0.274151318143398,0.0703464101,True,PRN009b
PRN009b-126-1,0.2652978625440873,0.3117889686,0.28017223862982277,0.2085150614454085,0.24452925532580658,0.20895249616592368,0.2641700248979094,0.30242051058861197,0.0787093032,True,PRN009b
PRN009b-127-1,0.13751969345422752,0.3272704017,0.276977662355406,0.29499242503820233,0.29741902253322106,0.26409373064723884,0.1263852387422875,0.27193997980759516,0.0719842698,False,PRN009b
PRN009b-130-1,0.22349283390923835,0.2685709646,0.2518337443118358,0.2473591948663612,0.19690813825679654,0.11319455832489767,0.1996230368662182,0.23844764581478564,0.0706328953,True,PRN009b
PRN009b-130-2,0.35454585994722077,0.5507065709,0.4827116117463354,0.520613332633425,0.5436995836672861,0.5370960987284614,0.33962893733955885,0.4603466254256225,0.0754886535,True,PRN009b
PRN009b-130-3,0.22988954528530203,0.363930634,0.3152430904748282,0.3347500876201959,0.34658770700186137,0.3239320989957878,0.2072823883412496,0.280915651724578,0.0834372211,True,PRN009b
PRN009b-134-1,0.14899782329847805,0.3652398157,0.3652222152741875,0.30666028914461835,0.25252206364513347,0.10917120603528135,0.11299228689843244,0.2971530241285328,0.0793868086,True,PRN009b
PRN009b-134-2,0.09844466996675207,0.169872074,0.14216755217286053,0.019212074194125198,0.04419625099344064,0.007444890443886426,0.07353714482277329,0.12573376785160253,0.074090209,False,PRN009b
PRN009b-135-1,0.07697425008961817,0.1640654639,0.14617101687770748,0.1399198069703847,0.03149478004092346,0.0836579109243602,0.057036132480362385,0.11142029310339796,0.081418755,False,PRN009b
PRN009b-143-1,0.2440946710380219,0.2900769768,0.22918805678892856,0.277765318896406,0.27127009877940794,0.257869645367265,0.23967978433610448,0.2528644829990328,0.0827295976,True,PRN009b
PRN009b-155-1,0.1750297273759822,0.324003829,0.07308952146689822,0.05361659699830128,0.051987569749740045,0.19873414333761324,0.16762508998484393,0.21352022166063006,0.0853902094,False,PRN009b
PRN009b-159-1,0.31809964388152323,0.397680158,0.4267391059561765,0.3404637002786781,0.35457500529835473,0.253444711680565,0.31434090148989613,0.3726867478531184,0.0771079606,True,PRN009b
PRN009b-161-1,0.4701516843852956,0.5832279446,0.5484433127836099,0.5604267585926567,0.5470145938615204,0.5415198289617217,0.45882504513231276,0.5130260888715108,0.0746150756,True,PRN009b
PRN009b-173-1,0.3193665040307547,0.5904819421,0.5112948633897431,0.5595024991978187,0.5971811132380943,0.5457183464454453,0.3039839565980138,0.38509914484638086,0.0781229411,True,PRN009b
PRN009b-175-1,0.4149475969732299,0.5514329118,0.5166427829162173,0.5431223577927017,0.5421224683679386,0.5445000644550191,0.4116698409816032,0.4894052076849305,0.0762601238,True,PRN009b
PRN009b-175-2,0.11075942413712385,0.1732244474,0.1390411665015235,-0.002978557389433481,0.12147206633191142,0.016906315154457143,0.11290708245370897,0.13961202304438028,0.0736127591,False,PRN009b
PRN009b-175-3,0.3680265495171775,0.4281040739,0.3692167831316899,0.40812945116253546,0.4090372567562427,0.41013574814149817,0.30691531511810455,0.35819218147451815,0.07515615,True,PRN009b
PRN009b-189-1,0.1601146750206487,0.2205736638,0.16769540363760488,-0.010097988714635162,-0.007077674704076138,-0.005795361365591704,0.12855939279189452,0.1870445343414622,0.0763344034,False,PRN009b
PRN009b-189-2,0.18083934862096984,0.3218415053,0.2930068708405056,0.11296845828072731,0.07263995798636064,0.0984747980977643,0.17591879008649847,0.20651392150512662,0.0802147116,False,PRN009b
PRN009b-190-1,0.37327762086915356,0.5289312007,0.4797163794144293,0.4776704491940069,0.44392781874379744,0.44969173454439304,0.3612385410869144,0.4724886041716105,0.0833438758,True,PRN009b
PRN009b-190-2,0.5094185715382711,0.5783833987,0.5707081102307484,0.5441908841522104,0.5501665351346317,0.5511675535138056,0.49900988149542386,0.518741491247687,0.071735973,True,PRN009b
PRN009b-194-1,0.3888200243878118,0.4892476512,0.46893429940349857,0.47219286945339334,0.495912781826742,0.46099297331237654,0.37912859068769317,0.46271535855023455,0.0767917499,True,PRN009b
PRN009b-198-1,0.2591442367902079,0.3921069348,0.36439040825916014,0.379263727945383,0.396179970908365,0.38428686379468463,0.23530770583605476,0.33481381218579503,0.0736267788,True,PRN009b
PRN009b-199-1,0.21265964747205435,0.3921651732,0.40932417656073794,0.32305546587298084,0.3499055552066884,0.24959869425271142,0.2211315704379233,0.2739552785539559,0.0789794375,True,PRN009b
PRN009b-206-1,0.5217515230831903,0.597046487,0.5685786962149606,0.5702578560929136,0.5208020899846144,0.5144218215529307,0.5035714596081954,0.541482791037055,0.0779500737,True,PRN009b
PRN009b-207-1,0.28086970269347944,0.4188479763,0.38329046723323057,0.1844708262146628,0.1495450938387582,0.09056387877989705,0.2702253776843752,0.3221623630386006,0.0715030853,False,PRN009b
PRN009b-210-1,0.2771872945112377,0.295513345,0.22595384099858834,0.2776748521838819,0.08025265728368566,0.025109473449845668,0.227465460902901,0.3027004443976785,0.0816309603,False,PRN009b
PRN009b-214-1,0.6796609262625349,0.773062989,0.6804872970584022,0.7030119221632851,0.7233397151352892,0.7417037460704469,0.6795820293764099,0.7010814281128349,0.0772724443,True,PRN009b
PRN009b-215-1,0.2007527914546286,0.2690669025,0.22025402211533215,0.19641278863555867,0.0007648806976517244,0.0664294331074236,0.19581681098718196,0.1968350920712145,0.076159711,False,PRN009b
PRN009b-235-1,0.36259649571896585,0.5911619981,0.5438974430544244,0.5805499958968929,0.6015877875267817,0.5864305313194768,0.3380531553739959,0.5610462943140687,0.0814924572,True,PRN009b
PRN009b-235-2,0.3011795999857024,0.4800734914,0.4064272833138834,0.4250564252915101,0.43705183717444346,0.44566068725133945,0.277708493837349,0.3505774658308935,0.0733247128,True,PRN009b
PRN009b-243-1,0.1844537754203127,0.4337821124,0.45656023251013766,0.24691291736515752,0.26066489321596886,0.2846861997797522,0.16001544087927871,0.21111564052145448,0.0810807604,True,PRN009b
PRN009b-243-2,0.2996137824540096,0.4188914102,0.383242253632524,0.3942239821377,0.424792257205827,0.4234515884235028,0.2540653983619082,0.32727481203572384,0.0709331833,True,PRN009b
PRN009b-251-1,0.22647482758238782,0.4255664235,0.40035717090096895,0.40111492438095037,0.4126954165083431,0.4267315573578192,0.20102283756059403,0.3135682849536731,0.072448296,True,PRN009b
PRN009b-255-1,0.421519800801601,0.6425185623,0.655359099026355,0.5660411197469588,0.6314025924691109,0.45517681704941904,0.41899810401335047,0.5228228692697906,0.0865878232,True,PRN009b
PRN009b-255-2,0.21278431151770683,0.39688378189999995,0.4170327478485603,0.41198210392048057,0.2959081160661383,0.17935779985159425,0.2085627542665515,0.2518553807201625,0.0846268784,True,PRN009b
PRN009b-278-1,0.1696504978657084,0.4622778538,0.33242400718844944,0.31398421089956413,0.3349674420095195,0.3489718506863886,0.02096412638017865,0.20398681734354132,0.0756895562,False,PRN009b
PRN009b-283-1,0.3184914233660825,0.7521657804,0.758506783987329,0.77368596788417,0.7711425180084318,0.7296954501105369,0.2931115389438548,0.6602709798156213,0.0732822262,True,PRN009b
PRN009b-287-1,0.20239525517371587,0.4781668506,0.46588502972480994,0.49618574750634215,0.49757992241473076,0.46992992058491967,0.18154022128063674,0.31122498181683805,0.086242892,True,PRN009b
PRN005a-158-1,0.23673854614181153,0.35523601290000006,0.25480643502251654,0.4254909214970173,0.4636143830211295,0.2012263796957145,0.21903766995144916,0.3815657949868636,0.0744069171,True,PRN005a
PRN005a-159-1,0.41346564798715624,0.5628605135,0.5164633999228079,0.5488852151968354,0.5911063145136217,0.5900054296947234,0.40257492208053947,0.4977115218003841,0.0811844466,True,PRN005a
PRN005a-159-2,0.47764273501349985,0.5311153163,0.5362805038286689,0.5433169549687087,0.5644955850632298,0.5780454659806529,0.4762973706804769,0.5343909847532611,0.073984858,True,PRN005a
PRN005a-162-1,0.4645528286972714,0.5883053347,0.5595197848212827,0.5865514755731821,0.5835104559639941,0.5902168123814358,0.44735590463242164,0.5530715271581522,0.0754292026,True,PRN005a
PRN005a-163-1,0.16912555446341948,0.5366775339,0.6096779241874364,0.5963822786715842,0.5742506941739484,0.5350812864316804,0.20777884487169185,0.45128599419176324,0.0718182326,True,PRN005a
PRN005a-165-1,0.239949432353721,0.4194379431,0.37209289930835143,0.4919006072581788,0.47299946815954963,0.5059451565586236,0.22804737284862722,0.28192645087497803,0.075977863,True,PRN005a
PRN005a-166-1,0.1959754649339702,0.3137047709,0.2552989423515193,0.3154613811184952,0.3176608733725483,0.3028036313418023,0.1845407038433089,0.24848374119406857,0.0824460316,True,PRN005a
PRN005a-166-2,0.2564250832189017,0.2968576918,0.26745018077679844,0.2390738141004592,0.12108128329790836,0.08739672328558755,0.2698068620369485,0.2853678350739249,0.0757830206,False,PRN005a
PRN005a-167-1,0.32888052379705796,0.4669032262000001,0.45042913094780174,0.4557868961645777,0.469868534296043,0.41892992442450433,0.3447642644220526,0.4356635233818402,0.080844581,True,PRN005a
PRN005a-167-2,0.024589626356094352,0.1168937777,0.15278854530010647,-0.003029102688757054,-0.0017619436540464643,0.001782307380845945,0.06928977768679612,0.14403142371942812,0.0742126719,False,PRN005a
PRN005a-168-1,0.3435308712696594,0.7158208894,0.5045125153506587,0.6162035912886047,0.6787423952235047,0.6781056255621003,0.34273729339146375,0.6700869707968026,0.0840423887,True,PRN005a
PRN005a-171-1,0.32527967805478536,0.4781139404,0.44653171293041743,0.4854220833651339,0.48577008555066487,0.5098832179836287,0.2986652789143652,0.4395362095428927,0.0792121534,True,PRN005a
PRN005a-171-2,0.44507122591814485,0.5205095725,0.49366237769302007,0.5154709639839733,0.5424512200245936,0.5695283611227532,0.4439676844899099,0.5060996155879973,0.0774958645,True,PRN005a
PRN005a-171-3,0.45549801828085995,0.5482478461,0.4686884186300537,0.5283965259910071,0.5422025271408787,0.5622024295189852,0.4132431354813953,0.5150066322921257,0.0733834364,True,PRN005a
PRN005a-171-4,0.33743931615146006,0.45510894409999997,0.3730557765993873,0.4559336408002405,0.5193108908698113,0.5878592759508567,0.32084946465172437,0.3844504267817117,0.0827544574,True,PRN005a
PRN005a-171-5,0.34067164252637644,0.45194259309999996,0.363767102440826,0.43710427495190346,0.46690477081234827,0.46642591681409357,0.3433049254851188,0.41082981749139535,0.0796612452,True,PRN005a
PRN005a-174-1,0.4185077967650656,0.5467473578,0.4268183182113873,0.4881795891815263,0.5074973081136884,0.5067715690185417,0.3989231979134914,0.4863769253234863,0.0730881488,True,PRN005a
PRN005a-174-2,0.5354888442854119,0.6594599484,0.6150103962361387,0.6216447525017816,0.6364370959769355,0.6307407751020048,0.5193176347187233,0.5698832638293042,0.0771475056,True,PRN005a
PRN005a-178-1,0.4528052066403603,0.7199657203,0.6775173384941343,0.6882323431374323,0.7044086039579982,0.7062359245577918,0.44723590256302564,0.6096753340485582,0.0775121904,True,PRN005a
PRN005a-181-1,0.18324894398633837,0.23287735480000002,0.23722206613478256,0.3818999839733999,0.16307662947173232,0.03581822953943087,0.1802183650885439,0.2290243193941807,0.071132039,False,PRN005a
PRN005a-182-1,0.359147047675439,0.5800009552,0.5957856343623733,0.6288746619475021,0.5910164774802805,0.269276480835645,0.35433354419336344,0.523073814597433,0.0778587426,True,PRN005a
PRN005a-182-2,0.4834597033663994,0.6341938639,0.5770452629110098,0.5984725511919092,0.6120576804331845,0.6356192728322353,0.47002063906007063,0.5513341414299266,0.0778591815,True,PRN005a
PRN005a-182-3,0.46450913976640323,0.6020284922,0.5938507110188881,0.5912665251163212,0.5792407212587608,0.614608671429403,0.4513649704084921,0.5286074348120493,0.0717712188,True,PRN005a
PRN005a-183-1,0.18820480214182345,0.2886490462,0.26889826007183076,0.34103339900213064,0.3178436062903726,0.20119478912318162,0.17930685144419675,0.2242601756642388,0.0792217481,True,PRN005a
PRN005a-184-1,0.5097790587017841,0.6408159899,0.6078464615885139,0.6073369184976524,0.6112765122784513,0.6445708552519295,0.48994453557993384,0.535506442592114,0.0746179185,True,PRN005a
PRN005a-186-1,0.2887074334335893,0.5108187533,0.47223368029570334,0.5376207249584667,0.5365985416207835,0.5299515887837565,0.27484027404350336,0.5092764045698963,0.0764267959,True,PRN005a
PRN005a-186-2,0.38915904420728786,0.5356333035,0.49408019952342574,0.5206473303431813,0.5471896575601579,0.5312483946105061,0.38533061767274224,0.4900458694013641,0.072186907,True,PRN005a
PRN005a-186-3,0.3015010089699696,0.5010922152,0.37850509293864937,0.43123009700526993,0.44312252208518615,0.4673652163711587,0.26329693216112154,0.419755438892438,0.0698883005,True,PRN005a
PRN005a-190-1,0.5884664153527118,0.7450657726,0.6996679280986023,0.7157218441857565,0.7194453823214793,0.7290328843204508,0.5785123888894509,0.6782659884348083,0.0751773671,True,PRN005a
PRN005a-190-2,0.4127379354800278,0.5327375481,0.46918971769884127,0.4940322830710815,0.5129080581327974,0.5723428632252826,0.3865843245330303,0.4299272951856777,0.0653652053,True,PRN005a
PRN005a-194-1,0.3115065547475205,0.5113250773,0.46387968771815546,0.46563309426063065,0.506843381424847,0.5029562080983255,0.28867120495709786,0.45047031579495644,0.0725582188,True,PRN005a
PRN005a-196-1,0.48093568452166147,0.5590899366,0.4994990978738282,0.556742356743044,0.5701968728108837,0.5844667095020482,0.47501006252531586,0.5458861856633896,0.0739068101,True,PRN005a
PRN005a-198-1,0.540148579857401,0.6137967063,0.5685355493344973,0.5762598775167033,0.553149625180644,0.5676061176566908,0.5141590134262644,0.5511741777488178,0.0766413034,True,PRN005a
PRN005a-199-1,0.37313995073874334,0.4752400945,0.4675482923505037,0.4867687559864031,0.5031205604607238,0.5055860223219815,0.37130741272483764,0.41892830719365887,0.0751372421,True,PRN005a
PRN005a-200-1,0.2542110827661309,0.3405995451,0.2966967847295236,0.32834502091477763,0.37848331358720305,0.26639755128276377,0.2564722081074886,0.2831858861764597,0.0720902159,True,PRN005a
PRN005a-202-1,0.707195296245162,0.7515704678999999,0.7109753414465605,0.7466019471042962,0.7400240806692825,0.7761731909634584,0.700210403639501,0.7321874380700488,0.0711183774,True,PRN005a
PRN005a-206-1,0.6617055207870587,0.7760104194999999,0.6874901768804261,0.7278011522370522,0.7368182143744358,0.7510611229696589,0.6784851617003441,0.7182572928920004,0.085758426,True,PRN005a
PRN005a-206-2,0.2783921869213338,0.3128464717,0.2366741315977401,0.28863877804967053,0.30514188599701586,0.34281439531070307,0.20670352784445126,0.2937024603738882,0.0744257322,True,PRN005a
PRN005a-206-3,0.3768726295853829,0.522004758,0.45095890637039965,0.4471048077666918,0.47496602286288925,0.5168476712299661,0.35500619370468733,0.43128645526439074,0.0762241358,True,PRN005a
PRN005a-207-1,0.4843529185405282,0.544418572,0.567761838797245,0.5211603451699068,0.5914451492719033,0.5569984720306882,0.48459089799331645,0.5372793300797094,0.073039865,True,PRN005a
PRN005a-208-1,0.5000021921338725,0.6391539557,0.5798222308003707,0.5987387417606977,0.6055004758158694,0.6256515859394706,0.46238665921898037,0.5351377982060576,0.077085949,True,PRN005a
PRN005a-212-1,0.593662135527831,0.6716291499,0.6686001640705939,0.6713144510237606,0.6692726317316314,0.6708427249285762,0.5944178967638303,0.653244038300885,0.0741807009,True,PRN005a
PRN005a-216-1,0.6883469930963966,0.8022275066,0.791454555710541,0.8083091870326244,0.8101340606667917,0.8252712027813554,0.6797243075040172,0.772724531910373,0.0813302737,True,PRN005a
PRN005a-220-1,0.43930659401255273,0.6165267012,0.5760814510651852,0.611754827461094,0.610381008771022,0.6024233071560852,0.4407342594079579,0.5323727632109113,0.0740614635,True,PRN005a
PRN005a-222-1,0.3575287245399934,0.5392917138,0.5008816378660916,0.5254048838522852,0.5254311157717365,0.5262775578701547,0.34954001766462306,0.43803723194180205,0.0734949246,True,PRN005a
PRN005a-224-1,0.43211717008044725,0.612418778,0.5715428699582276,0.5647572157361022,0.5863686617006456,0.5794943511339127,0.4419156103607871,0.5551343877423429,0.0740282665,True,PRN005a
PRN005a-226-1,0.5637033836012343,0.6968689655,0.6624386592131025,0.6853920059904174,0.6882062212109857,0.7031273027868321,0.5468458848279812,0.6259240483394563,0.072800259,True,PRN005a
PRN005a-227-1,0.3528272244435189,0.4788609087,0.45930746437537506,0.47088107455159245,0.4642419499236466,0.47338840002341837,0.31897733564998637,0.43131811937736275,0.0731653859,True,PRN005a
PRN005a-227-2,0.3270349867772695,0.4300758885,0.34538765450107367,0.36874405029385976,0.39581491894810145,0.4240981542737283,0.24944923013757733,0.3510342402033716,0.0703024283,True,PRN005a
PRN005a-228-1,0.4148996464297694,0.5711962791,0.4834705247081058,0.5402004762832703,0.5516726083602852,0.5703260914957246,0.38820241790971266,0.49075037198008575,0.0827941292,True,PRN005a
PRN005a-230-1,0.4118501525336631,0.6667811325,0.6134489876947019,0.6508790632994261,0.6622687757293972,0.6782674985771272,0.4130754946713642,0.5684003694402806,0.0779877683,True,PRN005a
PRN005a-230-2,0.49472381866272824,0.6425806642,0.5403145421515142,0.5603701900448756,0.6287092499295265,0.6515193948187431,0.47274309719417723,0.5292352277726183,0.0745491435,True,PRN005a
PRN005a-231-1,0.32486705518494746,0.5077755109,0.5052854444316307,0.5314220454900371,0.57425537714699,0.6062332751101577,0.3310839945224845,0.3947429318313254,0.0809986159,True,PRN005a
PRN005a-233-1,0.39162790912476064,0.4675827475,0.422172447585763,0.4793983840423032,0.498943788746624,0.5165918172144663,0.38689015097126944,0.45718124063028137,0.0766894717,True,PRN005a
PRN005a-234-1,0.4753941197191841,0.5188723639,0.4827424249173682,0.52894144303415,0.5540206096690818,0.5586908634347493,0.4602342207343891,0.5202178506950211,0.0721189599,True,PRN005a
PRN005a-235-1,0.28070124550359504,0.3952614061,0.3226658185962717,0.4036869578348639,0.4420123235388628,0.4651781910916611,0.25814173008030417,0.34934972617215004,0.0710633189,True,PRN005a
PRN005a-235-2,0.37047869843585585,0.3947063093,0.3468106171638131,0.35164363793018916,0.37636205819885377,0.3979907085230413,0.33281518258827847,0.37400267454619146,0.073937958,True,PRN005a
PRN005a-235-3,0.4161580457454989,0.581111857,0.5415409364783207,0.587609338592555,0.5905559678306492,0.5896216894823697,0.42993047044047283,0.5117302202953744,0.0745121176,True,PRN005a
PRN005a-239-1,0.26045274129163043,0.581820059,0.4855962214187619,0.5542367474639927,0.5568797293153477,0.5795471249360173,0.26424125171137663,0.4452719479082849,0.0735952632,True,PRN005a
PRN005a-239-2,0.27336310223477334,0.4371215771,0.4586713678774143,0.4952836186879321,0.47600087947593794,0.39638054720127897,0.25782947517799065,0.2951285903540075,0.0774912062,True,PRN005a
PRN005a-242-1,0.28087201906490644,0.5472778746,0.4379623595329318,0.5526719226937166,0.5490658064697581,0.5824251816243653,0.26005625516977104,0.3828418135645246,0.0756930017,True,PRN005a
PRN005a-247-1,0.23349239513951353,0.522440119,0.47345482778357634,0.5500795228272561,0.5734555671123477,0.5704512531792119,0.22030507084398046,0.4007539665744215,0.0740249565,True,PRN005a
PRN005a-250-1,0.30642518708940186,0.47330399409999996,0.35342065774127723,0.3780480992271048,0.43099030786037534,0.4718446203576692,0.2852549599978489,0.3869498902146743,0.0749480627,True,PRN005a
PRN005a-250-2,0.4003414226936846,0.5015954035,0.3945177926172518,0.47414132540369075,0.5189681568937259,0.5348076778541121,0.38691596106596077,0.44927903362180666,0.0772371317,True,PRN005a
PRN005a-251-1,0.31892095608634335,0.4771557628,0.3907284785377822,0.4342553819346243,0.462755635240261,0.47461997317365745,0.2970821591336957,0.40209666794405696,0.0720343753,True,PRN005a
PRN005a-251-2,0.2307979319454276,0.2216556291,0.20716592344248858,0.24252019022419324,0.25255438580630873,0.27791967255672834,0.17805273745307015,0.19788996122252775,0.0700351445,True,PRN005a
PRN005a-251-3,0.291612083858072,0.405818743,0.3084777632306874,0.34440265475847226,0.3643443064141429,0.3771536206150307,0.2589221285054964,0.2983911009790576,0.0770370458,True,PRN005a
PRN005a-252-1,0.6095746747286589,0.7623175971000001,0.726221489635692,0.7333058633256371,0.7480341453896964,0.7579511259632272,0.6023770143856182,0.71293473133474,0.0791444093,True,PRN005a
PRN005a-255-1,0.3329015305325635,0.41939663299999996,0.3673983129890923,0.4301112558955502,0.43920627617093705,0.47534509118279544,0.3185731453009732,0.3647063264745869,0.0795816564,True,PRN005a
PRN005a-256-1,0.4571384606048498,0.58766594,0.5307556294922986,0.578644247402686,0.5968364446740864,0.6036759158580794,0.4425681507452797,0.5451716098563993,0.0719572099,True,PRN005a
PRN005a-258-1,0.4445824790670537,0.5585882573,0.45926377953133224,0.4933425474348297,0.5314761504762278,0.5650657200124757,0.42140637522054253,0.4815650046209201,0.0759288985,True,PRN005a
PRN005a-260-1,0.3623184429614186,0.5305602464,0.42729817477873683,0.45173435739488993,0.4851377558063665,0.5333667875789216,0.3623038985456157,0.4606844720045079,0.0714859071,True,PRN005a
PRN005a-262-1,0.32419268648668204,0.5194918493,0.4216889364310764,0.49958081843003943,0.5126604492458804,0.520279607023127,0.28458240503198384,0.44840757451846813,0.0714619551,True,PRN005a
PRN005a-266-1,0.15893226825288048,0.444859486,0.40695120400757057,0.407200346562777,0.4043155955827353,0.4466728844603585,0.11474172663358481,0.30813143843052593,0.0763669607,False,PRN005a
PRN005a-268-1,0.3508025124845872,0.514826725,0.47528377346751033,0.48497225519743475,0.4957957267941414,0.4812677062000727,0.3357783517724662,0.3986866313526908,0.0742379553,True,PRN005a
PRN005a-271-1,0.28876906482990955,0.6343388029,0.4906058219049965,0.5344149543372524,0.5663483723856623,0.5784322582501505,0.28778005963503617,0.44850543275254595,0.074497341,True,PRN005a
PRN005a-271-2,0.3263019255937882,0.48741120109999997,0.4405886561521013,0.4645828320620126,0.4725838675260485,0.4739232233911078,0.32203271806343436,0.4315397574596528,0.0727752673,True,PRN005a
PRN005a-271-3,0.16311687222941576,0.24507485490000003,0.24010963745626315,0.22666626633681505,0.2737317399876307,0.13316790311723514,0.17338333275571935,0.2212171120783795,0.0751980098,True,PRN005a
PRN005a-272-1,0.2632130753698143,0.42636853220000004,0.36761608465985424,0.41535882329998663,0.4593242239313764,0.44524252836490935,0.2511093685401845,0.38411050683625353,0.073127174,True,PRN005a
PRN005a-274-1,0.33127890841428553,0.4646918465,0.34633966954446765,0.36987747436288987,0.46226500728576275,0.5274374653113425,0.21371676646753401,0.3120511174493191,0.0718123114,True,PRN005a
PRN005a-275-1,0.27822767192739506,0.6180374202,0.6385062284943279,0.6786563059448169,0.6806903455907148,0.6938552029122877,0.2846478210579077,0.45999613799669714,0.0831960327,True,PRN005a
PRN005a-276-1,0.1746895804396606,0.5068742813,0.4468626954990419,0.4760889402042234,0.4780558442780042,0.47806384172656496,0.17823506656918323,0.3427399131812089,0.0790924171,True,PRN005a
PRN005a-285-1,0.21493798290274096,0.46523107449999995,0.35270686600023315,0.4178308832876715,0.4329818493663887,0.5060675835170836,0.19721849008623477,0.3782965534040086,0.0775791893,True,PRN005a
PRN005a-286-1,0.49574816006791717,0.5851969513,0.5346694605078836,0.5598102128601553,0.587498245751038,0.616636560497907,0.4847955685641445,0.5356125957422798,0.0725607876,True,PRN005a
PRN005a-288-1,0.14848524413858333,0.3011922697,0.2726021754688886,0.3308705500288829,0.3423457567663194,0.3651275084536052,0.09567533942373495,0.273757500913312,0.0692706694,False,PRN005a
PRN005a-288-2,0.2763691143919644,0.3881772362,0.2594694924335902,0.33900949623668264,0.3308120352979086,0.3622871919231711,0.17816872534381312,0.2856091970736539,0.0768916183,True,PRN005a
PRN005a-290-1,0.19058721480258795,0.2777367284,0.24236233582715616,0.2541570344226712,0.25513629274444977,0.2907414864755228,0.1616624540000094,0.20336755082351737,0.073551068,True,PRN005a
PRN005a-290-2,0.3316384634396502,0.4379793375,0.39098352699061006,0.4014322688816183,0.4295163080154325,0.4088384743729063,0.2377726938265267,0.3396885891576935,0.0715399874,True,PRN005a
PRN005a-291-1,0.2526489742233256,0.3835621464,0.4257377303474124,0.4741474613820227,0.4693326405459086,0.3372149576239101,0.23974613892753618,0.2991923716797727,0.0723461348,True,PRN005a
PRN005a-296-1,0.31894437741270515,0.4442227458,0.3598601771528929,0.4025079372762099,0.432991304983118,0.47329621457541743,0.3175989028344995,0.3685179058169399,0.0820624286,True,PRN005a
PRN005a-299-1,0.3319691229140637,0.4889917418,0.4166108140948817,0.5573116592875361,0.5892746182110099,0.6136786180464562,0.31533862552956843,0.39787443895791547,0.0777221754,True,PRN005a
PRN005a-299-2,0.24147832790818544,0.360005914,0.25110893409864543,0.31434108136496136,0.29169760410499446,0.35820436136460504,0.22538549839303884,0.27974787639786314,0.073400285,True,PRN005a
PRN005a-303-1,0.19857698426371703,0.4100111497,0.3596868315937105,0.3983021614222584,0.46048368587168154,0.45212100257918575,0.1665299117174487,0.3422107781227543,0.0687399799,True,PRN005a
PRN005a-305-1,0.18165994518602174,0.4255922222,0.36029546239196575,0.4000401541391326,0.4414812479061084,0.44451562323690297,0.1822729139514688,0.38957841314778396,0.0685480397,True,PRN005a
PRN005a-307-1,0.2847939599435573,0.4078919274,0.30855080499306103,0.36342497183422184,0.3510846805261719,0.2853713331705299,0.25414892426734237,0.3041469236124785,0.0767573291,True,PRN005a
PRN005a-307-2,0.37246171426660707,0.4378607545,0.4089812125727004,0.3796824496962537,0.4288358399939413,0.4452191619343591,0.31321322825140324,0.407329747865648,0.0743035886,True,PRN005a
PRN005a-311-1,0.561180608000315,0.6263457397,0.6224289195505801,0.6335354021915113,0.6299186023821672,0.6284476703130126,0.5524860494745336,0.6068423335510286,0.0725021056,True,PRN005a
PRN007a-085-1,0.3449242233480901,0.7249659837,0.6361912304810512,0.5580864654259742,0.6505583925813784,0.6125337575856461,0.3333248090373645,0.6751925423309778,0.0844018161,True,PRN007a
PRN007a-095-1,0.607590681053308,0.6681166345000001,0.6087800582903861,0.6464666072577508,0.6608955176007544,0.6537192043824485,0.5991100987137965,0.6437462395630404,0.0923622218,True,PRN007a
PRN007a-098-1,0.554620943330329,0.7524908719,0.6732712239123754,0.6884023708584228,0.7008482592598516,0.7135877732319075,0.5456808127598761,0.6973044137678792,0.0817989096,True,PRN007a
PRN007a-099-1,0.36165938480287974,0.6972447929999999,0.588955804787023,0.6144619894605321,0.6292835438657189,0.6389157224994525,0.3445120220141767,0.6250854344200326,0.0880821092,True,PRN007a
PRN007a-102-1,0.12242430733484466,0.4315632909,0.35060753435176467,0.36034545219742087,0.3711643966464468,0.38935970255878605,0.1253712861954015,0.22601585275683514,0.0781375161,True,PRN007a
PRN007a-106-1,0.48668107074309963,0.6481286637,0.5971926639815961,0.6052500484761392,0.6206931402777743,0.6129056514026947,0.47940436543870873,0.5445922533195166,0.0716863734,True,PRN007a
PRN007a-111-1,0.22082083130753088,0.5658797734,0.5042157076923076,0.5076046429909997,0.5216461147808306,0.548752201848337,0.21656223134802233,0.28906177813318634,0.0720175244,True,PRN007a
PRN007a-130-1,0.23379250238924024,0.44546289879999995,0.39229407210119605,0.40275420084572855,0.41123981631589857,0.4155981062399413,0.20571508619907392,0.29789687300637974,0.079817978,True,PRN007a
PRN007a-131-1,0.36871004719655215,0.5332927227,0.4828722677870135,0.5010766242444399,0.4998096177827691,0.4985633220907486,0.3483621928115663,0.47113088916516527,0.0690365864,True,PRN007a
PRN007a-135-1,0.08620312079334082,0.2258380142,0.17857317712897883,0.19318866318686098,0.20157478815511126,0.16823279521773027,0.06424555072372089,0.14376537325785493,0.0799420553,False,PRN007a
PRN007a-138-1,0.09597522676675439,0.22285095210000003,0.19218547011226503,0.23267849820571496,0.21367967044659605,0.1387105079738742,0.07449146410016504,0.1565690723784352,0.073993788,False,PRN007a
PRN007a-143-1,0.24637621812586138,0.3137567089,0.299093787443706,0.3119229735648354,0.33759094263456313,0.3241775122060322,0.24557156272575723,0.27738400948499,0.0756742725,True,PRN007a
PRN007a-150-1,0.31790113092069905,0.4696145546,0.38498291438033866,0.40532409073290987,0.4221281190360775,0.43362695862084694,0.24467579094211214,0.3538129618862026,0.075278569,True,PRN007a
PRN007a-154-1,0.175110119906111,0.311245588,0.2194479037186448,0.1461092887952858,0.08857099337642116,0.14013880752896488,0.17221057595942824,0.21056078036322032,0.0770469777,True,PRN007a
PRN007a-158-1,0.6173164346474532,0.7392492782,0.6606934845033822,0.6952156698934614,0.7020429727979952,0.701300948131063,0.6057951168905978,0.6624335828239247,0.0766445016,True,PRN007a
PRN007a-162-1,0.20738726788305004,0.37249660720000005,0.3647967026549141,0.36480335363968724,0.40211892732205795,0.08271870744276917,0.18939130331338191,0.292452602423512,0.0739558641,False,PRN007a
PRN007a-163-1,0.4662952716048945,0.5945417071,0.5332531703939286,0.5327600563735794,0.5394747089912264,0.553185896356447,0.46910300205595595,0.5098533575347992,0.0760483545,True,PRN007a
PRN007a-163-2,0.4061609734117233,0.5523352859,0.48586461830776057,0.5317276460289312,0.5423581339095183,0.5403566474824822,0.39291741614894754,0.45512772448197336,0.0794673213,True,PRN007a
PRN007a-170-1,0.20721705074267477,0.3033953047,0.2585050076289593,0.288972627028829,0.2377966282120217,0.10476311971350384,0.23401002247573935,0.2517074546078,0.0850729892,False,PRN007a
PRN007a-173-1,0.24287337899849462,0.4037417036,0.39713863587964404,0.4167037274084918,0.4230335166138921,0.437475229382599,0.2143658618455218,0.2671212987752813,0.083315474,True,PRN007a
PRN007a-174-1,0.4284629998946197,0.7033972608,0.5768288329926962,0.6397653805777708,0.6677676097791249,0.6768224464518219,0.4270028050478971,0.6360348575197999,0.0802021805,True,PRN007a
PRN007a-175-1,0.2977498806837345,0.5279569354,0.4518737431944854,0.47749370567252253,0.4815028184107661,0.4804771948098448,0.2530907528096327,0.3951877856086433,0.0720937741,True,PRN007a
PRN007a-175-2,0.4049591404303924,0.5409419525,0.4863137445210669,0.5201664723292658,0.5302707551622717,0.5328221629334458,0.3976405774265236,0.47620274497250004,0.0819763872,True,PRN007a
PRN007a-182-1,0.3856030394407448,0.5905919647,0.5068266780894443,0.5386601073786553,0.5291783798394217,0.5407322735964315,0.36756790189549277,0.49203288523769345,0.0754920432,True,PRN007a
PRN007a-187-1,0.21969564330374244,0.4393307699,0.43414230573574014,0.4378021860252379,0.4228366708163369,0.4107057103056995,0.20972306159486576,0.26415030326951794,0.0866064958,True,PRN007a
PRN007a-190-1,0.361127180576416,0.6024496724,0.49495448700591965,0.5545445677448104,0.5627743612669354,0.5501877299936758,0.34835651032997783,0.4875337325711679,0.0779336831,True,PRN007a
PRN007a-194-1,0.29007561345398764,0.4834939381000001,0.38257982376666116,0.4273364043488654,0.4369159038055091,0.41208881373532175,0.2547112590659959,0.3594994020228032,0.07782698,True,PRN007a
PRN007a-199-1,0.2295063665091133,0.4374189607,0.3950809400835496,0.4217974471203279,0.4214459291196749,0.41881806412287004,0.18688668727068591,0.26330164539797646,0.0751014901,True,PRN007a
PRN007a-199-2,0.42649745402741096,0.5593048764,0.48112899153327326,0.5135621441900747,0.5281465782115384,0.517097601174879,0.4172335121892032,0.5003802990261489,0.0766877729,True,PRN007a
PRN007a-206-1,0.4977136077625069,0.6065079547,0.5515452194083126,0.5844940218877003,0.5741561963884493,0.5724592369057853,0.4951288037138745,0.5558744561090421,0.0700652935,True,PRN007a
PRN007a-217-1,0.586909805115307,0.7154935093,0.6957972847053498,0.6911577958419148,0.6961803479228214,0.7018690113294939,0.5747098023139002,0.6709957530104177,0.0744436596,True,PRN007a
PRN007a-229-1,0.4399872502940424,0.6188526256,0.5442148109453238,0.565649126772377,0.5705682205912346,0.5709773960231266,0.4105423630499318,0.5402596547581583,0.0741985196,True,PRN007a
PRN007a-235-1,0.3567865933183626,0.6215524633,0.5433739282227286,0.5908190582294955,0.6040722398326273,0.6243066590135841,0.35007680229600274,0.558345843851834,0.0786982778,True,PRN007a
PRN007a-243-1,0.3528613945398468,0.5324263843,0.47202679910507195,0.501537181911621,0.508637881821342,0.5360095637917912,0.33672722033452257,0.4096398983543552,0.069752491,True,PRN007a
PRN007a-259-1,0.26891386625523794,0.5490071831,0.4124541629684693,0.4485166573219241,0.4382931130331104,0.4516472904510612,0.22474440602108897,0.3598065040660328,0.0751861418,True,PRN007a
PRN007a-283-1,0.274345177044856,0.6829814513,0.6888374047851858,0.71183883536263,0.7123488867174923,0.7260775514390106,0.2468571679660193,0.3864819928348192,0.0781649237,True,PRN007a
PRN007a-296-1,0.20673313427324727,0.319644982,0.238463988557496,0.25818043394611623,0.26838378961804943,0.269010505530544,0.12611981512340284,0.22341716028241262,0.0709736329,True,PRN007a
PRN007a-321-1,0.24889294834152087,0.4425245128,0.36279923588292406,0.3644486148154966,0.33683571767302434,0.34706822769145496,0.15728435964041454,0.28383541751565033,0.0758981064,True,PRN007a
PRN011b-090-1,0.3703337316980312,0.6806643168,0.6857011149533682,0.6834996995544932,0.686231144915959,0.6783409487815538,0.3692413441984468,0.6157873318291486,0.0801735054,True,PRN011b
PRN011b-091-1,0.1640814011976186,0.6619416058,0.6406080064663011,0.6796991580683868,0.6610515800064314,0.6748551369183864,0.14057863137348406,0.6632774857628438,0.0780611662,True,PRN011b
PRN011b-091-2,0.6035910218400261,0.6879054703,0.6573413312560953,0.6762935939181992,0.6804175235565147,0.6719984014691971,0.5957442414914315,0.652869715166844,0.0811744585,True,PRN011b
PRN011b-095-1,0.5734030903840329,0.7574751746999999,0.7065615206977076,0.7354348057955131,0.738118776784233,0.7334564809672371,0.577229829436389,0.7207482349458817,0.0849262238,True,PRN011b
PRN011b-102-1,0.2176353882919526,0.4521933236,0.44590449977578334,0.46297457097977357,0.4384148346734712,0.44842321132174695,0.2251930737653918,0.2934906844096728,0.0765591116,True,PRN011b
PRN011b-103-1,0.37830319560404135,0.5951410189,0.5529808654036589,0.5854637087668605,0.5885834091255723,0.5902360373625859,0.34764947069699614,0.5576670068281082,0.0714165814,True,PRN011b
PRN011b-106-1,0.5067201504256318,0.6377785939,0.5429907594745289,0.5582991606929832,0.5744269744466566,0.5775892113121048,0.4567567784903065,0.5158368125702943,0.0766381377,True,PRN011b
PRN011b-111-1,0.2448493712704155,0.5896646855,0.5448206081912466,0.5712814378349091,0.5795472261450477,0.5683652724908846,0.2344303001374659,0.49297591245363115,0.0736511956,True,PRN011b
PRN011b-130-1,0.20226707317555415,0.3514184638,0.31967243793625205,0.3376943123604093,0.34394305012868925,0.33377854583043287,0.18656214736803403,0.2611361391409588,0.074473159,True,PRN011b
PRN011b-130-2,0.2405252499071111,0.284479552,0.2771066317758186,0.27186210048040055,0.2564502865608781,0.27413304709548375,0.20732913106325201,0.262913066885145,0.0685770464,True,PRN011b
PRN011b-131-1,0.3986206045817181,0.4703764639,0.4462529381495506,0.43762316696775755,0.4573698657346414,0.4550798572246196,0.35986149495608727,0.46178780643554235,0.075204809,True,PRN011b
PRN011b-131-2,0.05954872898196439,0.1546672741,0.13442190670996743,0.12588299073615059,0.05393893650043169,0.040906170136141604,0.04840678600863557,0.11642425391259721,0.0807650584,False,PRN011b
PRN011b-134-1,0.08070673037716417,0.1594994176,0.14295295618493875,0.14785572019586116,0.09405336352096474,-0.0010644809276774815,0.044794381809093176,0.0964903628718774,0.0828273479,False,PRN011b
PRN011b-134-2,0.14106409243114268,0.393919439,0.39055226564427875,0.41162427686565495,0.3384402496365973,0.32002178618556903,0.12628752687218536,0.2922722006844161,0.0866829982,True,PRN011b
PRN011b-142-1,0.20029647911870316,0.4409552909000001,0.4479262443182933,0.4336474132149382,0.42816192601934244,0.42795979070827234,0.15691967667535078,0.2818678049348211,0.0738466118,True,PRN011b
PRN011b-155-1,0.32347179835073414,0.3921312672,0.38845175802230825,0.42486200401106655,0.38446477983044974,0.37617349156659863,0.32162524451106,0.3789273883893788,0.0824142654,True,PRN011b
PRN011b-155-2,0.3547419872691598,0.46325356390000005,0.3919184375153897,0.4144503354555555,0.4275870784061087,0.4477238915225656,0.34076099069935767,0.3934656357735831,0.0777654085,True,PRN011b
PRN011b-167-1,0.31720872717816934,0.44102677869999996,0.39645945111647013,0.4573491982290392,0.4621219487040222,0.43678058631287614,0.3004910955465593,0.37566907890807516,0.0772443026,True,PRN011b
PRN011b-170-1,0.20635632314973057,0.2979762762,0.23911506376737574,0.24157461370406336,0.2129194989738518,0.11532391499875372,0.230971299441049,0.25167168289162506,0.0835589436,True,PRN011b
PRN011b-171-1,0.376715954429348,0.6819168472,0.5289096661223668,0.5933138100322314,0.6315356215148737,0.6021241057882818,0.2870565024790365,0.6323476728636265,0.0845142899,True,PRN011b
PRN011b-171-2,0.2418304334497907,0.3523297775,0.33459423156648765,0.36482810209119265,0.31678323826507065,0.4061668034753074,0.23669392234063621,0.2592115250540583,0.0761955199,True,PRN011b
PRN011b-178-1,0.3711914160134766,0.4956185798,0.44906011815006935,0.469249358631936,0.4621347319120965,0.4757442296177431,0.37175661189389897,0.44047566355803147,0.0751116755,True,PRN011b
PRN011b-183-1,0.3236767449576289,0.5047259806,0.5055884560722421,0.5192303288296967,0.5144886944402097,0.5156636253988888,0.3193443773848202,0.40529954943053775,0.0782893649,True,PRN011b
PRN011b-185-1,0.1242838762287871,0.2380195054,0.20819127167753548,0.20363363101918885,0.06755285252166614,0.13899806217847085,0.0908555252030539,0.13427998778825068,0.0839260276,False,PRN011b
PRN011b-186-1,0.38058888658214507,0.4515695913,0.36912930442346975,0.4354553942807966,0.42892444745506386,0.4410786413585359,0.3723370250434741,0.3776048807590699,0.0813628141,True,PRN011b
PRN011b-186-2,0.3629420729689402,0.5757777784,0.556637728399353,0.3593142459974847,0.27114254264093673,0.38734546899983535,0.3518590114341346,0.46421359404395457,0.0813239583,True,PRN011b
PRN011b-186-3,0.2444356210737427,0.3997998406,0.3448248355779005,0.3702330002575881,0.36286206549804084,0.376141745547895,0.22040845839281878,0.32870534006494206,0.0679286019,True,PRN011b
PRN011b-198-1,0.2952264480356795,0.4211715627,0.3925281871214695,0.3820169397798276,0.3884984418091024,0.38398273230484214,0.29808507203915374,0.3480901336902357,0.0758035895,True,PRN011b
PRN011b-202-1,0.209426921940257,0.3848278554,0.3883975167178899,0.41163253901387914,0.3983212048244835,0.3800260420538603,0.17708526106733163,0.2633545238643504,0.0805338563,True,PRN011b
PRN011b-211-1,0.41907609514324184,0.4773831359,0.455879096420841,0.4234575850457608,0.45897542615987563,0.42161186435898085,0.41144402807997865,0.43675710223532854,0.0808477579,True,PRN011b
PRN011b-212-1,0.3024183513707622,0.35629586249999995,0.38079319787397115,0.3836193298025895,0.07527058112177726,0.03412192168668063,0.273917042184345,0.3640970346737095,0.0761922157,False,PRN011b
PRN011b-214-1,0.6862909219118978,0.7491943573,0.7005739608172724,0.7255897369885206,0.723972479004961,0.7517130328743912,0.6811127554553306,0.7303597451321656,0.0815045549,True,PRN011b
PRN011b-225-1,0.39095165695535733,0.6258306423,0.5509570064381758,0.5704071740907877,0.5721897440418352,0.5602434634857716,0.3737814322625232,0.48292664863613577,0.0809379765,True,PRN011b
PRN011b-235-1,0.3369741038820474,0.5728605735,0.5546185165582186,0.5938732656511152,0.6012152574196307,0.6111746216781015,0.3270374992213465,0.3973908803687454,0.0832916837,True,PRN011b
PRN011b-257-1,0.22772030081137606,0.4452527264999999,0.42360117190878954,0.4225026790980537,0.40763187841972953,0.3915652654180044,0.22538435749105223,0.2741336233094102,0.0905831529,True,PRN011b
PRN011b-259-1,0.20667794773786835,0.2714814963,0.23849566220649307,0.19996876709243203,0.08659730947571387,0.2096389982877821,0.145215515474265,0.18969746748884314,0.077121274,False,PRN011b
PRN011b-259-2,0.28679732709157785,0.41739760950000004,0.3876007630650454,0.3828954035300681,0.38076305469537164,0.3832268870328807,0.28256402125507823,0.3553344721556451,0.0733521797,True,PRN011b
PRN021a-198-1,0.30797820471388415,0.5497900432,0.4158023919021999,0.5110004118250612,0.5135147553683328,0.485834185207425,0.2983612398733503,0.44651029766060263,0.081010496,True,PRN021a
PRN021a-206-1,0.5391130159884586,0.6657232457,0.6408558604111743,0.6643999887178044,0.6548925626278915,0.6215172348199702,0.5302820734446917,0.5800916799460007,0.0725654719,True,PRN021a
PRN021a-207-1,0.40374983535526066,0.5766639409,0.4663213269660105,0.5664052539430195,0.6030145308474211,0.6320010770662317,0.37430406318401926,0.4627409161642986,0.0765408728,True,PRN021a
PRN021a-207-2,0.8672699708902283,0.8969054557000001,0.8768530563536487,0.8657359039500614,0.8977125401543201,0.8950971024549806,0.685942106058147,0.81784450812809,0.0741519211,True,PRN021a
PRN021a-210-1,0.3193748431982591,0.4775173081,0.4749308349862456,0.4907982163317277,0.48178518777714013,0.15488186202375354,0.27764715150475344,0.3651454747342219,0.0765073266,True,PRN021a
PRN021a-214-1,0.21905909333961582,0.2992601112,0.2459876460283421,0.2819016776536936,0.2968305466568116,0.3044326796943703,0.18064333730138293,0.2779873981006582,0.0789487853,True,PRN021a
PRN021a-217-1,0.6021894192289685,0.787079473,0.7523992263869813,0.7860626019197665,0.16575651170923725,0.10399480602877784,0.5944796350675043,0.7344348813139877,0.0786080801,False,PRN021a
PRN021a-226-1,0.5179732226485507,0.597384403,0.6061639100294656,0.6053610321387692,0.5948546556321436,0.24232157861848283,0.5156724940903297,0.5773091768226954,0.078246438,True,PRN021a
PRN021a-231-1,0.3629916353006169,0.6654373564,0.32051219033503353,0.17153514902899716,0.08083926977773648,0.16872013638702515,0.34633635537790547,0.5709977046515442,0.0752999933,False,PRN021a
PRN021a-236-1,0.24137441763212072,0.3290030431,0.3751502947957524,0.475170927038101,0.14525168687169768,-0.005035330401554965,0.22539468215828712,0.3573070902363297,0.0735545511,False,PRN021a
PRN021a-239-1,0.4787170527184971,0.5854907879,0.6548954110324119,0.6467535507043767,0.5861533387335524,0.6099733343932415,0.4824029706525258,0.7447267271525249,0.0828619845,True,PRN021a
PRN021a-240-1,0.7076412771623906,0.800729634,0.736245728964048,0.7329070365812602,0.737276985626749,0.6911368701554571,0.6868235242671109,0.7411183151446596,0.0716813114,True,PRN021a
PRN021a-241-1,0.4366480101155437,0.7129187993,0.6558167916425418,0.680283103520934,0.6795411337253848,0.6921518651191673,0.42409052704726447,0.6901914590517761,0.0740906934,True,PRN021a
PRN021a-242-1,0.37251707276616614,0.5852889565,0.6075903013483459,0.6389640931857998,0.6487695867266802,0.638492177570418,0.37188381212972,0.47727087445136773,0.0799760232,True,PRN021a
PRN021a-243-1,0.2678856813138891,0.5422069775,0.5291578446082423,0.5498496731789636,0.5082459074745361,0.5017144772524448,0.25494660242125,0.46100498359116676,0.0845476028,True,PRN021a
PRN021a-246-1,0.5510867368166683,0.7806395005,0.7181854893993911,0.7515303099959224,0.7645410093038442,0.7669053230425077,0.5860045519300862,0.6698436587337689,0.0799575004,True,PRN021a
PRN021a-246-2,0.7585881856779286,0.902993969,0.8724857006939666,0.8922919707645671,0.9066107092299596,0.9052930840291009,0.7493489609104109,0.8778390044120267,0.0890771131,True,PRN021a
PRN021a-249-1,0.7897484950712866,0.8507349858,0.7808964156536188,0.8013323114389566,0.827161070787264,0.8411661712400316,0.7737290041050281,0.8125283669281947,0.0896406477,True,PRN021a
PRN021a-251-1,0.36859236310033044,0.6281931186,0.5955259014772215,0.5779178989696154,0.6515402611154927,0.5710067558579176,0.3542263854715871,0.5303209914948457,0.0892211938,True,PRN021a
PRN021a-255-1,0.31565109255227536,0.5609661167,0.5226135111211522,0.5544224725721092,0.5123187486457448,0.4861674997124489,0.30091941039332876,0.5891582553091912,0.0916813513,True,PRN021a
PRN021a-258-1,0.7453068971941647,0.8175163014,0.7469266745321114,0.8062913774841087,0.8090469581848283,0.8092862011152757,0.7382660543391859,0.7966912575756298,0.0874772585,True,PRN021a
PRN021a-259-1,0.2959339238697695,0.4355418579,0.42332374353147095,0.44628622180963556,0.43825294100613615,0.43205679270988256,0.28801528526423636,0.3760200511159908,0.0836403756,True,PRN021a
PRN021a-262-1,0.4827339824063045,0.6975251128,0.7074893398693582,0.7438975875138619,0.7560823569093873,0.7400189025674068,0.4555068611194798,0.6854824991512308,0.0771826165,True,PRN021a
PRN021a-266-1,0.14582416550349597,0.133609907,0.14265104159676312,0.04782664714011979,0.11002374908171192,0.14614417325885862,0.11965631111446481,0.0667029293334529,0.0776758462,False,PRN021a
PRN021a-268-1,0.6656025678684244,0.7533180959,0.6177773877520295,0.675702151059347,0.694070035271571,0.7335752890359305,0.6439622185410165,0.671698909798255,0.083361888,True,PRN021a
PRN021a-268-2,0.18182529421518512,0.3250531298,0.3196555288122604,0.25586571796867663,0.25935810040809976,0.13711538219170616,0.1731623977439958,0.25467753046514185,0.0762170033,False,PRN021a
PRN021a-269-1,0.271780362396726,0.5375047398,0.44027896596384725,0.2754853073554654,0.13735054761782867,0.15941583749056396,0.2519046663164106,0.33635119235202443,0.0918422232,False,PRN021a
PRN021a-274-1,0.5221019061641473,0.7035102201,0.6803804865489318,0.6899639925235719,0.7004452439332683,0.7011616706875682,0.5121506856598093,0.661983838736465,0.0764180426,True,PRN021a
PRN021a-277-1,0.6754696891105202,0.7254726765,0.709270393131013,0.7441515875620025,0.7415425223644433,0.7204307650191445,0.6754456593328093,0.7437774629387088,0.0891701285,True,PRN021a
PRN021a-281-1,0.16539934050219965,0.332644017,0.188378984051108,0.004152698440051506,0.013056383445780908,0.06877883771252097,0.1498302613978215,0.21003871713679534,0.074793166,False,PRN021a
PRN021a-281-2,0.2608887184181066,0.3145597969,0.2654068214596088,0.2946487066247605,0.052887354793548,0.13684708923037908,0.25969882223659313,0.2760719270905505,0.0821980743,False,PRN021a
PRN021a-287-1,0.47787514338884457,0.6284499133,0.6167276503886865,0.6126141914114238,0.6043364094149304,0.25286609919762054,0.464811039252517,0.5808182962793188,0.0789844154,True,PRN021a
PRN021a-294-1,0.42826833944020315,0.5899232462,0.5886966447017605,0.5938192423945371,0.5956214738981851,0.6156247479940531,0.4494568464007221,0.5633801835348881,0.0757122581,True,PRN021a
PRN021a-295-1,0.44597094926540026,0.6265993196,0.5337746857069655,0.5812248311939187,0.6521269848140961,0.661370782870404,0.4309279570513886,0.5403389419724358,0.0705130661,True,PRN021a
PRN021a-301-1,0.20103904600750766,0.3972816137,0.29846499867689974,0.3972977488084751,0.3013961069253675,0.3318528636653018,0.18288266022041405,0.29707658046413477,0.0715760763,True,PRN021a
PRN021a-306-1,0.284791750907443,0.4684294025,0.4049131797793474,0.4657367053038166,0.4841996869257315,0.49557551038311687,0.23050893480629422,0.3757069526938566,0.0764209158,True,PRN021a
PRN020b-178-1,0.3371748927746522,0.43803236650000005,0.34112427058137906,-0.002183529652955969,0.35053722427759687,0.03176440617222279,0.34056985752602353,0.39148490492325144,0.0805928139,False,PRN020b
PRN020b-190-1,0.31142070088365553,0.5041607131,0.43483660606594055,0.47091589294251895,0.5074439929962312,0.5011067673420895,0.28449113963618533,0.48134369747168265,0.0748298112,True,PRN020b
PRN020b-195-1,0.3710915755338502,0.461036707,0.40678010020988764,0.32887029570987597,0.07179637525003828,0.09759876182404881,0.3491279336560757,0.4533285041393212,0.0780716046,False,PRN020b
PRN020b-198-1,0.22801772720535232,0.3861646059,0.25527962710743823,0.2404368560773512,0.27924453565862783,0.12373980629112896,0.2238524743471085,0.29468249584102424,0.0799013039,False,PRN020b
PRN020b-203-1,0.8074571003489401,0.8368328390000002,0.8286753217412063,0.8241853341302193,0.8364754085362274,0.7539137884556814,0.6624381505934154,0.8300871815528408,0.0879719744,True,PRN020b
PRN020b-204-1,0.33850819894809603,0.6188248717,0.6150115798293638,0.6004624321868799,0.6027857742986535,0.28386083134948537,0.3261020281718724,0.4988145217206131,0.0772643188,True,PRN020b
PRN020b-206-1,0.28231431028799137,0.5403093289,0.5250376168159758,0.541492781836536,0.5917373215978081,0.3511422602100778,0.2769081440201438,0.40039678028048853,0.0800493608,True,PRN020b
PRN020b-207-1,0.8810123368908758,0.8798774101,0.8911576839586894,0.8869639589450966,0.8756379644440101,0.8211378645284573,0.8775895362382611,0.8695990346511984,0.0758666447,True,PRN020b
PRN020b-210-1,0.40855472297350254,0.453597201,0.35338876253453694,0.43134847990503883,0.046422039887999735,0.043438934005611114,0.41300024416479103,0.4829299381233473,0.077695051,False,PRN020b
PRN020b-215-1,0.2071816293253896,0.239116386,0.04196352755670364,0.0192743455830731,0.029516217133346054,0.011142958197328957,0.17840533186932117,0.2038858546812051,0.084957918,False,PRN020b
PRN020b-216-1,0.4655212451922467,0.648651818,0.5949273010591738,0.6598067854742151,0.641450925576266,0.6761483723338313,0.4533968250313562,0.6413011641671089,0.0745816556,True,PRN020b
PRN020b-224-1,0.5352993611061194,0.5894136737999999,0.6045778604319516,0.6243217602289485,0.23864659840869576,0.10808045702939395,0.5358024644801029,0.6135250013359628,0.0748576131,False,PRN020b
PRN020b-230-1,0.4809116113865106,0.651508828,0.656807725815535,0.7092708760622455,0.44961448066995063,0.4362507066685391,0.45886998356516323,0.6616895917336559,0.0753866341,True,PRN020b
PRN020b-231-1,0.3212457155737547,0.4902113311,0.12106507196548195,0.19913269864969638,0.2762813567295836,0.11485677641848333,0.289152825618568,0.4412994086659421,0.0839435017,False,PRN020b
PRN020b-234-1,0.7255727589871734,0.8574433300999998,0.8042630638236011,0.8343027794240602,0.8443862632721881,0.8532343485216084,0.7214253372523374,0.7822174862681377,0.0715640783,True,PRN020b
PRN020b-237-1,0.46876411512081373,0.7210056276,0.6687864473217986,0.7005199099687435,0.7153282208587427,0.7134716713194048,0.44076849778850186,0.7173602205253851,0.084174097,True,PRN020b
PRN020b-238-1,0.45033680383181457,0.60188596,0.5363925374096745,0.5252318435255254,0.45008655871776776,0.4458803121138161,0.431125362411809,0.5233621338002731,0.0789170391,True,PRN020b
PRN020b-239-1,0.5634153881741423,0.6438713751,0.5341038335836998,0.6016025623375734,0.2461021206402461,0.3289276601431648,0.3152383790652071,0.4914390443467059,0.0899684337,True,PRN020b
PRN020b-240-1,0.36256243620746037,0.6103389,0.5739605418905188,0.5700577810171062,0.6186728124732257,0.5984167436682867,0.3575416677417873,0.41634366571431575,0.0789696131,True,PRN020b
PRN020b-242-1,0.570878030557144,0.7547360222,0.7190456367918546,0.7434502328336707,0.7554628460490148,0.7565981616916954,0.5817490291867097,0.665254502240279,0.0766167755,True,PRN020b
PRN020b-243-1,0.6204858412196154,0.6372924163,0.5903093979235146,0.6340074906249297,0.6070853441072772,0.5808411734543506,0.6339844606121886,0.6457821983481155,0.0997093437,True,PRN020b
PRN020b-245-1,0.7831269248503004,0.8120951188,0.7663059460677123,0.7866555025886447,0.8005186222562944,0.8115817609285676,0.7631710864221469,0.7766105552330548,0.0810712287,True,PRN020b
PRN020b-247-1,0.4555641195351791,0.6057764306,0.5100239021910519,0.48818648160524764,0.4846463866881646,0.4767572150387187,0.32315162484708454,0.5183352775546329,0.082927109,True,PRN020b
PRN020b-251-1,0.5189632772547168,0.676927597,0.5738015592616879,0.625157945124496,0.5759923549633528,0.5549337362921326,0.5099930664606713,0.6272357768415413,0.0867730699,True,PRN020b
PRN020b-254-1,0.7280929340733847,0.7728025411,0.7166415412470358,0.781186802948473,0.7831799512333798,0.7712312113364796,0.708593322537826,0.770515425461884,0.0811548166,True,PRN020b
PRN020b-255-1,0.40795115786466946,0.5822213167,0.5024809648824876,0.5544708529130744,0.5540417154445701,0.5824652192733729,0.2978645423189128,0.5120028331121962,0.0756741402,True,PRN020b
PRN020b-255-2,0.31481385451992944,0.4727548347,0.43164615205852436,0.444430289743468,0.41447394165742685,0.43614993748145037,0.3032337905477409,0.3869133810423411,0.0813572815,True,PRN020b
PRN020b-257-1,0.2821585172653636,0.4225053112,0.3417115482267095,0.3926605899134555,0.37988962413155575,0.40328783107004135,0.2236604919723527,0.32242578284640283,0.0742455488,True,PRN020b
PRN020b-258-1,0.4871051317017503,0.692089967,0.6245450834961608,0.6714835177488034,0.6795568052663671,0.6300480637193415,0.34738422673170216,0.6076975833557554,0.0809208397,True,PRN020b
PRN020b-261-1,0.6682220942406949,0.7232579073,0.682154809112601,0.7084916799316555,0.7072488720221909,0.695360105862779,0.670405666487509,0.7037720860458487,0.0784224012,True,PRN020b
PRN020b-264-1,0.162262433816726,0.2699648116,0.20137204049651503,0.23816746954388573,0.015735796473826596,0.09361092444295974,0.1672920435558855,0.17984641256249337,0.0724575752,False,PRN020b
PRN020b-265-1,0.3403723085920959,0.6363280075,0.5388488861335483,0.6061659972222894,0.5728796555958686,0.5487589888768888,0.33548325714277816,0.6164414882901833,0.0893299718,True,PRN020b
PRN020b-270-1,0.5709515157713511,0.7148143101,0.7074230056745431,0.7042522063580099,0.7092024907534081,0.7103940839349869,0.555030027880681,0.684124931086091,0.074453508,True,PRN020b
PRN020b-270-2,0.4871289682657743,0.666353184,0.6045284893651112,0.6312234160562634,0.6600609264197526,0.6936860133156472,0.47140934115275,0.6593056619231482,0.077000588,True,PRN020b
PRN020b-271-1,0.6975632778064647,0.7098309361,0.7256976864343416,0.7604562471464582,0.762849435630439,0.743989850050271,0.7038072445980624,0.7584463485463896,0.0821032148,True,PRN020b
PRN020b-272-1,0.24608638912944017,0.4723237142,0.445457644117921,0.4443647697459312,0.2698536725702194,0.31409715574377195,0.23797818285743125,0.33898014607404053,0.0831757108,True,PRN020b
PRN020b-279-1,0.2969264019812981,0.3840489439,0.30401465386724413,0.391644282069717,0.08128437042563809,0.052293092013886405,0.27902636252936935,0.3405991464922615,0.0714536558,False,PRN020b
PRN020b-281-1,0.3331510565240674,0.4964763692,0.42494927086845447,0.4307434637887355,0.44588855552226714,0.37159175333191957,0.30739826382358776,0.4009539936869333,0.0749545333,True,PRN020b
PRN020b-282-1,0.6040073958690265,0.6342421749,0.636562528831796,0.6386266303084029,0.6355079540842534,0.30267249653083,0.4770029919742487,0.6046587128512722,0.0769659033,True,PRN020b
PRN020b-285-1,0.3892273273234984,0.5206894225,0.44235387082367067,0.4771735355069675,0.5008908132379896,0.47090537296317747,0.29801983364967555,0.4230629192480156,0.0723832393,True,PRN020b
PRN020b-286-1,0.28314274461082184,0.4232673958,0.47068532846783817,0.4857958246181784,0.39280248787301725,0.440752941167513,0.24371148041309498,0.4442336807784614,0.0768991195,True,PRN020b
PRN020b-286-2,0.19574031290621444,0.4063338228,0.3136378111640164,0.37274861495123846,0.3570674468657136,0.34732097231888087,0.1644498483162284,0.25700945304586736,0.0745035645,True,PRN020b
PRN020b-295-1,0.25127001284594364,0.3249924991,0.2231462300766223,0.2421246795216302,0.27804576450353863,0.27485317965303,0.18704883028685926,0.23921336143903457,0.0801960509,True,PRN020b
PRN020b-296-1,0.34022007509687624,0.47000691150000007,0.3960109970335802,0.4586220595433667,0.4381565522861849,0.13011480958947463,0.3133549747491822,0.4362467324092863,0.0701692637,False,PRN020b
PRN020b-299-1,0.3022709266156813,0.4030122326,0.40369705278467616,0.4274861917375026,0.42552741268242794,0.0034924104896778578,0.31457409695410743,0.3591963955112379,0.0749267636,False,PRN020b
PRN020b-300-1,0.3241010752596858,0.4036308573,0.3370041208150339,0.4163799897667467,0.42952010917066175,0.4222308438423581,0.3036773484841295,0.34556794381908024,0.0732460527,True,PRN020b
PRN020b-302-1,0.354929344446688,0.4725282523,0.41125503743464686,0.4337980576628135,0.4376175165149535,0.40409624875284295,0.2755122474923443,0.3948057922798378,0.0735580126,True,PRN020b
PRN020b-306-1,0.15057314958280718,0.236248317,0.12162328643897051,0.04335558254012783,0.0507160622128373,0.06353831886776005,0.1471300494255743,0.22605337054214877,0.082941629,False,PRN020b
PRN015a-225-1,0.4797804971345072,0.7116092002,0.6759939297927867,0.6822991538928219,0.6980565411277345,0.705217391586426,0.49184179026319313,0.6148504759128463,0.0755148484,True,PRN015a
PRN015a-234-1,0.30818436346121003,0.5720087189,0.43021621710691227,0.5192068358186634,0.5301354262446651,0.544896068316125,0.2664484957071536,0.5069495936213628,0.0723938984,True,PRN015a
PRN015a-234-2,0.448087182057076,0.6268368641,0.5053957765749866,0.5674093143704646,0.6225169558426847,0.6514114618980104,0.3984715014812839,0.5538030372408815,0.0736918448,True,PRN015a
PRN015a-235-1,0.4566855408471349,0.6154678641,0.5423731901143893,0.5433240118142791,0.5529266063023165,0.5615960151985361,0.37791020046080365,0.43531381113490525,0.0721270112,True,PRN015a
PRN015a-241-1,0.5207007661068822,0.55072238,0.5109786622381499,0.49674422804188084,0.5149852430598928,0.48973387904633475,0.47227266644474425,0.4967402869278594,0.0846815239,True,PRN015a
PRN015a-245-1,0.40298409483405667,0.5647763711,0.5368773188315602,0.5714919098498606,0.5636223157193968,0.583279693485464,0.4086796082797772,0.5099869751214058,0.0712468479,True,PRN015a
PRN015a-245-2,0.3644960049411824,0.6253627918,0.5553052300204617,0.5958071145457903,0.6033999598705663,0.6429390402284644,0.3509151920727473,0.5039067537814599,0.0776427373,True,PRN015a
PRN015a-246-1,0.35748439823999406,0.6136216203,0.5994763298587875,0.5482480342906924,0.6498505498297176,0.5789547530160707,0.3444945820729109,0.58006259863426,0.0759204963,True,PRN015a
PRN015a-246-2,0.38684286224470105,0.7920358349,0.7374521178181817,0.7553380719582524,0.7657340636401105,0.7833690533408508,0.37358328583465183,0.7645797399673604,0.0786970066,True,PRN015a
PRN015a-251-1,0.3667352159466545,0.4878507904,0.3192805179878879,0.4141792407435632,0.28714243298351405,0.22756876123556677,0.297339064500821,0.44094083436769244,0.0772221886,True,PRN015a
PRN015a-255-2,0.7407844993556529,0.8550712713,0.8314372950542807,0.8412144043765865,0.8405695288930897,0.8412932354144296,0.7309409616402057,0.7958707102489982,0.0746626034,True,PRN015a
PRN015a-258-1,0.31044193699400935,0.4696769642,0.3355473856513831,0.39463228935397815,0.4566608929350516,0.49327662775785097,0.290279754941694,0.3311827557483056,0.0740909438,True,PRN015a
PRN015a-262-3,0.6145249128309405,0.7585149329,0.7159578169084282,0.7297879159125289,0.7211608450100903,0.7113923310739731,0.5826400525615445,0.6449927718065641,0.0797858732,True,PRN015a
PRN015a-267-3,0.6410771476173174,0.8143704806999998,0.7158694049830356,0.7651978291853924,0.7728002798946144,0.7905019000685719,0.628776048047526,0.7291987287603677,0.0773816111,True,PRN015a
PRN015a-268-1,0.44103359583267693,0.8254116673,0.6982382149046401,0.7488734823052752,0.7925450412131785,0.8235381260995205,0.3962267985162051,0.7416922998794897,0.0754615019,True,PRN015a
PRN015a-270-1,0.5315145398844476,0.7799196214,0.7169667688585145,0.7369605655497182,0.7189859516136367,0.768892661202555,0.5170676512647804,0.7339782000121459,0.0869402265,True,PRN015a
PRN015a-271-2,0.37398105749998123,0.5525882959,0.4954162524668825,0.5438545517554394,0.5518522101208995,0.5390416286835987,0.3470744423608849,0.47221827324576154,0.07137669,True,PRN015a
PRN015a-274-1,0.37168923089889144,0.4307454752,0.38620476208442717,0.267382870322788,0.06991452683310936,0.09003685631186381,0.33038843782503763,0.3222739162875163,0.078472559,False,PRN015a
PRN015a-274-3,0.5521946982291251,0.7369288927,0.6017231426767576,0.6727327928742781,0.6879744537203285,0.7099618006186958,0.5301032413554901,0.6452259670982067,0.0732769049,True,PRN015a
PRN015a-275-1,0.5427649362308521,0.6778101498,0.5962395692562751,0.6231564388283727,0.6491064695497858,0.6865602116063989,0.5591789515592277,0.6292861209858234,0.0814266444,True,PRN015a
PRN015a-275-4,0.6869306484289586,0.8774387744,0.7588501473126757,0.8291776710961778,0.849602175003278,0.8519283600537488,0.7042174243526544,0.7997755279931349,0.0754329161,True,PRN015a
PRN015a-279-1,0.6435404008004274,0.8405310144999999,0.7871134195535403,0.8162127306207718,0.8131017623379292,0.8322306994908298,0.5789004900558019,0.7817728540442862,0.0773752952,True,PRN015a
PRN015a-282-1,0.7862242404848668,0.897526624,0.8560971351415609,0.8795110850108989,0.8871949110921679,0.8818205966096972,0.7832953491080005,0.8797906584451132,0.0769458458,True,PRN015a
PRN015a-283-1,0.5882280915398244,0.7697075180999999,0.7263321759282246,0.7395213769925595,0.756633453655108,0.7641160385312873,0.5804682642610824,0.7186882090841047,0.0786552403,True,PRN015a
PRN015a-286-3,0.3572156670779246,0.6533881189,0.49168641802523677,0.6095553038415993,0.6084375401221364,0.6184237472011372,0.3271806520201714,0.386246042011382,0.0823537872,True,PRN015a
PRN015a-286-4,0.3601303156464356,0.395398531,0.40064032113471215,0.39693802651889126,0.365249675445878,0.3658572594518867,0.34877771531485924,0.36187853339534065,0.07783738,True,PRN015a
PRN015a-287-1,0.5210564600809207,0.7633430419,0.6644438430359763,0.6912588794989246,0.7246806149746965,0.7454898634777517,0.4595262069553543,0.6615413763362799,0.07574979,True,PRN015a
PRN015a-287-2,0.2371075285483408,0.3152447551,0.27827188412564513,0.2994374173499604,0.0945146982586889,0.060205761025725876,0.23442761523205527,0.2765945007261119,0.0730417692,False,PRN015a
PRN015a-290-2,0.8167708810775167,0.8658239813,0.8395312766225843,0.8528505095083331,0.8614592557303571,0.8711825154594323,0.826672378100035,0.8489641622620344,0.0734924247,True,PRN015a
PRN015a-291-2,0.4366026950241003,0.6099021729,0.5254952921179409,0.5742337266149137,0.6070614201167407,0.6186876394345933,0.42009175368480023,0.5335413454543182,0.0815416061,True,PRN015a
PRN015a-292-2,0.7041200339173395,0.8380168417,0.7887931997881169,0.7914454775402907,0.8110020663359545,0.824020298150846,0.689916177636368,0.7666246146161972,0.0883279992,True,PRN015a
PRN015a-294-1,0.6081390184880805,0.7607584231,0.6852372305177127,0.7182086202475436,0.7379776316132476,0.7569837580670903,0.595723715146845,0.7070694271217458,0.0848040938,True,PRN015a
PRN015a-295-1,0.7442738866114528,0.8140334267000001,0.7808443501230252,0.7946334616357701,0.8049957161287427,0.808147127949981,0.7307583366632527,0.780135361002475,0.0832845008,True,PRN015a
PRN015a-295-2,0.26900492135938514,0.7764813793,0.6689397605230188,0.7027978289211606,0.6994543578754858,0.7127020038728866,0.1833277326499455,0.6542058321498486,0.0858140456,True,PRN015a
PRN015a-299-2,0.6458515819806282,0.8056673209,0.7501299616336286,0.7676673635226671,0.7971580964799938,0.7785170317510915,0.48990432163173947,0.6440423393699026,0.079109483,True,PRN015a
PRN015a-300-1,0.41237109383447923,0.6915895159000001,0.6580679333817666,0.6765727190373617,0.6661216900324862,0.6738042363956108,0.4102891835556185,0.6770519682363823,0.0773651014,True,PRN015a
PRN015a-302-1,0.4107325631979838,0.6645525062,0.5766145750706952,0.595804450746046,0.6395980271107876,0.6606919325105973,0.3610427634732819,0.5441200756937605,0.0753816105,True,PRN015a
PRN015a-302-3,0.3885798411605814,0.6602226088,0.5908294021316421,0.5891182170045166,0.6243544515930931,0.6386592988265466,0.3561707087809322,0.5168362187274149,0.0791179123,True,PRN015a
PRN015a-305-2,0.8166518466853063,0.8747287112,0.8488845966072084,0.8588138812468923,0.8613268407415426,0.8596285432204863,0.8125753504540831,0.8403272438651807,0.0767094962,True,PRN015a
PRN015a-311-1,0.3695988678999587,0.47731388449999995,0.4433714842960091,0.449468253684938,0.28584683404754097,0.2756918111453854,0.37062133444745177,0.403247482915049,0.0762020054,True,PRN015a
PRN015a-315-1,0.6497127891149124,0.822792433,0.7563501795228458,0.7753420334576283,0.7929908311773547,0.8205008810452428,0.6229591470379773,0.7444796971927677,0.0753004914,True,PRN015a
PRN015a-315-3,0.47685199144253326,0.6776351486,0.5758070818521746,0.5930971842245837,0.6123916689600639,0.63838283855722,0.4689657676839222,0.5967384377626846,0.088939436,True,PRN015a
PRN015a-317-1,0.5024124425564398,0.7659861384000001,0.6763900221926945,0.7239376863286003,0.7524783322949762,0.7699203201551681,0.3657657047212119,0.6594046765525386,0.0764722039,True,PRN015a
PRN015a-318-2,0.4936976395008494,0.628247787,0.5810425733547893,0.5962914967563504,0.6185422807952319,0.6243509871921765,0.45918330301970955,0.5726505860994135,0.0712292831,True,PRN015a
PRN015a-319-2,0.23348605971040476,0.5527948051,0.4804658061759439,0.4780923495882193,0.5522026406471554,0.5537748559815308,0.162058472245843,0.26975863916037146,0.0843964904,True,PRN015a
PRN015a-322-2,0.5237823147402121,0.6760321004,0.5503518833860974,0.6451314162960115,0.6632742802138151,0.6860387577772555,0.48778615303588424,0.5921166414130783,0.0761829051,True,PRN015a
PRN015a-326-1,0.18727333301748433,0.356216876,0.1577519659518087,0.2803294168481714,0.2837969087115362,0.34417974503715637,0.11214202315805813,0.18170216535962477,0.0734149668,True,PRN015a
PRN015a-327-1,0.20290127459996338,0.3286418105,0.17309681769393506,0.2044060620486242,0.22432245290123176,0.32408388066325683,0.1443502824645515,0.19380497153437448,0.0714131701,True,PRN015a
PRN015a-328-1,0.22190056583267698,0.5094237059,0.2663850116223304,0.4331041306826738,0.4561026435862403,0.5311615736371205,0.10403595523090238,0.41024428094935983,0.0764055947,True,PRN015a
PRN015a-328-2,0.2812133093115645,0.4084167345,0.35392196437725343,0.3815900468022613,0.3999100421691578,0.4105758524777846,0.18941367663507186,0.2996770221239937,0.0826816183,True,PRN015a
PRN015a-334-1,0.5703633986675848,0.6632155168,0.5866026512920866,0.6112900463871187,0.648675329903702,0.6736458371426783,0.55257048993825,0.6201394891641887,0.088833668,True,PRN015a
PRN015a-334-2,0.2541937067113912,0.4493121521,0.27721261004783615,0.3539735382555256,0.3842742265206691,0.43035222541273344,0.1262368097773882,0.25370177946910855,0.0747215427,False,PRN015a
PRN015a-334-4,0.4265610562382005,0.6739486938,0.6099091961517392,0.6275308525140745,0.6540102158929234,0.6674068156573906,0.36486776981125857,0.5266932202216092,0.0768281729,True,PRN015a
PRN015a-335-2,0.2758425381522848,0.4886251288999999,0.2942506156471918,0.4510383491232156,0.4881335470213499,0.5045521636151512,0.1766208408450159,0.34461161823529385,0.0701653001,True,PRN015a
PRN015a-335-3,0.3431787546932194,0.6614339511,0.40241750510684315,0.5930286388518933,0.618836632803685,0.6608788980000937,0.20890800924065575,0.6036398929124942,0.07563671,True,PRN015a
PRN015a-337-1,0.21731105971501297,0.3416294879,0.26545106916249,0.34468529633422756,0.30195416284792803,0.3118323649958881,0.12551260780060536,0.29546619615219827,0.0735425716,False,PRN015a
PRN015a-337-3,0.3064823407862664,0.6344002874,0.35148672647983165,0.5605093976832578,0.5954772905178548,0.6384580332038334,0.20787408371256294,0.5787384223642499,0.0727494745,True,PRN015a
PRN015a-338-1,0.3171988025041402,0.3763494382,0.32414190001220927,0.33240305794936326,0.3714550028673067,0.39094987003496773,0.29437789048403434,0.3287337077917341,0.07365561,True,PRN015a
PRN015a-339-1,0.29500123226692027,0.4517365197,0.3423882145385177,0.41508371980216224,0.4490480873959831,0.4628100334060062,0.2754771040059279,0.36918608078690085,0.0721292948,True,PRN015a
PRN015a-339-3,0.338125719700347,0.4810164161,0.40223521070947166,0.4742892366942165,0.4762618645634121,0.4723537093096452,0.3218933788845309,0.4077771241734895,0.0738682055,True,PRN015a
PRN015a-341-1,0.24836120299936745,0.398727784,0.24511363976790387,0.3246154590526032,0.38011039070804037,0.39842929221345796,0.240817978665296,0.29171167683051824,0.0752018332,True,PRN015a
PRN015a-342-1,0.3307523334778134,0.5256450172,0.46515607006561016,0.5010287987839005,0.4990515234779209,0.5003325193298375,0.313659790160803,0.40090404014806363,0.0759525507,True,PRN015a
PRN015a-346-1,0.24665512718544602,0.3514500836,0.2334551709767544,0.31865071394835737,0.31552348862832214,0.21196155458885085,0.1877090310602043,0.2584177647401301,0.0712375964,True,PRN015a
PRN015a-347-2,0.3782174648507652,0.6696937403,0.4738949882898532,0.5858241007550521,0.6180223700720696,0.650998843353935,0.3306896096684683,0.5680476890562034,0.076917541,True,PRN015a
PRN015a-350-2,0.418469309354254,0.6036033173,0.5433477573513682,0.5635576860971095,0.560509690453073,0.5893987617362946,0.40203409349001507,0.4608556770140246,0.0743103943,True,PRN015a
LMD052a-A-397-1,0.21278661033079518,0.2085722613,0.1969100853884048,0.15622580446482348,0.2041857923412833,0.17918998152932025,0.12559181649233267,0.1217744759048835,0.0791686468,False,LMD052a
LMD052a-A-438-1,0.16553371297116148,0.1912191666,0.141432273389924,0.238175139371186,0.21048497295776306,0.020868132397274388,0.13182298290899802,0.1736229112234307,0.0740204829,False,LMD052a
LMD052a-A-439-1,0.16472245289071946,0.1894012672,0.14042923838399354,0.2215458276880874,0.20838164274707086,0.06567664374080202,0.13026929533377227,0.17131961716593602,0.0734544324,False,LMD052a
LMD052a-A-440-1,0.43686018120382253,0.6066510126,0.5501124042529192,0.5905603788729727,0.5877781240287391,0.6093721413231271,0.4376012620130432,0.4764346021671059,0.073719647,True,LMD052a
LMD052a-A-452-1,0.41478627472231805,0.6681839847,0.5909898548599959,0.6011745678888589,0.6540516830550634,0.6757579621815748,0.3912233746347675,0.6031303533460869,0.0742095659,True,LMD052a
LMD052a-A-453-1,0.716925249048475,0.723952156,0.7703428742533088,0.7880266454565775,0.7792346366132784,0.7739679450817591,0.7753701228341261,0.7216945908969543,0.0754337201,True,LMD052a
LMD052a-A-459-1,0.19283238295551688,0.6124351089999999,0.5902918370494645,0.5978015133271178,0.6238334160892703,0.6091136688265789,0.16740330048473517,0.3929494287184686,0.0875928599,True,LMD052a
LMD052a-A-459-2,0.35829433086543333,0.6670991265,0.6210849713178659,0.6640213386940055,0.6993129583666434,0.7097111722610612,0.30021591465829034,0.43974728150097553,0.0815963298,True,LMD052a
LMD052a-A-460-1,0.5073306815837239,0.5654265744,0.5229023230306096,0.5606344399640018,0.5486096506394678,0.5597506681815576,0.43856492540296255,0.5055898690766532,0.0800549364,True,LMD052a
LMD052a-A-460-2,0.39016818840853684,0.669156566,0.6449022591234025,0.6569190429447319,0.6839178897914999,0.7039221990503305,0.3411398797656381,0.49666927802274263,0.0800045472,True,LMD052a
LMD052a-A-462-1,0.49520945930161936,0.6597433211,0.6311459112670077,0.6294294072822304,0.6395894340711893,0.6447919517541424,0.4802326260392755,0.5855329501400138,0.0752650951,True,LMD052a
LMD052a-A-463-1,0.3571508485843785,0.3861486015,0.4088964206642503,0.44167742576893243,0.4510837500921977,0.4916295939196492,0.30943695165357005,0.3604262348539345,0.0746750295,True,LMD052a
LMD052a-A-466-1,0.7486154743300995,0.8921855662,0.8428431188435032,0.8757901723436925,0.8801861087127306,0.8806725463141397,0.7335027188511816,0.8416146608039017,0.0737131403,True,LMD052a
LMD052a-A-466-2,0.6737111413250484,0.7724925053,0.7319271127358944,0.7485763586865197,0.7555900566340131,0.7672716299878073,0.6659487563436131,0.7102968003238578,0.0699080204,True,LMD052a
LMD052a-A-467-1,0.5701202330265898,0.8335281766,0.7887415703269735,0.8068935479405502,0.8165316091407984,0.814639943133201,0.5612740358537197,0.7639215050037379,0.1033162673,True,LMD052a
LMD052a-A-468-1,0.615989156878884,0.8594953322000001,0.8038420601842173,0.8188396997128778,0.8209386572279951,0.8343960997581228,0.6097238513110351,0.7554159866386665,0.070780186,True,LMD052a
LMD052a-A-471-1,0.7097612418764911,0.8797128058,0.8372104986994824,0.8533444254995539,0.8581859050201887,0.8762502606954305,0.678888872623927,0.8102449300578664,0.0847321922,True,LMD052a
LMD052a-A-475-1,0.648364242090919,0.8191332617,0.7505057682470146,0.7708154074305017,0.7752536476575378,0.7934213340627067,0.6546084501954345,0.6586904528676938,0.0761945174,True,LMD052a
LMD052a-A-478-1,0.44823564306438723,0.6548759778999999,0.5518658676047525,0.6158949517698026,0.6346537852364947,0.6512461653656055,0.4263892462600221,0.5263661407067882,0.0739895198,True,LMD052a
LMD052a-A-480-1,0.39708661932251993,0.5229125754,0.4747046290039078,0.5112910838782434,0.5210052367720723,0.5321520025519925,0.3823716573528492,0.4298858411687003,0.0781705288,True,LMD052a
LMD052a-A-480-2,0.2833806992099157,0.413456393,0.38132309640310835,0.37375099859837146,0.47507388436596604,0.2745258354990602,0.27049911766627416,0.34328755163735497,0.0798761457,True,LMD052a
LMD052a-A-482-1,0.8782196087779713,0.9306544995,0.9099655330058707,0.9182699341440343,0.9221393741491385,0.9256873086388746,0.8650835709349358,0.897891375109002,0.0748830336,True,LMD052a
LMD052a-A-486-1,0.627554463558903,0.8855075218999999,0.8277691469865365,0.8542917189882024,0.859386977725384,0.868996178145049,0.6027359374523023,0.8119929725146499,0.0936972434,True,LMD052a
LMD052a-A-487-1,0.755742628799157,0.9024424921000002,0.8682041459110229,0.8859024141506924,0.8978999176480053,0.8959126841474193,0.7285550140505143,0.8702006629492145,0.0841111187,True,LMD052a
LMD052a-A-488-1,0.4832534880209765,0.6668774167000001,0.6050227517965184,0.6363533008124184,0.6454214907888016,0.6443474896615056,0.42057027264847024,0.4926451107435515,0.0782553454,True,LMD052a
LMD052a-A-492-1,0.7054327228735205,0.8462540987000001,0.7662971587753588,0.8060292391806977,0.8192150940657605,0.8305156042058426,0.6977142329897525,0.7732619463219579,0.0773659678,True,LMD052a
LMD052a-A-496-1,0.7162797700181499,0.8211561418,0.777576015669514,0.7885857400026373,0.8035367314319141,0.8044053679337829,0.7084201674320579,0.7821844230754582,0.0943525131,True,LMD052a
LMD052a-A-497-1,0.2322310249992422,0.3686379761,0.33706398972938834,0.35439278155493154,0.3664636645760955,0.3783093082043519,0.2029099923379919,0.3032999908260889,0.0728218036,True,LMD052a
LMD052a-A-497-2,0.4999635012960732,0.7133292534,0.6359655669492865,0.652225777178311,0.6555391004897629,0.6599474706668809,0.5011860323547304,0.586835187461151,0.0903851517,True,LMD052a
LMD052a-A-497-3,0.5362429514873757,0.8561472221,0.7999430699355687,0.8279777616020014,0.8288504493794875,0.8439159587268322,0.5168708985994773,0.7854854456965311,0.0784013411,True,LMD052a
LMD052a-A-498-1,0.20790561995838125,0.3961967531000001,0.45332634175865427,0.5625154680105373,0.6188507603036191,0.598948701176746,0.1892092611979195,0.28356414267212815,0.0775286066,True,LMD052a
LMD052a-A-499-1,0.4415573045359871,0.5861633831,0.5590521659911867,0.566913521656101,0.5742957572632387,0.5832087892830765,0.42598754984548004,0.5121051982902354,0.0731987885,True,LMD052a
LMD052a-A-501-1,0.8019074414082648,0.8991855757,0.8803246074067372,0.8832513091549926,0.8927510002020065,0.8911933245442206,0.7832248498331845,0.8521179074882913,0.0837257452,True,LMD052a
LMD052a-A-501-2,0.6649290801894587,0.8046087498,0.7437993240507241,0.770951664228726,0.784359053527954,0.7826692000060342,0.647822874083205,0.7434115948037919,0.097718806,True,LMD052a
LMD052a-A-502-1,0.17686621321921545,0.5808519353,0.4941632151904482,0.5553242650918977,0.562330620002032,0.5626530427939207,0.18126450785536585,0.4880009626534905,0.0789496118,True,LMD052a
LMD052a-A-504-1,0.16830447566742004,0.3090128789,0.3328076017848885,0.31597476270439373,0.34137414340366934,0.11094572292490874,0.1449902946955619,0.2609561058899322,0.0743196925,True,LMD052a
LMD052a-A-504-2,0.19398945366902254,0.6852799921,0.5311971783733038,0.5663961205798461,0.6319144995373959,0.6113991379035468,0.18455969300938846,0.5122358039609358,0.0853928487,True,LMD052a
LMD052a-A-508-1,0.44609801977861185,0.5859432976,0.48678194571826033,0.5349692111926075,0.544275536256541,0.5606142023729458,0.38970723890016823,0.4724004981103088,0.0776781632,True,LMD052a
LMD052a-A-509-1,0.4184323140020142,0.6069975067,0.5735280050626,0.5985211435680347,0.5923026358920526,0.6236786134625548,0.40781290018232497,0.49615199897706924,0.0753330964,True,LMD052a
LMD052a-A-510-1,0.77085305221602,0.8296393526000001,0.8018429052830082,0.8136298369834599,0.8150647941233837,0.823517181924783,0.7636585625401039,0.7990257191510771,0.0827106793,True,LMD052a
LMD052a-A-514-1,0.8088882687017819,0.8497146544999999,0.8366409689282729,0.8441493120447384,0.8491903875150043,0.8570096990902459,0.814021495460665,0.8420319896374997,0.0706169824,True,LMD052a
LMD052a-A-514-2,0.36031002964130804,0.5565167726,0.5325186972861391,0.5630004991730337,0.5724959332491701,0.5895590728778413,0.34714608322891305,0.46645538104332546,0.0747110538,True,LMD052a
LMD052a-A-517-1,0.501498534825389,0.7124572547,0.6159308311998535,0.6828703542961326,0.6989907693066751,0.7132503303702316,0.40025640131091145,0.6531069072341232,0.0797637213,True,LMD052a
LMD052a-A-519-1,0.24603082411241825,0.3288084719,0.3102402413826326,0.3238118485345654,0.31305015739129655,-0.003070533101322105,0.2006502282799627,0.26258192047808887,0.0725337298,False,LMD052a
LMD052a-A-522-1,0.17713988218660584,0.4038023667,0.3591623734399285,0.365670398863882,0.3323523627045913,0.38180803357903687,0.17570982823823766,0.23743465313540557,0.080073062,True,LMD052a
LMD052a-A-522-2,0.5449094666651735,0.7621870225,0.6453081466148124,0.6980787347287577,0.7136654154939421,0.7205827000352096,0.5315360740274135,0.6534297483201261,0.0911333236,True,LMD052a
LMD052a-A-526-1,0.5062285637098219,0.6420959452,0.6054527755926152,0.6213077880967056,0.635035665752285,0.6246744465390993,0.49756962223450885,0.5887601014551868,0.0825980827,True,LMD052a
LMD052a-A-526-2,0.6558424010384221,0.7993675076000001,0.7096388137145597,0.7699020469648779,0.7860486239926734,0.8004706615382554,0.6296673094574533,0.75764759628026,0.0788838063,True,LMD052a
LMD052a-A-529-1,0.39790092830909185,0.7109264161,0.6394678714252443,0.6467161119352623,0.6690449074732787,0.6797258230943608,0.33226374365835804,0.5280673047897384,0.0823669608,True,LMD052a
LMD052a-A-530-1,0.4834258945081049,0.5703079887,0.5714781679934615,0.5386653472294034,0.5618569480052291,0.5687947436110338,0.4545599078447246,0.5213260420770365,0.0813942327,True,LMD052a
LMD052a-A-531-1,0.4687856623522003,0.7463139048,0.6564656818082732,0.6766850202232999,0.694871323973353,0.7148543948498892,0.3730164946402489,0.6185062050067924,0.078791524,True,LMD052a
LMD052a-A-534-1,0.42816149301924794,0.7271044916,0.6795604274485192,0.6966680704617976,0.7012206611921773,0.7059309492092415,0.39335730306042593,0.4739386161907883,0.0758221917,True,LMD052a
LMD052a-A-536-1,0.6173867267372601,0.7962699181000001,0.7393325907770573,0.7686578171980861,0.7730270415668412,0.7789739547266882,0.6174925138311752,0.7038107829108619,0.0717813545,True,LMD052a
LMD052a-A-539-1,0.6055479134793087,0.7617545301,0.7210386840168844,0.7275953129135073,0.7329879845172357,0.7375849776547578,0.5874183181534042,0.6930464912526442,0.0794618786,True,LMD052a
LMD052a-A-540-1,0.39881827186078195,0.4567059959,0.5259770482139143,0.5235219686808205,0.497695350649213,0.1587542389363214,0.34932121313771103,0.4790226609983043,0.0844553522,True,LMD052a
LMD052a-A-540-2,0.6316298677828232,0.732340647,0.6823083194158807,0.7129820792339873,0.7179703385164486,0.721942995100275,0.5855921561118744,0.6730151220896086,0.0798348432,True,LMD052a
LMD052a-A-543-1,0.4658667015692823,0.6452823986000001,0.5596054511351856,0.6034320511378776,0.5933104713856446,0.6278446367592668,0.2833460753282993,0.6206167611140307,0.0933271271,True,LMD052a
LMD052a-A-544-1,0.1835489720838359,0.35471925400000004,0.28122567748929866,0.3395258613538015,0.3336166821755052,0.3596821435094096,0.10833965637011696,0.3180540433829579,0.0785056175,True,LMD052a
LMD052a-A-545-1,0.12437800633417828,0.3061323276,0.32542329027769185,0.33594584594011007,0.3414897264945009,0.3474350504090641,0.11598267037766406,0.23528341145637363,0.0837960994,True,LMD052a
LMD052a-A-546-1,0.6016190664809744,0.6917634085,0.6275798290273024,0.6612198367440874,0.6766477620705,0.6710661568960008,0.6000614007319577,0.6682005685470375,0.0923245279,True,LMD052a
LMD052a-A-546-2,0.3740172115870757,0.5403015795,0.3815510456788061,0.43966502614007463,0.48610745960106494,0.5090131617369034,0.28881044040184695,0.3744967654989518,0.081380185,True,LMD052a
LMD052a-A-552-1,0.143316265357848,0.47756035609999997,0.42422605041111283,0.4443608269385901,0.4593811319996764,0.46616552192821464,0.12788613899804557,0.3663703735690477,0.0778236276,True,LMD052a
LMD052a-A-557-1,0.16521132230733152,0.49028441850000004,0.4656778439090838,0.4817070326032033,0.4901192449588948,0.46458843823530926,0.15337720566887328,0.2857759768923308,0.0786740215,True,LMD052a
LMD052a-A-570-1,0.5770516948133688,0.6339868365000001,0.5829050183536899,0.615782962370217,0.6100009383224901,0.5510728608253412,0.5671942786061925,0.541175606553839,0.0978982813,True,LMD052a
LMD052a-A-570-2,0.4047074538995393,0.6245803719,0.5676077937061597,0.5896531125663109,0.602897116999091,0.6066405295664637,0.3633601955528236,0.5320847796949363,0.069747036,True,LMD052a
LMD052a-A-576-1,0.4102551401726579,0.5258294732,0.4770794779734736,0.5230626369075401,0.5329514690449664,0.5303549941780276,0.3616516642798195,0.489901458969597,0.0684334018,True,LMD052a
LMD052a-A-584-1,0.43887932568096466,0.6364152567999999,0.5898497834039816,0.6044267583228445,0.6157927450554632,0.6202174329697628,0.38681358968120405,0.5476390426656373,0.0733078355,True,LMD052a
PRN013c-224-1,0.4584129641040218,0.7154473676,0.6478538861639843,0.6812900162187727,0.7016033768638587,0.704334484812015,0.48530645531940403,0.6139271399905661,0.0757682507,True,PRN013c
PRN013c-234-1,0.4417830792004182,0.6437706833999999,0.5441267155526044,0.5673395267439345,0.6570027856395759,0.6645682313902506,0.4037671314753936,0.571489248143304,0.0837825637,True,PRN013c
PRN013c-235-1,0.42256404909754575,0.5740076763,0.5676148902306274,0.5632053217674898,0.5689281735149281,0.5579153797784218,0.3723747150538482,0.47212758390465587,0.0731729047,True,PRN013c
PRN013c-241-1,0.37365897217796407,0.3661133964,0.22914865097585269,0.04196892463092716,0.10790811530245276,0.06851748326185904,0.3543624748621783,0.36000292545864165,0.0753110522,False,PRN013c
PRN013c-244-1,0.31410796798391816,0.6297581066,0.5542053417447682,0.567305332432689,0.6158696470722905,0.6628703923208934,0.29156433446255126,0.4527571061775844,0.082650085,True,PRN013c
PRN013c-249-1,0.3462827997669629,0.4225097348,0.3017752154032565,0.3751250386809875,0.3513438305702761,0.1864584749135576,0.21115347499739992,0.32887657185542724,0.0732316295,True,PRN013c
PRN013c-256-1,0.2532992910918855,0.3054325934,0.2586203361393538,0.24149045697872382,0.251897391376723,0.18784558114745142,0.17953080201590882,0.30393519180613027,0.0701752188,True,PRN013c
PRN013c-258-1,0.6186414421001581,0.7627812932000001,0.7716884320122697,0.7634133954458155,0.7616972095544675,0.7623793591812735,0.6018178946458238,0.6835948441783225,0.0797107952,True,PRN013c
PRN013c-258-2,0.30712930276890904,0.5060293376,0.3741477368946026,0.43985151204330003,0.4861686277502211,0.48671894506267244,0.26594545651173374,0.35215507875608143,0.0711991808,True,PRN013c
PRN013c-263-1,0.31345603530465266,0.6561164789,0.4575923862294421,0.5123375603884771,0.40845097264420765,0.3172515380753219,0.3108332961610184,0.3729636235010567,0.0901501255,True,PRN013c
PRN013c-265-1,0.6047756029034109,0.8399185903,0.754788952276369,0.7956097641674625,0.815427604215051,0.8265537538052949,0.6032356702791086,0.7566863274819396,0.0844913271,True,PRN013c
PRN013c-267-1,0.4469960411414389,0.6125891732,0.5873821174059658,0.6084501447869681,0.5861263615050798,0.5959466778513304,0.42752016855138486,0.5258076769976215,0.0795269671,True,PRN013c
PRN013c-270-1,0.548218119466807,0.6107111074999999,0.12232812263188343,0.08809055623980294,0.11882835931948721,0.2154098323220942,0.515405468499241,0.5259400190056822,0.0794463244,False,PRN013c
PRN013c-270-2,0.5786480770734436,0.7696576826,0.6235515420817132,0.7134798214955784,0.7227050846017266,0.7405090074536941,0.5615713762692884,0.6851020477785417,0.0727507268,True,PRN013c
PRN013c-271-1,0.5843438737126636,0.7091361341,0.6173817244442492,0.6636090230067573,0.7053187522250165,0.7222430887926721,0.5939776133102291,0.6698980278717209,0.088848538,True,PRN013c
PRN013c-271-2,0.6548331878791858,0.858385104,0.7770676613109377,0.8158109400177326,0.8364931337732141,0.8430825028565199,0.6733900116714311,0.7816032929624293,0.0741282425,True,PRN013c
PRN013c-277-1,0.6447726536713894,0.8638975033,0.7733714092488725,0.7995068049396205,0.8447385959720007,0.842246980835948,0.6223808636218224,0.7809914403224526,0.0761554336,True,PRN013c
PRN013c-278-1,0.765608767729749,0.8865575906,0.8523203205339477,0.8720862653931046,0.8749862553621433,0.8845526984112035,0.7530232243361701,0.8707933825029315,0.0737876703,True,PRN013c
PRN013c-283-1,0.2835189138042017,0.3649471803,0.3691541238161513,0.3144406471850896,0.04306405636177012,0.05276421365404367,0.2706372480886622,0.3214308208964782,0.0760891829,False,PRN013c
PRN013c-283-2,0.5287977925385929,0.7334815617,0.6583023224428872,0.6760377962825131,0.723013513690567,0.7320063887164139,0.506371079362125,0.6383249645893472,0.0729875491,True,PRN013c
PRN013c-286-1,0.3989668839330653,0.590593078,0.5106918929617525,0.635403138365871,0.6288257370363185,0.5713007310195175,0.3995599007414961,0.43508842253904206,0.0769575858,True,PRN013c
PRN013c-287-1,0.6035902227515411,0.7336772168,0.6503744634765616,0.6938519265438893,0.7184708796003308,0.6873625944680792,0.6134716860119459,0.6940552782670942,0.0876694577,True,PRN013c
PRN013c-290-1,0.5788901366334449,0.7420495806,0.6918023775973553,0.7254231029519249,0.7354974838648922,0.7453020748282073,0.5936718075820212,0.7132626606107729,0.0853881497,True,PRN013c
PRN013c-291-1,0.7294104455904814,0.7920914658999999,0.7504498010530828,0.7665527557065505,0.7846894917084318,0.7952212159204995,0.7079031683249973,0.7595816722368405,0.0789299721,True,PRN013c
PRN013c-293-1,0.26539313158426525,0.7808840921,0.6928518496395168,0.7088183381919092,0.7193190505464374,0.7645174860249613,0.21328385080158743,0.6709050997866944,0.0815242376,True,PRN013c
PRN013c-296-1,0.4463485611527836,0.6771967088,0.6555161244414766,0.6647707066156023,0.6894349355043613,0.7078577118592551,0.41580044268486616,0.678923353560182,0.0941748537,True,PRN013c
PRN013c-298-1,0.4444629618620599,0.655606675,0.5750096519693523,0.6214662394620915,0.6309947952589964,0.6338575209201593,0.4361706987361453,0.5499403874126318,0.0768907958,True,PRN013c
PRN013c-307-1,0.3748668253521075,0.5295082304,0.39586080864677964,0.2913545893394606,0.3957018064276871,0.3327647641491678,0.3687588261389923,0.4136837444113225,0.0873691648,True,PRN013c
PRN013c-313-1,0.4855208653185238,0.7685211108,0.7000567413960642,0.7301073305208063,0.7556162016631186,0.7653472266973795,0.37588926172148085,0.6561240552431886,0.0790823498,True,PRN013c
PRN013c-315-1,0.638565948719471,0.8265323843,0.7672846205932579,0.7882086802165554,0.8062160358276236,0.8261014516122847,0.6330323484355603,0.752667625236732,0.0753584017,True,PRN013c
PRN013c-323-1,0.2991918457733445,0.5069676676,0.42166664827325556,0.43214574796466815,0.46022867299348036,0.48054330481239643,0.22726803735014892,0.3537837386363168,0.0727526368,True,PRN013c
PRN013c-327-1,0.33142661417118846,0.6110201972,0.5292158494098268,0.5803161402372823,0.5910007043922277,0.619326873070409,0.27107740877770325,0.43411122972786825,0.0758045057,True,PRN013c
PRN013c-335-1,0.3264574485121836,0.4720307471,0.4217175844197248,0.45151055002615964,0.4655693959199973,0.4917280945220832,0.31077178653763743,0.39492898414862204,0.0768403169,True,PRN013c
PRN013c-337-1,0.3519663042635394,0.5005879577,0.4013710285124595,0.45364749308960683,0.48832061454149905,0.4954083528011052,0.3287045949454692,0.43652520439080594,0.0749312839,True,PRN013c
PRN013c-338-1,0.32370321961894427,0.5360734048,0.4874344748558043,0.4913983041385239,0.5295966195269405,0.3489354063419831,0.30934406836589373,0.4089228372479305,0.0743192533,True,PRN013c
PRN013c-342-1,0.32670874194184496,0.4650604105,0.3909999660575597,0.4600358032663437,0.4876542175411944,0.4787329344762813,0.2587445672751375,0.3675832212087499,0.07724157,True,PRN013c
PRN018a-003-1,0.6099926196420096,0.8453263098,0.7554051801971973,0.79296448239184,0.809157654348523,0.8166773827921943,0.5346039649548813,0.7550929912861457,0.0777604237,True,PRN018a
PRN018a-006-1,0.7715234959143289,0.9096792818,0.8626188010993397,0.8779968251556795,0.8889579768138735,0.887341866254734,0.7451241444580898,0.8807930795106212,0.0716689217,True,PRN018a
PRN018a-007-1,0.30454425368279453,0.4959479859,0.33498707060327926,0.4305820517033571,0.5346923264268261,0.43864751061657037,0.23290714577488966,0.36748655044001544,0.0765110722,True,PRN018a
PRN018a-009-1,0.5624044542252353,0.7662587668999999,0.6855651840601569,0.7106202789309874,0.733409063069573,0.7323987692100186,0.5472365910439835,0.6919067508760012,0.088960156,True,PRN018a
PRN018a-010-1,0.5979942738168289,0.7991330162,0.7168367783376899,0.7484550517750704,0.7632802665896056,0.7781962154753723,0.39216465108116044,0.6948147418378934,0.0833207972,True,PRN018a
PRN018a-010-2,0.4225645524765963,0.6941320042,0.5995272437543286,0.641798650937198,0.6756208932848314,0.7137780363425613,0.38125816495322046,0.4603545251151255,0.0828265068,True,PRN018a
PRN018a-011-1,0.4588993354637759,0.7958436434999999,0.6836861719192662,0.7384033955982212,0.7485814193473793,0.7694057346185201,0.3877735033335419,0.6838297254352557,0.0743644671,True,PRN018a
PRN018a-012-1,0.836006033996179,0.8846501677999999,0.8551835867342382,0.866712744203586,0.874116376982966,0.8797623489417542,0.8601067672856922,0.8712171287388287,0.0861073061,True,PRN018a
PRN018a-015-1,0.4784359347119235,0.6351946782,0.554407858355917,0.5886288482487274,0.62437137714555,0.6430504827637732,0.32485360230874444,0.5630346080005312,0.0880620445,True,PRN018a
PRN018a-016-1,0.6906983964556315,0.8482606094,0.7780259298205966,0.8081339156405263,0.8261517985129747,0.8406717406772745,0.6815633821974598,0.7970201804191164,0.0787559637,True,PRN018a
PRN018a-018-1,0.6439760680828168,0.812215373,0.6832511110263568,0.7470671187541127,0.7800641135109067,0.7976783789257386,0.6124982046811974,0.7318967093540899,0.0812480094,True,PRN018a
PRN018a-019-1,0.7651304138593178,0.8463697178999999,0.7981354983629404,0.8119092370178717,0.8263445791956548,0.8344776206631173,0.7528294625767697,0.7936961717892799,0.0770379161,True,PRN018a
PRN018a-019-2,0.23707628163395103,0.779515856,0.6736610611565524,0.7156004761489878,0.7346056015602757,0.7515893318826474,0.15149361072317738,0.6804759136516724,0.0787700708,True,PRN018a
PRN018a-019-3,0.5016628860606519,0.6896052645,0.694811020865098,0.7194868428035076,0.7094659442795386,0.7225935243053924,0.4429840638989329,0.6255534447114198,0.0788303804,True,PRN018a
PRN018a-023-1,0.6228295300679306,0.8142856525,0.7358525533685246,0.7793275099875969,0.7930142166088556,0.7946790082180689,0.5862566924385654,0.6982625712023649,0.0797379858,True,PRN018a
PRN018a-024-1,0.4195387890433217,0.7150768698,0.6529168106118727,0.6827347292369522,0.6880565653547465,0.6686716986587923,0.3955042038800208,0.6704811280721364,0.0883542901,True,PRN018a
PRN018a-026-1,0.4004408500002035,0.6450156845,0.559268445863102,0.5973409719494743,0.6082032941575689,0.6240873491229497,0.39376910631053635,0.5451268384472566,0.0725974782,True,PRN018a
PRN018a-029-1,0.7889202681616475,0.8739184884999999,0.8368174510470214,0.8536267115618873,0.8590194225364283,0.8622124643934214,0.7854415489108306,0.8200555942574307,0.0743008925,True,PRN018a
PRN018a-039-1,0.6749740791565336,0.8532666313000001,0.7562307956660167,0.8087057205422604,0.8233583972779529,0.8401157146488156,0.6529495579817272,0.7539954210658507,0.080980743,True,PRN018a
PRN018a-041-1,0.5318900484371094,0.8042897218,0.7108990833242647,0.7610134885425404,0.7717795353251715,0.7931632303905127,0.5203654754989947,0.6872781869399925,0.0776234465,True,PRN018a
PRN018a-042-1,0.46227362580442655,0.6528326321,0.599998028000699,0.6194389484238236,0.6374040927119679,0.6436617757707043,0.43462215206201893,0.5782521677264625,0.0752632941,True,PRN018a
PRN018a-043-1,0.2556878874710255,0.6311890386,0.5252852196983355,0.5508671591572677,0.5641153308526882,0.6622327035746511,0.15738205290961113,0.5177522520803869,0.0931961141,True,PRN018a
PRN018a-046-1,0.5342842857697118,0.7106587387,0.625782342878623,0.667429069312577,0.6910811923541371,0.701648739486944,0.4944713092737338,0.6006782588027655,0.0760239545,True,PRN018a
PRN018a-050-1,0.21096585770523021,0.3793011854,0.24065523382047632,0.29314778297873834,0.32194442053201916,0.34178680389355587,0.16167526412392866,0.2104460087788666,0.0830194068,True,PRN018a
PRN018a-051-1,0.18638382682313265,0.3870509683,0.1995346967981866,0.25689579626614084,0.29787496876734776,0.3866293458045099,0.12766214828049724,0.21574690353728554,0.0694042251,True,PRN018a
PRN018a-053-1,0.2649179094509746,0.4123555967,0.3478897590318114,0.3811242082608332,0.42058516617320374,0.4325716319388862,0.19370449714657037,0.3445965531116407,0.0830383055,True,PRN018a
PRN018a-054-1,0.27741649500630383,0.4674418312,0.40213817814216796,0.4311867236558253,0.4450563485919312,0.4380300810428276,0.24107403696298377,0.359397464825276,0.0762098778,True,PRN018a
PRN018a-056-1,0.2878740964903988,0.5313592133,0.38681614877098264,0.4546980351667821,0.5051307836028543,0.544335836623416,0.14191215369401633,0.3444460943122504,0.0768033369,True,PRN018a
PRN018a-058-1,0.3628731664515954,0.5775893105,0.5349270713845088,0.5484088146039566,0.5438610913718419,0.5535801998452704,0.27137622831337915,0.44235468582533927,0.0808875208,True,PRN018a
PRN018a-059-1,0.25221797982396454,0.4317789085,0.3906838411158002,0.39225767942558704,0.47204547078329445,0.46316674621939063,0.18730962263724268,0.30342190347841386,0.0914003545,True,PRN018a
PRN018a-062-1,0.5724146213491196,0.6925083229,0.5953570894200755,0.6264391373018849,0.6673958263653553,0.6945768732896889,0.5337197123780408,0.6225519011336142,0.0828833146,True,PRN018a
PRN018a-063-1,0.3405647722761112,0.5218768479,0.4049364891824001,0.47379283474354195,0.48146791084947954,0.509902778972044,0.31129107457789845,0.408053397196368,0.0726459386,True,PRN018a
PRN018a-070-1,0.3742049085046854,0.5833320791,0.5171594881157652,0.544617710405588,0.5626161446995559,0.5917308052209693,0.3512495347428862,0.4570768876783796,0.0842431491,True,PRN018a
PRN018a-350-1,0.39404278860927844,0.6902998551,0.6485624465221052,0.6508948541703484,0.6648947261810402,0.6623024680187154,0.3686445177549877,0.579737859622579,0.0794721072,True,PRN018a
PRN018a-354-1,0.22408079842634027,0.6526064261,0.5664668361523969,0.6270281934512757,0.6674658470022187,0.6698525662656847,0.16519101961116542,0.44681101111652743,0.0799130075,True,PRN018a
PRN018a-359-1,0.41467686679315463,0.6076441753,0.524017224221272,0.5249101951004946,0.5340416503955224,0.549144134532396,0.27819528223677525,0.45434690728855165,0.0793342358,True,PRN018a
PRN018a-363-1,0.6954498316777825,0.866065233,0.8422892016264751,0.8550921551564066,0.851774188025418,0.852329454857472,0.691870764716826,0.84482037721266,0.0709826152,True,PRN018a
PRN018a-371-1,0.5224350854071469,0.6367249394,0.6089610071752248,0.6538293836067942,0.6774628068524445,0.6551181402411566,0.4857567717715649,0.571108347303134,0.0919095917,True,PRN018a
PRN018a-379-1,0.44628776511169116,0.6107030514,0.5693593046900622,0.5887002141651279,0.6003443533702865,0.6041337811471398,0.42543794296684534,0.5327548131352016,0.0756972044,True,PRN018a
PRN018a-383-1,0.5969205790416371,0.7166469247999999,0.6076684848729719,0.663342201406392,0.7041538289369381,0.7181488770528859,0.5886908072022408,0.6634080300575161,0.0842798472,True,PRN018a
PRN022a-182-1,0.2916583159578395,0.4112487367,0.3579895186418116,0.3888440610941522,0.1276990448678839,0.3258761333472675,0.2328209667259783,0.34731042730420914,0.0713595544,False,PRN022a
PRN022a-202-1,0.37418741120751964,0.5459934044,0.37340741891167545,0.45833983423602265,0.4604871160163378,0.5054506553294459,0.2828410589132055,0.4101009782629193,0.0913276693,True,PRN022a
PRN022a-206-1,0.5051947898756981,0.6418070494,0.6090831745314083,0.609576429037251,0.6344431812712558,0.6398240747551185,0.5013352461190093,0.5724961184385003,0.0815163319,True,PRN022a
PRN022a-207-1,0.752513810757831,0.8569137536,0.8148104320850198,0.8375537584941689,0.7154907964197781,0.5640041975909058,0.6601978151734225,0.8496561742972967,0.0832584157,True,PRN022a
PRN022a-210-1,0.15846440311550772,0.3333055833,0.3253167790388339,0.3568588997711813,0.3158012821867563,0.05637869478922596,0.14071856022618437,0.21955492602836893,0.0772549149,False,PRN022a
PRN022a-211-1,0.641881090696266,0.8253161414,0.7687554295392917,0.8033956064428439,0.8113507053770127,0.8246159156744802,0.62174596899131,0.7130458244242106,0.0743342511,True,PRN022a
PRN022a-211-2,0.4181748130666245,0.5933334095,0.4694235298860565,0.47308194104205314,0.5466549796414764,0.6316717411793109,0.2860025070820611,0.45239971644716026,0.0733012675,True,PRN022a
PRN022a-214-1,0.18709178888315744,0.2098223564,0.19854548076849088,0.2385487927906597,0.19056495420037897,0.23100764934758244,0.17649252547498606,0.1650858553073018,0.0739193381,False,PRN022a
PRN022a-214-2,0.2700182262857787,0.2790292279,0.2730399147597943,0.266038901749542,0.25551531231835695,0.11243423036731537,0.20016698322975995,0.26645508660071904,0.0805510287,False,PRN022a
PRN022a-222-1,0.495370471668167,0.6909102537,0.6078340953760787,0.6881210627408484,0.7182916238174644,0.7035753240902746,0.4770919736857047,0.6531455397957096,0.0873850673,True,PRN022a
PRN022a-225-1,0.6955771617195796,0.7544596659,0.6861432122510227,0.7108917032382743,0.7109510234324199,0.75255202222761,0.5877122577964207,0.6888859373009131,0.0754754738,True,PRN022a
PRN022a-228-1,0.42636741332284445,0.4634352775,0.4969332104769003,0.49991641754621424,0.5069265685461527,0.06008304640075232,0.4205060186543973,0.48013671884647635,0.0775213644,False,PRN022a
PRN022a-235-1,0.46129718033691625,0.7330843378,0.6069747085704911,0.6637592097951203,0.6765605664268569,0.6471280536173449,0.4511955084286876,0.5465483297749145,0.0718942531,True,PRN022a
PRN022a-237-1,0.23235305106957668,0.3438414205,0.3596898846203018,0.35952376003745856,0.10115814964762947,0.37459367697106455,0.19310465607534696,0.29116811682341953,0.0804274952,False,PRN022a
PRN022a-242-1,0.6738484263115416,0.7320549863,0.7044232531143735,0.7218572672310365,0.6762651587814162,0.6747337632271005,0.6656246399877368,0.6917350876912156,0.0828916473,True,PRN022a
PRN022a-242-2,0.7145040134005736,0.7619182652,0.7382041741718882,0.7683275198410168,0.7514337006056094,0.757806896169365,0.6049358266301184,0.7531523125892932,0.0733383831,True,PRN022a
PRN022a-243-1,0.2132520941828719,0.4719319807,0.34885772732105325,0.4490478114305443,0.5037556408499541,0.5094676094059233,0.18440412211545001,0.43701239638589867,0.0793041221,True,PRN022a
PRN022a-245-1,0.39955472849906243,0.6486213042,0.5213970767616746,0.5796906898200711,0.5880600487560809,0.6348876194442143,0.38997750983140783,0.4668761123833061,0.0824231456,True,PRN022a
PRN022a-246-1,0.3369105862097657,0.6332667403,0.5500652308000366,0.6244044976045783,0.636793547220556,0.6276699077332809,0.3239711710348365,0.43658024615046004,0.0801326675,True,PRN022a
PRN022a-247-1,0.6129123332503447,0.675815137,0.5415120652399906,0.6494031472106474,0.6998598234972978,0.6663269405299712,0.61739982222518,0.6816652270309705,0.0881951297,True,PRN022a
PRN022a-247-2,0.4993122484811074,0.6013034847,0.5708638518452416,0.606587039193464,0.6427060739859408,0.6197901072867037,0.5068382284718914,0.5243631178739582,0.0740854016,True,PRN022a
PRN022a-250-1,0.5623724136621965,0.7764401029000001,0.6888853755346871,0.73857775989753,0.7485696125590706,0.7574258507543189,0.5717711688948448,0.6920260874042714,0.0766453255,True,PRN022a
PRN022a-251-2,0.7131955482834295,0.8034777494999998,0.7422807547320611,0.7413054208383801,0.7757793097317883,0.7603833931257585,0.7064804187320732,0.772447249542038,0.0820865445,True,PRN022a
PRN022a-252-1,0.7058060605053605,0.8268826946,0.7484188259548629,0.8074547508989365,0.8124220160002418,0.8366518992088608,0.6955453871115856,0.7532821918935858,0.0808851133,True,PRN022a
PRN022a-255-1,0.35587706683064263,0.6128939213,0.5878861146191485,0.5610689690917624,0.5696065790841673,0.497246109027337,0.3371079229805986,0.5109519683344366,0.0847658494,True,PRN022a
PRN022a-259-3,0.32531147147111183,0.6163203925,0.5012483760423181,0.6086027568625092,0.5879704582377531,0.5789032502292949,0.30083589546543404,0.5783202420317066,0.0790099286,True,PRN022a
PRN022a-261-2,0.5230035291109137,0.6529427254999999,0.5539585738356547,0.6080908394780505,0.6291151367556821,0.6389108700274632,0.3738441338411885,0.5637273997508531,0.0858172159,True,PRN022a
PRN022a-262-1,0.7421728239349943,0.8140559959,0.7465800705322254,0.8051185982807018,0.8056071312130801,0.8099482700674698,0.7372949261182553,0.7940943318819149,0.0917285624,True,PRN022a
PRN022a-263-1,0.2480588448797429,0.4004713138,0.34456340575981437,0.3551787204548083,0.37777540191332787,0.30294700164995136,0.22793024314510202,0.29578958692417673,0.0837722435,True,PRN022a
PRN022a-266-1,0.38340858822444407,0.584137532,0.5377409589753083,0.5605310833405729,0.5939641930114432,0.4272106254399203,0.33606774017272356,0.5504361175390721,0.0799342153,True,PRN022a
PRN022a-272-1,0.6810632997586934,0.7492029992,0.6506657621039754,0.6767875555811157,0.7103830215703494,0.7045290230581397,0.6596985129167444,0.6966156673924935,0.0886932651,True,PRN022a
PRN022a-273-1,0.17644625276718418,0.3240809833,0.2695270806574602,0.401999305235341,0.3053107558582762,0.2969527926281725,0.15149681858663208,0.2439242530089921,0.0850073887,True,PRN022a
PRN022a-276-1,0.2640416669852292,0.4977746761,0.4172095790346956,0.4524919852260018,0.4285426507787445,0.4544272220257232,0.25774635535827994,0.3770564922542492,0.0906275725,True,PRN022a
PRN022a-278-1,0.41895759527938736,0.6588910011000001,0.544276649289714,0.612809796018368,0.632364757725965,0.6458236513213333,0.3986052935919499,0.5119324001524449,0.0794132336,True,PRN022a
PRN022a-281-1,0.6638735271594959,0.7099102768,0.7275374194036489,0.7250311129843653,0.7376313982719359,0.7327019194511964,0.6696114427747288,0.7389782277638292,0.0806064504,True,PRN022a
PRN022a-283-1,0.33366145828157995,0.6517157068,0.55110091760486,0.582079687981389,0.6125072266800925,0.6386128232380353,0.3144063083118447,0.5037273756438991,0.0688881013,True,PRN022a
PRN022a-285-1,0.41630902447542434,0.6756359118,0.6115050399435714,0.6101191145702507,0.6343485405458075,0.6761996175127459,0.33963210073935596,0.6024612672070073,0.0767796612,True,PRN022a
PRN022a-285-2,0.26315555368510096,0.4644194074,0.36112661785956673,0.39719162762986016,0.20005654722453559,0.16216008226405065,0.21662826681381744,0.29789378173413833,0.0741742997,True,PRN022a
PRN022a-287-3,0.1218382534424897,0.2660464961,0.15042273282380347,0.1903335020099731,0.19728267099296606,0.22406400985557545,0.14941787083653105,0.1586905014785902,0.0775852577,False,PRN022a
PRN022a-289-1,0.3115475291187748,0.6417568237,0.4926929981867284,0.566835465640765,0.5857254231516448,0.6424624898709793,0.260508157898312,0.5283226091671406,0.0756344342,True,PRN022a
PRN022a-289-2,0.2670986690736442,0.416183,0.3288173571314754,0.4018605471882483,0.4124448463552597,0.4330309710799542,0.24186455222827116,0.29488534921921444,0.0743403978,True,PRN022a
PRN022a-290-1,0.32317933276471,0.476798685,0.4481656017458225,0.46019310583653056,0.4821805188033784,0.2916421226226952,0.30209324910024565,0.41466351405661234,0.0775706798,True,PRN022a
PRN022a-290-2,0.21436374619900658,0.2575089578,0.16005986968594227,0.21867649891856766,0.15564743967828173,0.16568906190987168,0.10490591533906257,0.18600890518260407,0.0730207923,False,PRN022a
PRN022a-293-1,0.41102501529824403,0.5389950047,0.5453569085402238,0.40542044877878447,0.5429741149385945,0.5561151876454904,0.4065047908887054,0.516608747742566,0.073261163,True,PRN022a
PRN022a-294-1,0.25659043807009646,0.5515394935,0.5011608545902407,0.4983080208274132,0.5301225538949969,0.5239516191866092,0.2874028381441146,0.4371084411198788,0.0730140971,True,PRN022a
PRN022a-297-1,0.40435996718661416,0.5318559255,0.4422376763267418,0.500882492894513,0.5304459320648619,0.5557080020644412,0.3661791784482399,0.4410113747236059,0.0765773605,True,PRN022a
PRN022a-298-1,0.2888423837275624,0.4922311154,0.37761183831858713,0.39541597783484167,0.47462228213100355,0.4961270750744732,0.29637995331650113,0.4230226520398876,0.0756226588,True,PRN022a
PRN022a-298-2,0.2704082392611086,0.4830610414,0.4134454167626386,0.4378437887483722,0.46153531739070447,0.46965555222693744,0.2380437457650439,0.3927145522357915,0.0777919914,True,PRN022a
PRN022a-299-2,0.4740219784031141,0.6657901131,0.5539492966978457,0.5754658005084398,0.6541704386322152,0.6622179152934807,0.42838172358656423,0.5356850766402428,0.0734513231,True,PRN022a
PRN022a-310-1,0.337625222958646,0.5277496604,0.5017753090744714,0.4591643194547237,0.5270737559366622,0.5225621793829699,0.32424017263961885,0.4307436453822786,0.075202582,True,PRN022a
PRN031a-251-1,0.07628103109457285,0.1405481341,0.025131308950758185,0.02828946809487627,0.01966061820836286,-0.022188317379854876,0.0004293113113551683,0.017400957988664926,0.0731237952,False,PRN031a
PRN031a-251-2,0.13027699969652773,0.087558857,0.038684285455150964,0.03979889708635547,0.05327948708669543,-0.0399068069415389,0.029484132058321805,0.022793694540410626,0.0603439202,False,PRN031a
PRN031a-251-3,0.07077659061552845,0.075841428,-0.027030400859349615,0.05991424173534417,0.06786743025878629,0.06370575813914148,0.05721779758272482,0.058474741214489735,0.083738853,False,PRN031a
PRN031a-253-1,0.17026854395925187,0.2399723199,0.08859893684835281,0.24081858793211158,0.16383409135026697,0.16875895911097763,0.1546427407286748,0.14662053188908458,0.0839170044,False,PRN031a
PRN031a-255-1,0.055746916425644104,0.181848193,-0.057922696847010804,-0.013839918768080139,0.10402460974951894,0.02329488718029697,-0.12720496891532265,0.03342445249436823,0.0792076862,False,PRN031a
PRN031a-255-2,-0.01309581530805457,0.063016266,0.12919340962510822,0.10735340137226654,0.13369055756752046,0.13660863529944872,0.14129644732061983,0.15347218856848446,0.0754484484,False,PRN031a
PRN031a-255-3,0.09332007968450302,0.08766009630000002,0.09954145887825686,0.10282462576720545,0.11691933191857512,0.11637806531986344,0.09155448872979463,0.06958822654774993,0.0800436785,False,PRN031a
PRN031a-257-1,0.30659733757478275,0.3892277413,0.2204182494195279,0.21332762783679296,0.3748575727476457,0.2228105614683114,0.15218214868672314,0.1419020902672182,0.0712046831,False,PRN031a
PRN031a-261-1,0.1366821971423812,0.1425993922,0.09389820900407349,0.08441248870834245,0.11897596882189347,0.06838402432456375,0.09761217916658031,0.09816553477891798,0.0747012825,False,PRN031a
PRN031a-262-1,0.09794551567940549,0.2743358234,0.22797863491460496,0.2711738503262055,0.28827326121124863,0.22165812409828242,0.006817600147872314,0.18011193499585348,0.0766659169,False,PRN031a
PRN031a-263-1,0.17618561076599107,0.3410514335,0.11770012516972099,0.07894317619516342,0.2778365718351493,0.281870267262037,0.10818717705188731,0.16613565805699726,0.0739463929,False,PRN031a
PRN031a-263-2,0.5349032565035368,0.6205313774,0.5732606842594493,0.5839736692494649,0.5692796842940349,0.5514829205671392,0.41030864716541987,0.5719722391390166,0.0762776339,True,PRN031a
PRN031a-264-1,0.3157931919796795,0.3135156305,0.3032703457793076,0.3221256333017704,0.3369318539915342,0.34366332351596857,0.3010369804435139,0.23320221358101023,0.0731663905,True,PRN031a
PRN031a-265-1,0.5268258944106297,0.5794447279,0.511922453786538,0.47278218917273146,0.5440464654085411,0.5516194686674104,0.4464073169212939,0.4986673874025792,0.0794781684,True,PRN031a
PRN031a-267-3,0.35874073705284193,0.4207524241,0.31674348478057834,0.36215301131320304,0.36326609762403134,0.3957935714044965,0.24732245721826832,0.26851927467705167,0.0714073496,True,PRN031a
PRN031a-267-4,0.5292012011620363,0.5995365973,0.5482243408115481,0.5793963935646257,0.5798727624455864,0.5918180080674263,0.48869542161809176,0.5577881070217979,0.0715193081,True,PRN031a
PRN031a-268-1,0.2389166723589183,0.3415807399,0.2098131897543479,0.2158999662832202,0.28212129110864814,0.29557789512568106,0.19143447555280088,0.14496520460889784,0.0755782448,True,PRN031a
PRN031a-268-2,0.20673147648955545,0.36054809909999996,0.24098587366552848,0.14487374000794273,0.35691414167753227,0.29982944444385295,0.059738328853201315,0.27993767519183255,0.0760764573,False,PRN031a
PRN031a-268-3,0.38493717757315443,0.4920561117,0.26529309282714164,0.22858932660586345,0.4830991731555817,0.49781505665970815,0.2404765843826135,0.3505864304907078,0.0797909506,True,PRN031a
PRN031a-268-4,0.09136494243629525,0.1428245762,0.1771393401292627,0.16560757497779469,0.21110987645092355,0.15338321951930575,0.17966258525390105,0.09084755019781547,0.0738466885,False,PRN031a
PRN031a-269-1,0.32840650409144606,0.3514846648,0.3090596370982886,0.3006825908018821,0.34518157585202364,0.3193509731027588,0.2556048030011013,0.3098584086397745,0.0733837459,True,PRN031a
PRN031a-269-2,0.13346083524408683,0.3099012905,-0.0006413972729451845,0.14190791622952834,0.1527332054916602,0.21439992605071942,0.13378825699066713,0.12366379991687827,0.0798382412,False,PRN031a
PRN031a-272-1,0.11801539309102632,0.1796019546,-0.01032723461391346,0.03952547813278851,0.13415502629727888,0.06082626726645246,0.04658545999462043,0.004007701063711371,0.0713673511,False,PRN031a
PRN031a-273-1,0.37194088876359427,0.5065945202,0.20675520449089807,0.20730518046519888,0.47313330400216563,0.48876415500606657,0.32674982467502395,0.2994786049552559,0.081101625,False,PRN031a
PRN031a-275-1,0.15472358016480262,0.2821132102,0.07835689642983246,0.11945586553664636,0.19582787178366418,0.22569119583472752,0.11515509627827182,0.1068076515591214,0.0768774907,False,PRN031a
PRN031a-276-1,0.2775879588580617,0.3645078621,0.34262569964495987,0.34935608502520976,0.3571253977130939,0.3772803849188918,0.2808575848275003,0.2747371482821227,0.0756685074,True,PRN031a
PRN031a-277-1,0.2389104537132393,0.4636683891,0.24169942249817142,0.3999786588921574,0.45152955204215545,0.45848135049093663,0.22447337163516332,0.20206066820449095,0.0726503271,True,PRN031a
PRN031a-278-1,0.5257255085296446,0.6207577535,0.5661678709633642,0.5852881687306918,0.5856870465197582,0.5939302358586046,0.4665790766417966,0.526911687447095,0.0680974098,True,PRN031a
PRN031a-278-2,0.2213144607531738,0.4951661917,0.3606458682214669,0.3944231477633285,0.49507475029057896,0.49521231292540047,0.20241102551815968,0.26198596726210627,0.0809852774,True,PRN031a
PRN031a-281-1,0.30655058019081044,0.5125481763,0.39404839346817555,0.42891813483297353,0.4653916051349708,0.5093678860816441,0.2909090957749212,0.2778753572116456,0.0730544115,True,PRN031a
PRN031a-281-2,0.3136893863185034,0.4630907148,0.3567955194793691,0.3784564576924722,0.4092689551362565,0.49109655416047454,0.10837429612205544,0.247290882784858,0.0740132946,False,PRN031a
PRN031a-283-2,0.2444541477979126,0.3588125298,0.1882330119581372,0.3075831333639985,0.20908984106309733,0.262822331812752,0.2166591325188384,0.2036676214945085,0.0760011711,True,PRN031a
PRN031a-283-3,0.23926794541290342,0.3810808164,0.32018304307594614,0.3362464998016667,0.3905339924980386,0.3835976309800113,0.1580278709544051,0.33904362417668976,0.0709056782,True,PRN031a
PRN031a-283-4,0.5131320477909419,0.5408566964,0.4385649964543698,0.5299542335048527,0.5348115776517988,0.543362297585468,0.5254418713207536,0.5270526038919938,0.0700868932,True,PRN031a
PRN031a-283-5,0.276543655016662,0.3448030126,0.25427048692624876,0.30215972123239976,0.3010227151647878,0.2959485667433485,0.2881870236866307,0.2794658920499631,0.0783154079,True,PRN031a
PRN031a-283-6,0.2513821768024266,0.3701456752,0.27993363176205244,0.2846876127643509,0.3245920702049825,0.3685380568200875,0.24201903323690593,0.20933384840645242,0.0787051368,True,PRN031a
PRN031a-285-2,0.27167676808780505,0.4783384593,0.4061856073021567,0.4342679436729182,0.4940825732761148,0.4958079066878459,0.27608834675214816,0.3806517342025206,0.0770039332,True,PRN031a
PRN031a-285-3,0.43491995933677324,0.4828475284,0.4251190949095827,0.45967065603547275,0.4536792528528143,0.46197086762784934,0.41335972171438407,0.39093038112620415,0.0705683275,True,PRN031a
PRN031a-286-1,0.28533379771184914,0.3906119262,0.3376658773905588,0.32652126057671443,0.34585799645708354,0.43538718623131484,0.2755290688775105,0.31920905654475656,0.0749997923,True,PRN031a
PRN031a-286-2,0.20556496272906125,0.4113626163,0.3766637846411189,0.3863248787517137,0.41791611363075487,0.44232355785724176,0.2002034701328024,0.3181967403618725,0.0723261067,True,PRN031a
PRN031a-286-3,0.2178519643150691,0.4070992882000001,0.16929923478053005,0.35624891309298007,0.40328734554521073,0.45979370846494666,0.13425355871677064,0.1932809751487123,0.0733445103,True,PRN031a
PRN031a-287-2,0.2736602565451583,0.3739226773,0.3804805348850265,0.37930060448876446,0.37023660408429526,0.4133622175492074,0.25570662539415556,0.27062201801401037,0.0735140532,True,PRN031a
PRN031a-287-3,0.21519894301261253,0.424283345,0.3180683012565689,0.4096532344082661,0.42911651999842854,0.45088652034322524,0.19950393378010034,0.28101116605909365,0.0809523619,True,PRN031a
PRN031a-287-4,0.23545195204321978,0.3472550549,0.218963879243204,0.30963263180693806,0.3709287649470097,0.3835180940519275,0.20515374335748396,0.20456129339507134,0.0756393981,True,PRN031a
PRN031a-290-1,0.27303983906160184,0.3908550063,0.2809043440538402,0.2805152834450331,0.36851692947038867,0.4406151493529634,0.2349603070800585,0.2432842460607445,0.0740124786,True,PRN031a
PRN031a-290-2,0.3040900091067555,0.46072601900000004,0.15661753152124422,0.37495042100783166,0.3632368579351686,0.41057152790547086,0.2884237114090334,0.30414922755930257,0.072180029,False,PRN031a
PRN031a-290-3,0.21261899226667413,0.3321335241,0.11484225277891727,0.22050427038706483,0.19525560985749874,0.22053147157852876,0.036620503659152176,0.11682146075210668,0.0808538829,False,PRN031a
PRN031a-291-2,0.3026819102922658,0.433967372,0.3970323902987798,0.4043423548531281,0.4014680072997287,0.41795620748204565,0.302179966499895,0.3041862646200816,0.073945991,True,PRN031a
PRN031a-291-3,0.227823572161535,0.3490278144,0.29194388412818006,0.30898307892538973,0.32205177392597967,0.349322981869545,0.22300852557866113,0.2943065711337502,0.0732133238,True,PRN031a
PRN031a-291-4,0.31694408301536625,0.4467074197,0.420429793690931,0.4192276504819539,0.4370850900017396,0.5067290130583609,0.3001800100765035,0.2993784872077114,0.0759802654,True,PRN031a
PRN031a-291-5,0.17392309347059315,0.3519607142,0.2746032573150871,0.2797288968793091,0.31980757589601483,0.38362714138177695,0.16391138888056006,0.25745302243270984,0.0736495677,True,PRN031a
PRN031a-293-2,0.21289319750704144,0.282295814,0.22674832785387988,0.26003022244920904,0.25650486924603516,0.25125555184682496,0.21111818721231912,0.26572453653780553,0.0752058297,True,PRN031a
PRN031a-295-2,0.3317572020482644,0.408188602,0.3559835719803615,0.3769717999712419,0.44977418848905354,0.4476569854392095,0.3466589386492045,0.3424242069806837,0.0800318533,True,PRN031a
PRN031a-297-1,0.35034910524689356,0.3879046613,0.21418981663624712,0.33950196159597745,0.34474727278669487,0.4143653909353723,0.23247226458390488,0.2455540991785375,0.0780321304,True,PRN031a
PRN031a-297-2,0.40624619276734364,0.5049541168,0.48284128336276716,0.49801330956329104,0.5134877449090615,0.5549827010747591,0.20388849382611832,0.31355086272129423,0.0765384374,True,PRN031a
PRN031a-297-3,0.21054523351801688,0.3772753015,0.3521113364710055,0.3506543184986737,0.4018046200129204,0.38822910894818663,0.19925641682406986,0.25325806124988876,0.0756274125,True,PRN031a
PRN031a-298-1,0.2612596427402723,0.48338344870000005,0.26066808875285624,0.428258938787161,0.4624193648498375,0.48750294626305923,0.22409718954997598,0.2658615738253929,0.0719727829,True,PRN031a
PRN031a-299-2,0.30130497023303754,0.3841862935,0.3508885867951716,0.36672879934904284,0.36713006169429396,0.3876116174986378,0.28667971269451725,0.3430904271446472,0.0753715631,True,PRN031a
PRN031a-299-3,0.21629628757353228,0.2669860644,0.1660035848370727,0.1734162845863221,0.2106738295941171,0.25862985941553396,0.1799153666495375,0.17757729691283416,0.0816568906,True,PRN031a
PRN031a-299-4,0.4871546681894481,0.5855951257,0.5544402137608037,0.5986969363434766,0.5655910515232683,0.5733347995149359,0.45750153141126954,0.5646960677838088,0.0703241739,True,PRN031a
PRN031a-299-5,0.08266720741148777,0.2466349192,0.01709054218245253,0.170578527378222,0.03484654372678652,0.20761796247789266,0.024518371644204933,0.1501395591881379,0.0735837256,False,PRN031a
PRN031a-303-2,0.24182543619554756,0.4507086472,0.4002980156102486,0.46405127774188076,0.4744804482265035,0.48700536198809163,0.20969356576103557,0.2950104036430765,0.0723662845,True,PRN031a
PRN031a-307-2,0.4015985238474304,0.4587659762,0.47965341013989293,0.48093538136719854,0.47871446237146636,0.4792046203003036,0.3722862070159677,0.39562249814728284,0.0759277373,True,PRN031a
PRN031a-307-3,0.09280989041984258,0.3303380492,0.3921521990387027,0.3805353624407146,0.40715935926364166,0.4453237976410241,0.08493058159272047,0.24812410574043897,0.0738095012,False,PRN031a
PRN031a-310-2,0.41070253903714665,0.4967276584,0.4421158160613761,0.46329924790275645,0.4958538241070268,0.5220101669822365,0.3937358119536592,0.46197337858835574,0.0732843385,True,PRN031a
PRN031a-310-3,0.3862027740769674,0.40255126719999995,0.37479284944094204,0.3708778494583619,0.4007895262928041,0.420533833838076,0.3697947859409492,0.372802642105566,0.0755142727,True,PRN031a
PRN031a-311-3,0.30391430824662585,0.3505282562,0.36409851046259034,0.3418618931987471,0.35094599824011286,0.32446117576405925,0.26980979808979094,0.3305604730173449,0.0794645853,True,PRN031a
PRN031a-311-4,0.37237202518839596,0.4116679322,0.37138864025096097,0.3719911285783966,0.4039553643961149,0.36352143707292595,0.37875054201736447,0.41611680392263983,0.0770786967,True,PRN031a
PRN031a-311-5,0.21701313723623775,0.2117817695,0.23760671075871595,0.23395133496151949,0.30531617478022804,0.286482921274686,0.20746588810469271,0.26757002425273657,0.0770212414,True,PRN031a
PRN031a-314-1,0.502726033480711,0.5168374951,0.5264943197156384,0.5116949977314469,0.5063986340930112,0.5053124206870071,0.47852688405439786,0.5104438263420255,0.0790461456,True,PRN031a
PRN031a-314-2,0.3501490436170649,0.3980949979,0.40015339937100525,0.39085521405068313,0.39254391710394176,0.30201851904815513,0.3121523421000032,0.3419548038125487,0.0762281028,True,PRN031a
PRN031a-317-2,0.28758204843261054,0.43906212769999997,0.40825393801792875,0.4249720214598587,0.45409601332898836,0.46343452868838436,0.2709547838635626,0.3723559730257209,0.0786470699,True,PRN031a
PRN031a-319-2,0.17685784532138155,0.2217211639,0.1487306227274805,0.21703515140022897,0.13599031741150625,0.1553074463202496,0.1136319757015837,0.14765336353271472,0.0755616866,False,PRN031a
PRN031a-319-3,0.3730192828272554,0.4375385834,0.37657408168102274,0.4223961056614902,0.4333951314816221,0.3371349359172113,0.3216017287162738,0.35623606247732637,0.0696350306,True,PRN031a
PRN031a-323-1,0.33982736924003376,0.5387893235,0.41050370929043006,0.43882044146759097,0.4819730079781348,0.5413689310230261,0.31543313498202213,0.4456664040400777,0.0713596627,True,PRN031a
PRN031a-327-1,0.5422562413099749,0.6135419066,0.5585800381033843,0.5849787694686439,0.612926430072007,0.6561849495955863,0.5238326293343382,0.5456868230886317,0.0908852655,True,PRN031a
PRN031a-331-2,0.3545786999181989,0.5642605075999999,0.5308404638762855,0.5678257278424977,0.5723275754188337,0.6256601217530915,0.398372963706866,0.4555410067816224,0.0781133469,True,PRN031a
PRN031a-331-3,0.37550661947996794,0.5554531063,0.46853982296385577,0.5176916939359105,0.5487382662169833,0.6065304065846193,0.39159123668127777,0.4498923308035022,0.0842994581,True,PRN031a
PRN031a-335-2,0.17960680736224852,0.3838945019,0.3428885470924951,0.35493375359697016,0.3666916096750801,0.3725354756963046,0.12350683913412142,0.3144551259915418,0.0757248507,False,PRN031a
PRN031a-337-1,0.307835446449915,0.41377037730000005,0.2898941652616193,0.39914193084307154,0.42554756509213004,0.4453052976097459,0.27583589346174314,0.38448279407272135,0.0738409896,True,PRN031a
PRN031a-339-4,0.3925318980900298,0.47403380610000007,0.41148637472980737,0.4301760822948385,0.45435990828802963,0.4812799576998199,0.25982758096853603,0.34920473853510936,0.0770663085,True,PRN031a
PRN031a-343-2,0.3235394523757061,0.4239429404,0.30527413099717415,0.32865289275444604,0.3942473055202314,0.41906432569260976,0.14593754363465575,0.29651012684981387,0.0727157549,True,PRN031a
PRN031a-344-1,0.5875495761081482,0.676259517,0.633965223434095,0.6533478941238035,0.674288516341356,0.6676954407147236,0.5916476037602296,0.6408443225650389,0.0720969619,True,PRN031a
PRN031a-347-2,0.5042798817715451,0.64139562,0.5811531875682763,0.5979951607948562,0.6180618043622265,0.6281590122268488,0.4901567528812753,0.5468642484799652,0.0784997655,True,PRN031a
PRN031a-348-1,0.3029696620004339,0.5164918401,0.4977910962811337,0.46774860203740787,0.4822959851082653,0.4606207049240133,0.26887342674033154,0.38364008896970353,0.0705875769,True,PRN031a
PRN031a-350-1,0.45770554004559266,0.614981966,0.5519288540306162,0.5621327639875107,0.5938709916555754,0.613501242281432,0.45895807975679515,0.5488060249061767,0.0710940433,True,PRN031a
PRN031a-351-2,0.32154929222959144,0.4367391741,0.2694796947387786,0.3875473129193253,0.4491068950753875,0.48637770130942126,0.2921536656184087,0.3103483415414977,0.0728890419,True,PRN031a
PRN031a-351-3,0.44833736140463276,0.5221819172,0.506574086048096,0.5236362526326791,0.5486085891236014,0.5489221423117968,0.43914364065755396,0.4931150964819893,0.0788559697,True,PRN031a
PRN031a-353-1,0.3418003699985949,0.5398270979,0.41664385362655776,0.4866384443650109,0.5229388880226636,0.5065724019048934,0.34995206532275897,0.41610949388043156,0.0815893162,True,PRN031a
PRN031a-356-1,0.6662192131324842,0.7583068656,0.6289102075996598,0.7028997848464583,0.7305880794283215,0.7654784953571471,0.5643381366723756,0.6104613878160331,0.0703848886,True,PRN031a
PRN031a-357-1,0.2980247418412575,0.5233114471,0.43627611825434687,0.4354537402230707,0.44112680426186346,0.4882411572176815,0.17695256204479584,0.36686500948998796,0.0759050866,True,PRN031a
PRN031a-363-2,0.1893309097900879,0.288251461,0.2803678405380977,0.3136414574093322,0.3284529641594584,0.3475491976816263,0.19164493126953575,0.24918855151111322,0.0817167137,True,PRN031a
PRN031a-365-1,0.32630212135742265,0.5765107546,0.6054337421950968,0.5811695290585033,0.5978591734581085,0.6101254659326166,0.30028094484568396,0.4131683798775011,0.0848169149,True,PRN031a
PRN031a-366-2,0.22120693764912802,0.3431726582,0.23537510294876304,0.26755191344783236,0.3619440050972488,0.4041688953589085,0.2111199630158873,0.28761486506383377,0.0811363946,True,PRN031a
PRN031a-369-1,0.35150811615388844,0.545974992,0.2119976458346488,0.21099997419256036,0.47083987713911324,0.5507813640863026,0.31913501323195703,0.4267541073098594,0.0735233128,True,PRN031a
PRN031a-370-1,0.5765673049604465,0.6440192339,0.6076951590367008,0.6195086830154515,0.6337876424203157,0.6215501462544014,0.5388931114092942,0.5593276035363025,0.0770818751,True,PRN031a
PRN031a-371-2,0.3799192284539869,0.5348969426,0.3475669803713585,0.4231147863717687,0.521474632950121,0.5585840254885244,0.2706756600457576,0.4361152953372052,0.0719773983,True,PRN031a
PRN031a-371-3,0.20558731912953598,0.3307300063,0.2112554261579556,0.2630869739572082,0.2789510984668957,0.32668763134878226,0.18734115714288196,0.22270687634454892,0.0766699401,True,PRN031a
PRN031a-374-1,0.35475706204456736,0.45655774870000004,0.39077610037972915,0.42331503998281883,0.44911130332312715,0.4754826131934844,0.3026123606789392,0.362995309239524,0.067029708,True,PRN031a
PRN031a-374-2,0.1614135078274147,0.4651200929,0.4432814310180596,0.46928270238844444,0.4932965985588945,0.5446210703512928,0.14867978368639911,0.39201493760367495,0.0882749696,True,PRN031a
PRN031a-375-1,0.3789176015288253,0.4346616007,0.4354877962647696,0.43921585885781766,0.4364589741842391,0.4611167020741272,0.3539558303648774,0.3560473457332767,0.0779330558,True,PRN031a
PRN031a-375-2,0.18762815156343812,0.2309699153,0.20835160121965482,0.24431058167426067,0.22505525390890052,0.05025264656618307,0.16708033064778333,0.18153223578916883,0.0780185795,False,PRN031a
PRN031a-376-1,0.23830629803195538,0.3375975074,0.3190806047373676,0.3363621377634057,0.35570873774443934,0.41688912589147376,0.22278215349527475,0.28030462911501297,0.0764872203,True,PRN031a
PRN031a-377-1,0.34251347939929794,0.4131211743,0.2869602660896352,0.35568208586441674,0.38339335837707067,0.4248734124198581,0.31738303797722317,0.32280507082862564,0.0733290564,True,PRN031a
PRN031a-378-1,0.2781984732567045,0.4093778828,0.38207205227944174,0.43950072020774894,0.4761998357827108,0.46374225886930176,0.25750433304844556,0.3479624039219125,0.072827674,True,PRN031a
PRN031a-379-3,0.28194120246868803,0.44747955780000004,0.3858803397279732,0.48908323108592117,0.5062120581178327,0.5657014266718818,0.2509883454265956,0.43632950527237063,0.085665581,True,PRN031a
PRN031a-379-4,0.21949414345731846,0.3867942721,0.16545377265136688,0.2010800017014924,0.34234679172042065,0.3841960926302987,0.15332215952524092,0.2313209641317078,0.0764580136,True,PRN031a
PRN031a-379-5,0.33757656800498864,0.5046385286,0.3489728076492038,0.44503498100433,0.48664394105228104,0.5459469315094889,0.2751905695635994,0.4626318498642556,0.0736705212,True,PRN031a
PRN031a-384-1,0.3422408695350766,0.5400737901,0.5149375398865093,0.5257999129085527,0.5461897116432887,0.5779329163064179,0.274039422404502,0.411203836981517,0.0846194383,True,PRN031a
PRN017a-251-1,0.49455849918130507,0.6607645332,0.5909855006823326,0.5903564050385484,0.5982256193734862,0.6272858986739996,0.36624986087774486,0.5725010710606016,0.0819877247,True,PRN017a
PRN017a-267-1,0.414277942293025,0.6059430636,0.5243350536710607,0.5770854470904058,0.5816283836062011,0.596792658823024,0.3973193922393392,0.5145496034114703,0.0756481243,True,PRN017a
PRN017a-270-2,0.4897988649288724,0.7010401061,0.611299991422977,0.6326198017556743,0.6518237714821113,0.6533981249778525,0.4744181892284603,0.5814262964434262,0.0762306682,True,PRN017a
PRN017a-271-1,0.5644980910578473,0.7035096509,0.603785543430436,0.6398994271364998,0.6867118875633605,0.7039349648966274,0.5613064749607256,0.6598010864860063,0.0818465877,True,PRN017a
PRN017a-278-1,0.7736756031485355,0.9048975438,0.863940345212147,0.8739320270684173,0.8846139818318906,0.890898415897851,0.7397639679775241,0.875165766546147,0.0790881451,True,PRN017a
PRN017a-283-1,0.5694841386645686,0.7595056347,0.6887306218294691,0.7197659065235278,0.7389748675910353,0.7417920473876399,0.5577513943329999,0.6878895595758894,0.0769198011,True,PRN017a
PRN017a-286-1,0.823201133673618,0.8778274415,0.8623307924747287,0.8628839932149718,0.8848499901462593,0.8781280377494357,0.8532547338204445,0.8749325070665639,0.0786812688,True,PRN017a
PRN017a-286-2,0.409598228938212,0.6807254342,0.562000324756104,0.647027586237509,0.68389840649224,0.6781806944035712,0.4164061438866733,0.6521720248014823,0.0755376674,True,PRN017a
PRN017a-287-1,0.49581650511940656,0.7836222686,0.6766163674216759,0.7151464272443383,0.721451055867549,0.7517195696067769,0.4670367985015066,0.6640916999679854,0.0740647592,True,PRN017a
PRN017a-291-1,0.7588812526034595,0.8343320736999998,0.7715434961318036,0.7942799112832954,0.8164300307645211,0.8234149867985477,0.7420944428304809,0.7824967085766814,0.0825169689,True,PRN017a
PRN017a-293-2,0.2168554662865277,0.7599890914,0.643822975109496,0.6561790799017053,0.6912611214997939,0.7225883794672547,0.14906752966584613,0.6309211707782876,0.0826523871,True,PRN017a
PRN017a-295-2,0.40675637935712583,0.720089353,0.6360563998129586,0.6720621313006216,0.6684950686067611,0.6850904853814703,0.37653805338244756,0.6523319008815988,0.0844179808,True,PRN017a
PRN017a-302-1,0.4404089221875877,0.6723214672,0.5697122488431217,0.6070781817953069,0.6239176983892435,0.6513305751037547,0.4374441004526122,0.5578586815585894,0.0753025162,True,PRN017a
PRN017a-309-2,0.4052314441982812,0.5490734898,0.4906945314047226,0.5722509278648775,0.490564937994959,0.42969504865611746,0.3909892282553594,0.41799579743918636,0.0809042036,True,PRN017a
PRN017a-311-1,0.5975011314464559,0.740393434,0.6432120250930298,0.6718848708622839,0.6971455636729477,0.7249033378189934,0.5458172821837961,0.6364598213195783,0.075986417,True,PRN017a
PRN017a-319-1,0.6556118238248787,0.8415080897000001,0.7504109956784539,0.7947164638910453,0.8057924439074324,0.8264430441063098,0.6340319625151626,0.7473584396284878,0.077624456,True,PRN017a
PRN017a-326-2,0.17831844080526862,0.3984213527,0.1651289757831072,0.2515003068927018,0.32243176967366655,0.3552073782839938,0.14432544062884242,0.20890850908578001,0.0758885345,True,PRN017a
PRN017a-327-1,0.19644585157625583,0.3665414885,0.18407291442348894,0.23343481592853413,0.2965417261196644,0.29057407516071704,0.1362793684868454,0.22150920606009067,0.0777079311,True,PRN017a
PRN017a-330-1,0.2742679304283463,0.5305065293,0.25263848469743405,0.4114296955355967,0.4704563367217682,0.5231302350005875,0.1208059277445762,0.3099634347690787,0.0737145582,True,PRN017a
PRN017a-331-1,0.20463745363377245,0.3569681236,0.2782227088324265,0.2837128956373023,0.295127580265078,0.3329551631018416,0.1664177220245712,0.25887481268661006,0.069436619,True,PRN017a
PRN017a-338-1,0.32338099660517133,0.6601366406,0.3644333195473736,0.5716183250277731,0.6011268059533467,0.6555084286768589,0.18639307705366528,0.5875165741826843,0.0773875319,True,PRN017a
PRN017a-339-2,0.32312592999213907,0.5182006091,0.4060735470815448,0.45121959243519416,0.45948373474663495,0.4992953580451681,0.30015710890087893,0.38305036763996675,0.0736886648,True,PRN017a
PRN024a-232-1,0.33009007327849277,0.341423258,0.35135177990221284,0.31671589651788584,0.37011791785290304,0.27412817529419803,0.3209861075962965,0.3647220554465179,0.0765138922,True,PRN024a
PRN024a-241-1,0.27604460719897583,0.5123566137,0.6565140710357641,0.4458572948546146,0.22568377302664802,0.45741989826336393,0.25211078220111727,0.4706052334795911,0.0905131766,True,PRN024a
PRN024a-246-2,0.5355173398205084,0.7584688741,0.7032112255052554,0.7245733469811312,0.7284243700088516,0.7414393743028397,0.5378886931932513,0.6826742026953989,0.0818985357,True,PRN024a
PRN024a-251-2,0.21486184191359303,0.431815365,0.4177228197320906,0.47604625020319724,0.4577245266508623,0.43435932309382436,0.18560810088524562,0.4314403550715346,0.0899584924,True,PRN024a
PRN024a-255-1,0.7198582245343168,0.8027199093,0.7684616528926985,0.7844579293155305,0.7907141495092773,0.7740084068009737,0.6505593645353052,0.7401432326336351,0.0788486858,True,PRN024a
PRN024a-260-1,0.8022801669295425,0.869683029,0.790030085415052,0.8092406783573768,0.8159535565227294,0.8472634295750632,0.7950162680443635,0.7997827754333217,0.0798044222,True,PRN024a
PRN024a-263-1,0.30096205993453945,0.42800717799999993,0.35827072019939027,0.44525465040765383,0.418020768436271,0.40407536364956836,0.2883546909584339,0.3722738996665248,0.0815549163,True,PRN024a
PRN024a-267-2,0.31235808620789374,0.5327173711,0.4223427116835052,0.45379414194383877,0.41815696335584956,0.42849054141689374,0.29591427059222475,0.372618099310181,0.0837318632,True,PRN024a
PRN024a-271-1,0.47007646332121317,0.7419565264,0.6181759008064175,0.7184862470931728,0.7464492202779295,0.7622266988367526,0.42129645429684115,0.6626134133674317,0.0768592705,True,PRN024a
PRN024a-274-1,0.7539204004120607,0.8270536877,0.7888808565116849,0.8129583755966144,0.8165693167657873,0.819723362524067,0.7499818811054669,0.7979729179778741,0.0849648298,True,PRN024a
PRN024a-277-1,0.32709319306141454,0.4023566384,0.32909286483818617,0.3338225290380101,0.4313731043306319,0.016604948483438395,0.32060433030923136,0.3209936065760886,0.0799739001,False,PRN024a
PRN024a-277-2,0.7361570710747012,0.7900618474,0.7285913003763775,0.744869610356853,0.7797148476651868,0.7846219826448383,0.746482606988248,0.7705884830212901,0.0719827009,True,PRN024a
PRN024a-281-1,0.24618910165403016,0.5143156615,0.4449560386509515,0.5032760325461181,0.513768175463116,0.48200759504224666,0.2208150312323835,0.3103310210445925,0.0881462877,True,PRN024a
PRN024a-291-1,0.28195567170075203,0.6764215949,0.573301645756998,0.598649226564208,0.6241924253527309,0.6621580377036399,0.26280976511385323,0.4901045035180983,0.0712082535,True,PRN024a
PRN024a-296-3,0.4122145283568694,0.6684724087,0.5958467240829078,0.59787243841924,0.6160190868556271,0.6542580384887248,0.3482959007722978,0.58244908929263,0.0697721105,True,PRN024a
PRN024a-298-2,0.2392985956368585,0.3935594115,0.36288028656266413,0.36588630380769915,0.05639518120940154,0.27119333603501267,0.18634548420429514,0.2740760873861532,0.0782365677,False,PRN024a
PRN024a-300-1,0.23075353818697963,0.3005440772,0.03516378870091319,0.2600918049852997,0.04353775194320434,0.01152617290030171,0.1453341920424203,0.2313044735347677,0.0751412418,False,PRN024a
PRN024a-301-2,0.15230471931877565,0.2992723887,0.12742052497098275,0.11466061075772892,0.24438440007213863,0.23821423721441282,0.12330808864425563,0.15313285860438988,0.0735495393,False,PRN024a
PRN024a-304-1,0.4367142857843296,0.6878089976999999,0.569659466457334,0.6123051570990419,0.6179340020219836,0.6827980701947979,0.29736523235323187,0.5720466162107015,0.0701760315,True,PRN024a
PRN024a-305-2,0.5210002662404878,0.6330919648,0.6428752688749465,0.6540627674088725,0.6445397447311809,0.6685900286422409,0.49938276988829094,0.6207248221663092,0.0811304934,True,PRN024a
PRN024a-307-2,0.2379631968653424,0.4032927173,0.3293071291171901,0.3507276572405498,0.3637777039996907,0.38277353933406594,0.19968508665994136,0.281627580254677,0.0799714092,True,PRN024a
PRN024a-310-1,0.2534261871957573,0.5652710948,0.4338069608907094,0.4428168889709443,0.506100829818476,0.5398434320372396,0.20258079593819628,0.38024300745611916,0.0766814395,True,PRN024a
PRN024a-314-2,0.36916794371347245,0.49751760149999996,0.4504244103277771,0.47910921964331676,0.46802858315837437,0.48503240091364674,0.35518423152057144,0.44406695465604323,0.0729105083,True,PRN024a
PRN024a-314-3,0.33363501697458203,0.4840054706,0.4328409991213,0.4670481633117206,0.4768125698169422,0.4764772441692806,0.3043555823518174,0.3837506500030195,0.0761217458,True,PRN024a
PRN023a-233-1,0.317579376854133,0.3596933386,0.3645267249791312,0.3990351245609013,0.4099830048101058,0.045809048700385636,0.2883903189177287,0.36028117039679813,0.0783352056,False,PRN023a
PRN023a-233-3,0.599932104653791,0.735738401,0.6931743536616614,0.7025667665066868,0.7195179128289932,0.7231119234422518,0.5791977216017782,0.6023561292472303,0.0779356658,True,PRN023a
PRN023a-235-1,0.379482494635161,0.6388030441,0.5703197854073602,0.5711348821810048,0.5963786280774733,0.5956511440939009,0.3758070972545451,0.4661591584352662,0.0699082051,True,PRN023a
PRN023a-241-1,0.2903514138863617,0.3477320275,0.3778368788018486,0.4350522228105662,0.4399197980710339,0.09776106133092684,0.28901043012904276,0.34793374951521466,0.0768756258,False,PRN023a
PRN023a-241-2,0.22355317148333187,0.5092760396,0.28925169533199635,0.20520813328363063,0.2070747954393335,0.24967914159504628,0.24075600763444863,0.3459628303159777,0.0731516905,True,PRN023a
PRN023a-247-3,0.15268664570079035,0.3809715625999999,0.44066789830638237,0.5458279698276401,0.39181321984562334,0.3072059618812712,0.1711403760436538,0.40492098748784977,0.0721555699,True,PRN023a
PRN023a-247-4,0.23708098727685104,0.5732125804,0.474189895218105,0.4932658687747941,0.507099045171621,0.5563780980581112,0.18628471736971033,0.4585708432113774,0.0848439186,True,PRN023a
PRN023a-248-1,0.7576395058110259,0.8301562624000001,0.7800275748256219,0.7785729513974069,0.7878858762565716,0.799744439138855,0.7504998792004623,0.7551864872095145,0.0894354035,True,PRN023a
PRN023a-248-2,0.7534362851659779,0.8542129361,0.8032958626600497,0.8148796994215097,0.8526174796068663,0.8510573840648109,0.7267805253779411,0.8310567791459502,0.0723975596,True,PRN023a
PRN023a-249-1,0.43334286398935784,0.6577159665,0.6306193316762279,0.6360171487018497,0.6441347918643321,0.6556943803314894,0.4130217453395029,0.5206834570513702,0.0783557527,True,PRN023a
PRN023a-250-3,0.2165563105085956,0.660345379,0.6103109209343401,0.5057661739769778,0.5057522256308702,0.4750617251058992,0.21080330776377335,0.6429055678074825,0.0853318992,True,PRN023a
PRN023a-251-1,0.4445545528101584,0.7019649054000001,0.6214342586626918,0.7153381892302251,0.7110413638828058,0.6491352779766025,0.4176140820220608,0.6156843885723334,0.0808274703,True,PRN023a
PRN023a-254-1,0.5195736334702419,0.7707653831,0.6879878204477429,0.7408635628053141,0.74716554773521,0.7483034961354892,0.5635653607495769,0.6549313286833475,0.0752887952,True,PRN023a
PRN023a-256-1,0.5911926996934243,0.7694457527999999,0.7163136839988541,0.7280253848404185,0.7420084216587499,0.7615914917757599,0.5766683582788078,0.6715259471098758,0.0721939271,True,PRN023a
PRN023a-259-1,0.3447146631779946,0.5832995598,0.517642693518227,0.596051006973577,0.5742935573182757,0.5395635972637439,0.32605094365016457,0.4764050413300121,0.0822106662,True,PRN023a
PRN023a-259-3,0.2733145352541932,0.5822356413,0.4356597714807072,0.4479098406774965,0.5324874535326063,0.5679446385489889,0.2699400026533422,0.44981003261065955,0.0850584833,True,PRN023a
PRN023a-260-1,0.8092615557115307,0.8751916635999999,0.7976992100195511,0.81631541985691,0.8271050122514791,0.8630301924598375,0.7983671219000376,0.8104145121069443,0.0865848702,True,PRN023a
PRN023a-260-2,0.7592477232342343,0.8911912097,0.845327695720825,0.8602145104317611,0.8817409154667699,0.8929661032249748,0.7520942529641974,0.8516252761354769,0.0775396485,True,PRN023a
PRN023a-261-1,0.14272455890814087,0.4035336593,0.4930260124344267,0.559988435329268,0.44183658064856857,0.5206992740055859,0.14448406683735188,0.22316966414736106,0.0646065755,True,PRN023a
PRN023a-267-1,0.31933305009438395,0.5480793849,0.43158657183449306,0.47883118880763204,0.4624569503586576,0.4651520240366104,0.3016184672478689,0.39040712667838096,0.0740465061,True,PRN023a
PRN023a-267-2,0.559135780858691,0.6796755138,0.6345236680875611,0.635400245276732,0.6764926070284442,0.6453294579006689,0.5652397822583631,0.5817388132096343,0.0813228354,True,PRN023a
PRN023a-270-1,0.7452812544701763,0.8178155735000001,0.7908772565216645,0.7969956587510019,0.8048385031198378,0.8073754175991188,0.7409586349447782,0.7903612204982244,0.0943288755,True,PRN023a
PRN023a-275-2,0.2207280334202656,0.54833386,0.4689992204611589,0.5155521456953943,0.5187851447566836,0.5232954860706163,0.21718100610620913,0.460930804899166,0.0757140327,True,PRN023a
PRN023a-277-1,0.7312193705017602,0.8024670744,0.7517633111509056,0.781254211054563,0.7832199718767408,0.801981634033929,0.7372354938140405,0.7664356874498387,0.0763763809,True,PRN023a
PRN023a-279-1,0.19401390764922563,0.3624935293,0.3564760114091219,0.4164547375549905,0.4533747122728507,0.37761865721910953,0.16760708782152656,0.22922731324602183,0.090613246,True,PRN023a
PRN023a-282-2,0.11929807425066327,0.4578505776999999,0.373599453478075,0.4438024093065555,0.4663406799854814,0.34280725977830956,0.023497631231403266,0.23817625744274054,0.0763186256,False,PRN023a
PRN023a-291-2,0.3073409657104244,0.6753917604,0.5149813216982413,0.6018224957426582,0.610153119370929,0.6665710109432195,0.26272040270152974,0.47481544890337957,0.0738999566,True,PRN023a
PRN023a-295-1,0.37074384311349434,0.619327654,0.42731929098239424,0.5896788982549727,0.6312259834734307,0.6607181015857228,0.32041745731275373,0.4703645071419365,0.0782971137,True,PRN023a
PRN023a-301-1,0.41722937495162293,0.6833476511000001,0.5278248730776314,0.5877094093292097,0.6137057467936075,0.6714874151872265,0.36039266506110784,0.5717787750514276,0.0815384379,True,PRN023a
PRN023a-301-2,0.14473704855344358,0.2649066397,0.10813479696956832,0.09695611861084599,0.25009022862113567,0.06398346182475702,0.07213255294806718,0.13919549480071808,0.0721572348,False,PRN023a
PRN023a-303-1,0.28099274874080377,0.41032582910000004,0.27508675610251554,0.3370760203205559,0.3709827385074004,0.4380051728079208,0.2128622172843551,0.3161875599271769,0.0741093329,True,PRN023a
PRN023a-304-1,0.3872464843580515,0.46585485680000005,0.4719758790645036,0.4721668084515685,0.47238178948081616,0.47012013969310384,0.38095015088507406,0.4497479334469303,0.0795973601,True,PRN023a
PRN023a-306-2,0.29003542025443085,0.5300260748,0.41528419031428127,0.44675360693440264,0.4992756780917014,0.5092933236834782,0.25590787545294913,0.36413217643870205,0.0749604681,True,PRN023a
PRN023a-307-1,0.25092933700584585,0.40760102980000007,0.3272730627171004,0.3377243010315942,0.3820613688210899,0.4164421755155754,0.2169738012888394,0.2695396568176511,0.0796546715,True,PRN023a
PRN023a-310-2,0.24447358772655597,0.4157012568,0.31504476739576653,0.378200600075552,0.36498656110930755,0.4267978934804667,0.22402794087391373,0.3265752013508684,0.0735918557,True,PRN023a
PRN023a-312-1,0.32320524493164765,0.46762212599999997,0.42153483482424053,0.44494165387552714,0.448803389565838,0.45675600435090385,0.3108513847571562,0.35108905799671586,0.0665985848,True,PRN023a
PRN023a-312-3,0.39922809671111426,0.560696685,0.37333716485375706,0.491714026314076,0.5143478132107869,0.5305683527493676,0.34801728100119045,0.42167271350355034,0.0713445121,True,PRN023a
PRN023a-313-2,0.41151274196863097,0.6342757601,0.5147329967737858,0.5250655067490619,0.6045636404498379,0.6428210378336283,0.3534889634709321,0.46602248488317877,0.0787801518,True,PRN023a
PRN033a-493-1,0.2778302610717657,0.3724888564,0.3123764071339469,0.3465628181051141,0.3825936579398488,0.418044659061089,0.2981155689810781,0.3081042206490517,0.0731776089,True,PRN033a
PRN033a-495-1,0.35994858541593894,0.4845994264,0.490291721242354,0.4835406082132442,0.34041492887157226,0.045634980838604,0.3563395796708536,0.392451114453854,0.0721647481,False,PRN033a
PRN033a-499-3,0.4640180916583824,0.4555810602,0.42540804466947507,0.43349129435294925,0.47337662084236787,0.43306848772121886,0.46491971849065056,0.4626796018280251,0.080551165,True,PRN033a
PRN033a-503-2,0.21383893349604452,0.2440061571,0.28795212433606665,0.21103848096940145,0.2819558308084173,0.3143901909936043,0.20527217290586472,0.14218999260133816,0.0770804279,False,PRN033a
PRN033a-503-3,0.21322851944982227,0.3438153134,0.27196530065717506,0.35403289764415025,0.365060506564111,0.21375502958777554,0.18540402378808496,0.2663397485253314,0.0707225594,True,PRN033a
PRN033a-506-1,0.27450576584992803,0.4278280451,0.32585681002015043,0.22054705962007118,0.41796159557596735,0.10274448142237035,0.271493703009068,0.2786241973905592,0.0750469526,False,PRN033a
PRN033a-512-1,0.24269400324929932,0.2671199579,0.14324892684948543,0.21861544031940602,0.21748657574835684,0.016359395772444982,0.21520963393782644,0.1989880812048615,0.0759592131,False,PRN033a
PRN033a-515-2,0.29903584844595765,0.3374797004,0.3262535957821423,0.014527205097032658,-0.008397655044828575,0.09263596603809196,0.3075548256155453,0.3487156656386168,0.0782880449,False,PRN033a
PRN033a-515-3,0.2733845830379523,0.3586445593,0.3131909429778769,0.3153041877732135,0.13692320874923233,0.12293101261948083,0.28354421025886495,0.29580982964427865,0.0795122286,False,PRN033a
PRN033a-516-1,0.47453409502027577,0.5626088396,0.5314120236518481,0.5463088434335363,0.5314803234706792,0.5598418760128472,0.43662825966166113,0.4842850115952089,0.0764623535,True,PRN033a
PRN033a-525-1,0.11211274787412624,0.3403454444,0.3402258892509762,0.2960719820695808,0.26653881776647964,0.15098537215585695,0.10761196401119581,0.2298911327751398,0.0712743506,False,PRN033a
PRN033a-527-1,0.36347890920055,0.4774037635000001,0.4601747813581598,0.46589209778609714,0.45969299312928436,0.4693068881029446,0.3329889945239952,0.389610017166016,0.0715886294,True,PRN033a
PRN033a-529-1,0.2218068831139254,0.2843508532,0.24558469832944424,0.24391410878483366,0.0857371885468388,0.1509485166483301,0.26478728680084446,0.3012608800290266,0.0827349401,False,PRN033a
PRN033a-530-1,0.4321727270559758,0.4892005331,0.47749179347005877,0.45498288025123657,0.3406077202413478,0.17013020912709872,0.42718250569807015,0.42289388694554375,0.0828112616,True,PRN033a
PRN033a-530-2,0.3957032902302423,0.4864517184,0.47577475485338283,0.45448161830190464,0.28121296570401455,0.4672614554530302,0.3919043115676955,0.42053206464980963,0.0805250644,True,PRN033a
PRN033a-531-1,0.22431002725817978,0.2756094258,0.2647532561876317,0.16563273235275927,0.07784071135757223,0.15000718205345184,0.2572477387379089,0.27379720432147114,0.0780457073,False,PRN033a
PRN033a-534-1,0.5134403416581773,0.546480686,0.5038629224523196,0.5015075578169179,0.5779542848166186,0.12068040969506386,0.5324865754741138,0.5353470698506548,0.0758595513,False,PRN033a
PRN033a-537-1,0.20619608216445537,0.293678425,0.28145468961097825,0.27651727032938717,0.2648049541937986,0.0900242804782858,0.1874437768147841,0.2373668471743631,0.0741003545,False,PRN033a
PRN033a-539-1,0.18491356535427278,0.1693221578,0.13863776970686273,0.17064296624219408,0.02626635002573494,0.15424923329655374,0.1441104766750377,0.1658193120426719,0.0708802517,False,PRN033a
PRN033a-539-2,0.2780995219215422,0.3635189388,0.2969336325057369,0.28994058599055417,0.11125352443907062,0.24308211308810312,0.23282075453664858,0.28431149516528864,0.0806892834,False,PRN033a
PRN033a-542-1,0.3072426448572685,0.3502518264,0.33718749447305774,0.35959755683654093,0.29987179590919283,0.07948537851900514,0.33008243037330065,0.3431644687059189,0.0770165409,False,PRN033a
PRN033a-547-1,0.5420351096933732,0.6560714826,0.5782331535954462,0.630602480978401,0.6589242571590653,0.6481794477379642,0.5589756071638448,0.5847255710578629,0.0890303396,True,PRN033a
PRN033a-548-1,0.4605331798125634,0.5356681731,0.5586412719718722,0.5529853538860138,0.507065568108525,0.5482676099008924,0.4280845198071746,0.5077959878042765,0.0727871683,True,PRN033a
PRN033a-554-1,0.3573905904921228,0.4875220498,0.45246468492133224,0.47976613761444425,0.4936340168825742,0.47129698371379003,0.37290520225047485,0.42918576323203567,0.0779714007,True,PRN033a
PRN033a-555-2,0.36591298877118306,0.3771803467,0.3374592700860642,0.3100285015117056,0.3653555766040432,0.35554935697004914,0.3190923997346814,0.29219292960615967,0.0747656779,True,PRN033a
PRN033a-557-1,0.21672927540418516,0.4114062084,0.20558982481189217,0.3965942090481181,0.4213388023998188,0.107163096331077,0.24611455424203033,0.32763172470882407,0.0731220584,False,PRN033a
PRN033a-558-2,0.3501606975133999,0.4784965772,0.3868451520412504,0.4700385525020022,0.48030741242031966,0.4902221156273178,0.27042220226538927,0.3657508391483222,0.0742733101,True,PRN033a
PRN033a-559-1,0.38104272414652884,0.5600987039,0.4953145549731825,0.5200394518297516,0.5286502717525263,0.5399958491593192,0.3784454800587249,0.47469834533822297,0.0788891726,True,PRN033a
PRN033a-566-1,0.4418247989884412,0.5999460409,0.5618908625573464,0.5901177423556715,0.5963748420438243,0.5335104218599196,0.4320557813634247,0.5523215213816745,0.0753744115,True,PRN033a
PRN033a-567-1,0.3575077373658839,0.45517396649999997,0.4074767623587498,0.42990072634092363,0.44612885681773484,0.4203316161198383,0.24095456752289687,0.4077831292310893,0.0682102785,True,PRN033a
PRN033a-569-1,0.49276046267035095,0.6312589414,0.6052526702270177,0.6151773509827947,0.6206453358559394,0.610811754030754,0.49447666477577,0.5419308486403226,0.0722976071,True,PRN033a
PRN033a-570-1,0.22494440672807817,0.44012080749999993,0.3622345824978527,0.4080587631182658,0.41616472498970236,0.3778997665688221,0.17873011603475414,0.34638365660209547,0.0732742358,False,PRN033a
PRN033a-575-4,0.2131773232436668,0.3713636485,0.24842921774551127,0.36067131019691046,0.35871168450752394,0.3672304747906819,0.19779215544195777,0.27663334206096546,0.0739012634,True,PRN033a
PRN033a-575-5,0.24146273867523177,0.4260750649,0.3533612314137111,0.40296999028538955,0.4481022123773159,0.4752647913776289,0.22934375385194525,0.42688607885477947,0.0778559809,True,PRN033a
PRN033a-578-2,0.26884439356637047,0.437218647,0.4037753317375775,0.42689176767792075,0.4135537810251425,0.4495056344155284,0.27831584017215527,0.3344536687755172,0.0702077278,True,PRN033a
PRN033a-580-1,0.3403400804701749,0.5806603214,0.4368071242766525,0.44893041963019964,0.4944620169676431,0.4732008722601361,0.31788509963569894,0.3860122721423033,0.069674764,True,PRN033a
PRN033a-580-2,0.40936715018203346,0.4611292744,0.3623101366185615,0.4570965661698978,0.46069333463028256,0.049890035937657284,0.3911546838660569,0.4168070491955443,0.0765139527,False,PRN033a
PRN033a-582-1,0.2437788212573405,0.4168630735,0.32368319619194025,0.40612483325181087,0.40188369562028503,0.3744541812528545,0.21576893295842947,0.31052588669274694,0.0694301518,True,PRN033a
PRN033a-584-1,0.25432675591838266,0.370870061,0.2751681234561129,0.3116684591585734,0.3250654678198597,0.112780018747364,0.24105838204142946,0.27852572865885666,0.0760188145,False,PRN033a
PRN033a-586-1,0.1813004427780171,0.298366868,0.22617519473658662,0.26743983976609526,0.31458712233796343,0.25397200486124855,0.16748485221243817,0.18760373069085357,0.0731580293,False,PRN033a
PRN033a-591-2,0.149246252667996,0.2507482344,0.2894491483923609,0.28846619478902313,0.02654830494553909,0.07035613246751642,0.17675272406886794,0.2385222494611471,0.0818924336,False,PRN033a
PRN033a-594-2,0.2894183684290205,0.46937650830000005,0.4929900417870726,0.4691775351955157,0.4781916073958763,0.3277223180915462,0.2921061779007141,0.38458632428698647,0.0790071602,True,PRN033a
PRN033a-594-3,0.23478155951697555,0.39368433020000004,0.2864087624308188,0.3647934964827083,0.3720374687819491,0.3741416375713321,0.23260385408619427,0.27819382786972374,0.0759472319,True,PRN033a
PRN033a-599-1,0.21890924156342206,0.2729169814,0.2604442324844837,0.25912423130567447,0.2976155992774009,0.16889694859359256,0.20668393719957823,0.21485456520667132,0.0818854254,True,PRN033a
PRN033a-606-1,0.2779255632962097,0.5729883481,0.5698688437140333,0.5795986971959299,0.599455810024553,0.5405136732804856,0.2765673810549414,0.5288422976393852,0.0806268689,True,PRN033a
PRN027b-279-1,0.7119913540395783,0.8555960855,0.7566046210943941,0.8105283528005749,0.8304275629398105,0.841999176145227,0.6731314162621874,0.7882647982750731,0.0787137709,True,PRN027b
PRN027b-282-1,0.1786096747213141,0.322577197,0.21993630678455287,0.2855165336640787,0.12607191772585893,0.07657627690752365,0.14771423517759924,0.23497044637542006,0.0809911378,False,PRN027b
PRN027b-299-1,0.565277746027482,0.7613692716,0.7280279934196977,0.7469336414055774,0.7584668532154758,0.7555592908093874,0.5543408417514974,0.625780287672426,0.0775988928,True,PRN027b
PRN027b-303-1,0.31203052341790527,0.5461189235,0.47128876815777976,0.4784527364538722,0.20157376036738084,0.10455964489464288,0.2846048459596523,0.3776682200825497,0.0756741811,True,PRN027b
PRN027b-307-1,0.41120241699247667,0.499213162,0.42580498070907674,0.5407432540875624,0.4046203101797597,0.38676108577283647,0.24001538504238973,0.5344587464617911,0.0814941869,True,PRN027b
PRN027b-310-1,0.5266019002078777,0.785875952,0.7040408567203671,0.7489211314989573,0.7581344381540038,0.7743055045201208,0.5267825254574856,0.7319650776665876,0.0741856919,True,PRN027b
PRN027b-310-2,0.6750481670787792,0.7642726683,0.7157482877479046,0.7270637944620406,0.6523211957364856,0.6108173272410918,0.49955363910886047,0.6691089058584724,0.0916142474,True,PRN027b
PRN027b-311-1,0.2337648975165067,0.2900793266,0.09305120088052106,0.09731950933361992,0.208737426616394,0.10657894492846491,0.2127169297007705,0.2776562289701123,0.0865544704,False,PRN027b
PRN027b-311-2,0.3317032795517084,0.45667544019999995,0.37605056306865337,0.3907112267437129,0.44666386495422855,0.36223582355876416,0.345841535218053,0.3982045474452549,0.0772066301,True,PRN027b
PRN027b-314-1,0.6364155047117699,0.8223619604,0.7546431962117435,0.7753848773648844,0.8043190547272876,0.8039196265303631,0.6479567823556807,0.775011323213739,0.0748361737,True,PRN027b
PRN027b-314-2,0.6408969270676859,0.7300970212,0.6545218461552514,0.6856008703032196,0.6873661217784555,0.6723464064819671,0.5135619985079433,0.6007548367128558,0.0902550489,True,PRN027b
PRN027b-314-3,0.7205166775930998,0.8233494216999999,0.7638339774767838,0.815073922436243,0.8118918614180385,0.8235594655555155,0.7123452156526637,0.7899224024014241,0.0790190428,True,PRN027b
PRN027b-315-1,0.19534359018416386,0.5681472887,0.3874491882215535,0.43699577746374185,0.4609645578381037,0.41231774454763576,0.17239549866169387,0.5015311616065673,0.0749612564,True,PRN027b
PRN027b-318-1,0.3699436281069001,0.5596013903,0.5010987653270298,0.5205808423329235,0.5274146571012386,0.5480144344763321,0.32237457116786383,0.41358493282440306,0.0743555944,True,PRN027b
PRN027b-318-2,0.20728579142765174,0.6167169472,0.5060896230557587,0.5866945576600762,0.6002328458427705,0.4152928196423145,0.1783877237798947,0.2686570577508758,0.0894043824,True,PRN027b
PRN027b-318-3,0.29290492869727397,0.48459915350000005,0.4190069000409153,0.5175959588882109,0.5816803770749438,0.4634896200622333,0.20858389112703746,0.313708814776275,0.0689961517,True,PRN027b
PRN027b-322-1,0.5802428886565333,0.7687849538,0.7177998931517366,0.7387151359306363,0.7447395171293414,0.7569221035484379,0.5828379492555387,0.6537699751259743,0.0842051474,True,PRN027b
PRN027b-322-2,0.7459388237721647,0.8890560306000002,0.8368671510049096,0.8711847608288131,0.8858545969340932,0.8790616355714438,0.7406094900482055,0.8593768194294757,0.0870068845,True,PRN027b
PRN027b-324-1,0.5743297100625415,0.7184031753,0.6573905810583905,0.697523088185157,0.7070715146113336,0.6969746718086445,0.5611686190304742,0.6295712748531659,0.0825788375,True,PRN027b
PRN027b-326-1,0.8044458419961763,0.8671271953000002,0.8182562070569303,0.8177085151748776,0.8392715618914989,0.848929666952392,0.7997859395809788,0.8286927404870666,0.0777490225,True,PRN027b
PRN027b-327-1,0.3152834986790099,0.5436536142,0.5063688558395162,0.5613768017418631,0.555475068857359,0.4357133359497716,0.3056320728828828,0.3955960579953204,0.0799940228,True,PRN027b
PRN027b-327-2,0.33035058325368527,0.44460032830000007,0.36581325141660936,0.37707074980941657,0.4104896846162683,0.2889907677142123,0.29715870085336726,0.3269675650518009,0.0782219342,True,PRN027b
PRN027b-327-3,0.32325407807736045,0.5451361196,0.4675112957399785,0.5081817466578229,0.31002861149928856,0.3386348388959954,0.2923928264722091,0.4582798689902425,0.0897906696,True,PRN027b
PRN027b-327-4,0.2082069744708727,0.5486436097,0.4375423557892201,0.4764919621363943,0.4438018795232302,0.3766594839217339,0.15579327432698123,0.2566355689920766,0.0816988833,True,PRN027b
PRN027b-333-1,0.32690658961301083,0.6228843118,0.5516729179210154,0.589782414254562,0.5559744620360841,0.5216769382435619,0.30009451575360674,0.5600504343582823,0.0764520124,True,PRN027b
PRN027b-335-1,0.2603714859380637,0.43783486,0.3802909809149313,0.34897283345272756,0.316947463877051,0.3463156889125416,0.24279975466999004,0.321486083456096,0.0803291425,True,PRN027b
PRN027b-336-1,0.6333179665195531,0.689065722,0.6372441966800585,0.6575809720511692,0.696097298199189,0.7110686945663051,0.6370590187770038,0.6746328538711147,0.0781786742,True,PRN027b
PRN027b-336-2,0.3149464357607259,0.5774953919,0.4387552176961476,0.4924944490881737,0.4848710319897254,0.40646717660353593,0.2658546921727282,0.5100735050881426,0.0969210325,True,PRN027b
PRN027b-338-1,0.7460414996556407,0.8268600357,0.7427564268450191,0.8135568873981001,0.8173508977502482,0.8238432416341664,0.7407753430983307,0.8001704078459227,0.0849949901,True,PRN027b
PRN027b-338-2,0.35088915167373674,0.5333822146,0.5493338016497725,0.5866995794862787,0.6078130913776707,0.6041840356936379,0.34302573662487984,0.4436993379324031,0.0835637729,True,PRN027b
PRN027b-344-1,0.09586113602144475,0.1896108681,0.19139007312055156,0.005495298724935491,0.015152993579912578,0.01800528550244963,0.09111357541318611,0.1574563401936073,0.0779689078,False,PRN027b
PRN027b-344-2,0.6279120358130436,0.6748913558,0.6738426549024951,0.6758868304110411,0.6864527165230967,0.6790671929987042,0.6150703850464412,0.6705095550742357,0.0806008344,True,PRN027b
PRN027b-345-1,0.2511943448124753,0.3697280838,0.2780697221353473,0.2568410134834378,0.2573837950342635,0.04902680640069833,0.24503106137263872,0.24123995004654739,0.0780672379,False,PRN027b
PRN027b-346-1,0.27438411222006764,0.518727478,0.44845123663921993,0.5396448934691132,0.5340974961236923,0.5042102764744647,0.23067495565633342,0.3738510803633718,0.0830202336,True,PRN027b
PRN027b-349-1,0.19259042879195917,0.4779758852,0.30189672322021716,0.3716605457245672,0.3874669633081027,0.24092047129615785,0.18624427112273087,0.2531118440046473,0.084790063,True,PRN027b
PRN027b-355-1,0.6250353493237039,0.7455291339,0.6665954122204756,0.6952615951880792,0.748382129147693,0.7274119256958727,0.6045357727813875,0.7636163118036959,0.080349526,True,PRN027b
PRN027b-358-1,0.40162821280700944,0.6611509952000001,0.5395358933609,0.5967806088057703,0.6124833027184288,0.6722646218901023,0.36099653836646517,0.6099879672772083,0.0759998885,True,PRN027b
PRN027b-359-1,0.33340040990899866,0.6954738806,0.5829853680339063,0.6185810545609836,0.6547536037509661,0.6853087829470448,0.2971378878770886,0.6198918569037536,0.0697719673,True,PRN027b
PRN027b-359-2,0.4466685095883559,0.5855253357000001,0.51637686644173,0.5481184155099884,0.5721258382810526,0.5919016624009066,0.4095400500553692,0.4521603013021851,0.0713563275,True,PRN027b
PRN027b-360-1,0.2758788468472286,0.6158012915,0.47646797736928426,0.5321223001519793,0.5755857072838911,0.6111619845172099,0.25091317264692264,0.47808895034087473,0.0723580342,True,PRN027b
PRN027b-360-2,0.6974912721669826,0.7893157915,0.7176541883334111,0.7570060977717002,0.7693977305841739,0.764770397014026,0.682164452989714,0.6767896047791613,0.0752672781,True,PRN027b
PRN027b-360-3,0.27135537542309973,0.4420555804,0.40420815710653574,0.43978169095303116,0.5143923513428101,0.36108108784590026,0.24662635049280504,0.3289816622184291,0.0732491322,True,PRN027b
PRN027b-362-1,0.4248752835591718,0.45173658369999997,0.46310547778699,0.46964732910037704,0.46504422369997706,0.3807227801970396,0.4023288796300808,0.44587535683753465,0.07156884,True,PRN027b
PRN027b-363-1,0.17565625345276545,0.4449721034,0.1771537564801703,0.45854846563132334,0.5650364628674612,0.4506121011482753,0.14145029384912297,0.22515330203237624,0.0822369128,True,PRN027b
PRN027b-363-2,0.12238194480908406,0.2341401996,0.24916155942338647,0.05989676656109074,-0.002116610455230612,0.0757573356098455,0.12811820117676287,0.18703352058599815,0.0900353488,False,PRN027b
PRN027b-364-1,0.19369896311324114,0.2593434328,0.029576652154244414,0.06149556892395603,0.25076690901136434,0.2840144169120246,0.1465633638815387,0.24014666517148767,0.0797439703,False,PRN027b
PRN027b-365-1,0.25954882971232773,0.38645877,0.34448990918949207,0.3534640724709909,0.40724388227579844,0.42246923106296047,0.23598500810923478,0.27694438641605873,0.0762998152,True,PRN027b
PRN027b-366-1,0.18454411305251553,0.3430317052,0.2914270176403932,0.22078434850421044,0.1411043829672644,-0.005908239819566515,0.15733870132007582,0.23655362283411685,0.0764223049,False,PRN027b
PRN027b-367-1,0.3626118112033832,0.63072366,0.5679101511944833,0.5994734194882395,0.6110695747114429,0.6337095913004465,0.30022911942168057,0.5705415724241609,0.0781438885,True,PRN027b
PRN027b-367-2,0.5631928826060273,0.72041778,0.6786972824420526,0.6951906017761449,0.7073129978892644,0.7303585062448843,0.5048637971618596,0.6226428137712577,0.0750993097,True,PRN027b
PRN027b-369-1,0.28214028483433384,0.4070203315,0.17021988587487613,0.30277633290828637,0.36948415243337435,0.3636729047882774,0.1846743734142043,0.22155626505145057,0.0801751824,False,PRN027b
PRN027b-369-2,0.33355202273503953,0.6858438855,0.5773948650811578,0.5803589350808344,0.6251742822386248,0.6870132551425934,0.2628923221614535,0.5790420873147729,0.0792102865,True,PRN027b
PRN027b-369-3,0.11207187286411631,0.2615762706,0.10566127674239245,0.24453184863454766,0.09764157216546415,0.018813853251241835,0.04730932259397773,0.11843952613400162,0.0726016283,False,PRN027b
PRN027b-371-1,0.21006734924214235,0.3234892285,0.19852819367761934,0.24940978986945672,0.27539104392186137,0.28079955468682644,0.1585511644118965,0.24856491506186962,0.072162349,True,PRN027b
PRN027b-371-2,0.23752102802909592,0.330172294,0.2586665208794746,0.27204272672793367,0.31594907855872195,0.30000856140472204,0.21509950811547493,0.2695924901566826,0.0696491056,True,PRN027b
PRN027b-372-1,0.3992203637533848,0.5394589303,0.5016427485897297,0.533306455348919,0.5564050786255943,0.5406444824804852,0.37478657487222783,0.4696565940309702,0.0788750061,True,PRN027b
PRN027b-375-1,0.20105795059798312,0.3409826364,0.28307071852890203,0.2838276100328725,0.3009406861896446,0.2884751817619288,0.17082808565977006,0.19160257951358337,0.068285178,True,PRN027b
PRN027b-375-2,0.2004189369127764,0.3314918419,0.2755663148528261,0.31791046132903117,0.3003294420939353,0.3195482643076274,0.18694826167684128,0.2418342515116082,0.0706897108,True,PRN027b
PRN027b-376-1,0.27567316184603097,0.5515024895,0.4632093626631531,0.46980055746082827,0.46837362118086256,0.5191142669991392,0.23935240190401097,0.36416442725455644,0.0700718613,True,PRN027b
PRN027b-377-1,0.564151063216945,0.7093753986000001,0.6320991694460297,0.6555030012274475,0.6607458886469909,0.5685751412137967,0.5388076747201335,0.6588847171223491,0.1069072655,True,PRN027b
PRN027b-378-1,0.2338243277195691,0.3411899904,0.2872706778139757,0.3157742477870669,0.31593453928340554,0.31612911949236067,0.26732904311942896,0.2386833150059821,0.0713477189,True,PRN027b
PRN027b-378-2,0.3826328578272916,0.4543733359,0.32755167461417584,0.31599396230360033,0.37527554155354537,0.4011308955728434,0.32879652466608683,0.3640750260955472,0.0746393363,True,PRN027b
PRN027b-379-1,0.22818340176296778,0.3414469708,0.26272425662012017,0.33446372007365655,0.3480051859644491,0.35701300997485796,0.19885308436826837,0.270442738672101,0.0714356923,True,PRN027b
PRN027b-380-1,0.3520661264647696,0.5406429636,0.3481865924050232,0.4617029857899849,0.4935544957091762,0.5150097000591263,0.3043539474969817,0.42452107424030366,0.0826399976,True,PRN027b
PRN027b-381-1,0.31760968214963775,0.5434266318,0.4517848437268349,0.5050782899748318,0.5217458586466559,0.5278122507239411,0.3011351437682048,0.4263096008531383,0.0738644096,True,PRN027b
PRN027b-382-1,0.2275203946423954,0.4072679944,0.2835335290385792,0.33481765960122845,0.3899126517282796,0.38916389496846626,0.16836768236230762,0.3159057168070172,0.0715427803,True,PRN027b
PRN027b-382-2,0.3230227789359184,0.5813282996,0.5227366901331802,0.5345129202762278,0.48406689023190086,0.34254413915925064,0.28662704914710774,0.44312179359894005,0.0799463034,True,PRN027b
PRN027b-382-3,0.34525771453733267,0.4470231369,0.39825459644382394,0.4211664654239407,0.4539792457615384,0.42223839541737557,0.3260099291768644,0.40751822415156286,0.0733185291,True,PRN027b
PRN027b-383-1,0.5418492198083242,0.7537695157999998,0.6100055180342863,0.6936699960808438,0.7198346906553158,0.7390223128728729,0.46178697055212503,0.5923663090315441,0.0782864598,True,PRN027b
PRN027b-384-1,0.47337058136465227,0.5879416077,0.5678086422420985,0.5511260729626805,0.5789004022792376,0.5829978414830167,0.43304280719541327,0.4848472514594433,0.0779975357,True,PRN027b
PRN026a-275-2,0.6843404018736483,0.7133516073000001,0.7111812050469215,0.7258535511573172,0.7298308782640464,0.7493565730137516,0.6837400261411791,0.7207616219812631,0.0819880993,True,PRN026a
PRN026a-291-2,0.6827933581581542,0.7646486016,0.7212057192078605,0.7338045957729495,0.7563284681399586,0.7696232676318062,0.682373095280047,0.7312230361556191,0.0767565999,True,PRN026a
PRN026a-291-3,0.31574865298701765,0.7036489904,0.5784843783593415,0.6314663166736226,0.6522641454039061,0.681278928212849,0.28094192408180557,0.622385513626769,0.0736466106,True,PRN026a
PRN026a-297-2,0.13721558498832764,0.0877715899,0.09405155080353572,0.1847273446909416,0.020418448411954337,-0.0012273832783123682,0.09636326530250484,0.14442178254646745,0.0746579015,False,PRN026a
PRN026a-300-1,0.26691179294679873,0.4476415816,0.38860783101773544,0.4361087732150331,0.42757496125761363,0.42870657955077757,0.25955476423901136,0.3032897313924891,0.0767693775,True,PRN026a
PRN026a-301-2,0.2149517206792718,0.2988704439,0.13142499530730314,0.2759715525555672,0.2412668767417184,0.3667161916153073,0.13459056015310913,0.14730830031481482,0.0715026183,True,PRN026a
PRN026a-301-3,0.3279771046072016,0.6881200312000001,0.5490685213663772,0.599876191100046,0.6086427039579814,0.653379865295979,0.27481918721885,0.5733206820010598,0.0775278687,True,PRN026a
PRN026a-302-1,0.2312587395140629,0.48442318270000007,0.4208493399271159,0.42505513969067443,0.4806458992444091,0.19945436465530111,0.24741675156589626,0.29801519540745885,0.0810883616,True,PRN026a
PRN026a-305-2,0.4186480557944974,0.5058686029,0.508796639326026,0.52522429382324,0.5293204310689946,0.512930187761457,0.40700467611156704,0.4904213346393035,0.0761898341,True,PRN026a
PRN026a-307-1,0.21930207223033268,0.4346248768,0.36881522439713943,0.3627563508696067,0.39098011236332886,0.4429257800638296,0.19326014031390426,0.25877267612879157,0.076131303,True,PRN026a
PRN026a-314-1,0.3022082779953571,0.434926116,0.3649970071138719,0.39714636776124723,0.416123839842098,0.42189111171251226,0.2683062714829433,0.3602651780452641,0.0744006382,True,PRN026a
PRN026a-314-2,0.3368892203618628,0.38213984379999993,0.39395903367102947,0.376942715612414,0.3890563740173317,0.35980024484259665,0.32530613238656836,0.3564042369869459,0.0748381154,True,PRN026a
PRN029b-274-1,0.6731274981146623,0.7672533798999999,0.7329181181971078,0.7410674903419889,0.7586343226574523,0.754002812149929,0.6324068290161166,0.7042934959160522,0.0772941818,True,PRN029b
PRN029b-296-1,0.18898331894563655,0.2191852261,0.25178356015044345,0.06459404166663792,0.028166065025573162,0.16339395498327983,0.17782115645321958,0.23892310426163044,0.0777848467,False,PRN029b
PRN029b-307-1,0.16338671008686328,0.43580085109999994,0.3875907697144748,0.21944379064729086,0.3875095276433866,0.2761009232880287,0.19227065203592977,0.33711881286629425,0.0902698328,True,PRN029b
PRN029b-310-1,0.7279188324849368,0.7710957343,0.7182701851883417,0.7550964949013793,0.7621444502666309,0.764286698751779,0.7147408481028109,0.7284601897689419,0.0777611753,True,PRN029b
PRN029b-310-2,0.7710680803915484,0.8552053195999999,0.8156134476887358,0.8252254710355547,0.8485348371944414,0.8471951794564332,0.7629000048739816,0.8171407924900254,0.0775592809,True,PRN029b
PRN029b-311-1,0.16690567823328858,0.34278866780000006,0.42035952823324935,0.28828175792578886,0.24379032169607703,0.25282614070714204,0.14608773370508996,0.24166797962270156,0.0776206501,True,PRN029b
PRN029b-317-1,0.764163643384779,0.8425340739999999,0.8074785275224733,0.8214712334505422,0.8283500300941449,0.8465498040478845,0.7447139040127976,0.8000066425478434,0.0790061779,True,PRN029b
PRN029b-318-1,0.75230970568941,0.8832671745,0.857713916810091,0.8674212871312247,0.8839221301205424,0.887345379885399,0.7474580913195014,0.8565600513117034,0.0762540856,True,PRN029b
PRN029b-319-1,0.6390428810950851,0.8323178209,0.7830576170189506,0.8011089916510599,0.8214539307691943,0.8268800234478545,0.6451670240381466,0.7826864668140877,0.0779708153,True,PRN029b
PRN029b-321-1,0.813430483864148,0.8811952454,0.8291745153195235,0.8473932581852639,0.8659040646377416,0.8699717293161288,0.8044919267757104,0.8515661865881651,0.0832067083,True,PRN029b
PRN029b-323-1,0.39183468475304906,0.5250312329,0.4896112332084853,0.4801747515492148,0.02158852696222748,0.1578894385313172,0.38522872001781316,0.5109216658324661,0.0832804388,False,PRN029b
PRN029b-323-2,0.2297360528617277,0.4141280116,0.33945001248870255,0.3712762822254544,0.4547727761622,0.429438173655681,0.20993356256127482,0.25701577938118064,0.0765478537,True,PRN029b
PRN029b-327-1,0.3854008057190842,0.5076409657,0.4133395552102974,0.35891309907676294,0.4462351899380908,0.3443325991730514,0.3845859428486465,0.51064933379298,0.0685861539,True,PRN029b
PRN029b-331-1,0.2817613881516731,0.33447454919999997,0.27794902810768457,0.1774138762707145,-0.0001616195857495966,0.05827984469348684,0.27889455041772565,0.2992995028125961,0.0879547302,False,PRN029b
PRN029b-332-1,0.2653608056243562,0.5928047383,0.33988255934736805,0.459729638299338,0.38027155626846937,0.40248416730444236,0.23898051904942247,0.3658086547764686,0.0929301102,True,PRN029b
PRN029b-332-2,0.5713350620694952,0.7367623041,0.6672876612450941,0.6963902590163146,0.7210134058534289,0.7100221338916638,0.5676300464958801,0.696575441269297,0.0878517611,True,PRN029b
PRN029b-332-3,0.34430691780945244,0.641792115,0.5718434550738137,0.598541145099983,0.6222889050011337,0.6229799110979554,0.34071918385840627,0.5994385585914231,0.0899083474,True,PRN029b
PRN029b-333-1,0.3317930673815368,0.597034574,0.5106578710632466,0.5451277424544171,0.5851552652552792,0.5588915916926969,0.29200148142556814,0.4286849334607388,0.0825567252,True,PRN029b
PRN029b-334-1,0.7564427635528229,0.8172997776,0.7368395042697292,0.8155989061713194,0.8187560547730774,0.8148470831936979,0.750622013365065,0.8000638517825761,0.094692293,True,PRN029b
PRN029b-341-1,0.18019107855324729,0.3280808793,0.3434466573798375,0.3391451616930774,0.400266247511976,0.06276952984576299,0.1355880896118226,0.20644090370483892,0.0745891324,False,PRN029b
PRN029b-342-1,0.18938632956239823,0.4564964262,0.39845554454541443,0.4782302165578101,0.5533897152575519,0.32828305526891266,0.1901779479876378,0.2731217662586106,0.0873340259,True,PRN029b
PRN029b-342-2,0.6305132061887635,0.7089791842,0.6223235090049796,0.67593569781998,0.6803807681851144,0.6818271547818933,0.43683118271025895,0.6785522771478062,0.0772617761,True,PRN029b
PRN029b-344-1,0.22038388288514357,0.3922835408,0.40705212665869833,0.3059644904553356,0.18397703423877096,0.11432648269158563,0.20786950325237358,0.34501258723881073,0.0768023216,True,PRN029b
PRN029b-344-2,0.19444878016900233,0.44177048010000003,0.4018905998464942,0.5024343482735679,0.35714510183336456,0.24687645526961402,0.19406513658727198,0.28316950670416813,0.0879387403,True,PRN029b
PRN029b-364-1,0.22322875770217665,0.3015458372,0.27189947288659544,0.27423750729800067,0.01766264715998591,0.26803711762533367,0.12363724008817076,0.15840519912850093,0.0725184148,False,PRN029b
PRN029b-366-1,0.1612709601761946,0.4267434881,0.43473285648368876,0.45361246086967727,0.5426515945450441,0.5353401252264832,0.1625023598111691,0.26486814819621224,0.081941958,True,PRN029b
PRN029b-368-1,0.4839138949643396,0.6317478246,0.6579963289697178,0.6485594069272744,0.6489716758801769,0.6568662472034269,0.47639781596457914,0.5951824817196526,0.0794905024,True,PRN029b
PRN029b-369-1,0.2843871975906369,0.6178426806,0.476139189173688,0.5366460661240648,0.5939656060740949,0.6294726193757849,0.2463666871195595,0.49035198729006135,0.0770966552,True,PRN029b
PRN029b-369-2,0.5582297742710441,0.6921766191,0.6969343583058545,0.6952522421645978,0.6853230044317427,0.4740401806048956,0.5413689454278153,0.6480135863479415,0.0800942732,True,PRN029b
PRN029b-377-1,0.49751324628898397,0.5687571164,0.5411727332613834,0.5623591339844807,0.5941667262593809,0.6085155841168117,0.4255187632964638,0.5060643874025226,0.0736964625,True,PRN029b
PRN029b-382-1,0.3739043992388791,0.5661087208,0.5540165192413856,0.5437466418444366,0.5493118886893822,0.5497983647614881,0.3623762871550895,0.497251791318517,0.0754925763,True,PRN029b
PRN042a-120-1,0.32343165903518567,0.40154885859999995,0.3941596855633752,0.42206862624080727,0.38885254566709765,0.3669804577845178,0.2922036465226206,0.38829737853552043,0.0740315574,True,PRN042a
PRN042a-121-1,0.3538984619427418,0.4242995513,0.4010720951560801,0.4355763188084897,0.4151232913555562,0.4133045835794151,0.3330646999523468,0.38498962365504913,0.0762641311,True,PRN042a
PRN042a-122-1,0.5531452794374445,0.6111682054,0.5833640151709341,0.5817452434453276,0.5797834526983379,0.6286421773407531,0.5272817321041116,0.5450931498327434,0.0749975301,True,PRN042a
PRN042a-125-1,0.6533602424463063,0.7155238594,0.6614089968263958,0.6910715961558281,0.6971840960662103,0.7020692538582721,0.5261363949615332,0.6414830467579404,0.0776599694,True,PRN042a
PRN042a-133-1,0.3424812621100525,0.5098320412,0.3954114293251806,0.44761842811812685,0.4307463281208741,0.3468366285194053,0.35806665686737954,0.35425877387002525,0.075146985,True,PRN042a
PRN042a-136-1,0.23593817660197436,0.4086049802,0.375117368156252,0.4242479412230683,0.4082209734319399,0.39291217041539844,0.22772917636711926,0.3279039399941904,0.0770794415,True,PRN042a
PRN042a-139-1,0.3223800575093837,0.4689801519,0.531514088041613,0.5754680494855487,0.6010942337928127,0.28124103229837644,0.3142640021192294,0.38114705304253227,0.082544241,True,PRN042a
PRN042a-146-1,0.620974847559759,0.6514328788,0.608748726103429,0.6051170756289845,0.6310568970331888,0.643346908367005,0.4799540692918977,0.5822370769952754,0.0757728399,True,PRN042a
PRN042a-151-1,0.5682958440206329,0.668823942,0.6494759794500723,0.652536096302904,0.673059292305028,0.63276908066733,0.5756797060956571,0.6468734728124709,0.0703720774,True,PRN042a
PRN042a-151-2,0.24907242552947126,0.3563387469,0.3807716048721558,0.12185220082836198,0.11812537018971081,0.06731989002224867,0.25443013977235646,0.26234053429254395,0.0827636113,False,PRN042a
PRN042a-156-1,0.15190343019684932,0.24121815190000004,0.18352395635465743,0.03291036786889902,-0.0059823837858859015,-0.004451373086981738,0.09447069737348858,0.20668409631670376,0.0801162051,False,PRN042a
PRN042a-159-1,0.4614762858443755,0.46051861689999996,0.4536787045878775,0.48004383761029,0.4982658798553471,0.4795634647632786,0.43943332303970384,0.461799099623825,0.0787974255,True,PRN042a
PRN042a-163-1,0.361668971262643,0.4615818011999999,0.4395580393361866,0.015340142733404396,0.059794817136970435,0.04254179934975534,0.3233484904797606,0.36128924835589904,0.0856132186,False,PRN042a
PRN042a-167-1,0.16987984738175957,0.2774521067,0.10956510554764019,0.008891294879739444,-0.009200648683484759,0.11603947519044469,0.17150288795710206,0.1710132977271117,0.083496722,False,PRN042a
PRN042a-171-1,0.12222263128805085,0.6040411704,0.46597922150803284,0.5607861361406759,0.5663633333043812,0.051814133236696376,0.10678716533144234,0.3689851385005727,0.080674183,False,PRN042a
PRN042a-171-2,0.13810900135107604,0.2728311263,0.2292442537210341,-0.012901278705034219,0.08634175536454543,0.054973180034445124,0.15581676025683408,0.1977915392102385,0.0794582291,False,PRN042a
PRN042a-174-1,0.6627787337238192,0.7548977907,0.7962404363860996,0.7856782237827896,0.7856697212454831,0.7470623232092349,0.6583417690067881,0.7206035544543277,0.0793436355,True,PRN042a
PRN042a-174-2,0.1552944237886096,0.1560277721,0.0679985445033513,0.10627196837676366,0.1256830149199118,0.17866906584412098,0.12314456664245574,0.08911545831024037,0.0692108714,False,PRN042a
PRN042a-176-1,0.17128311497506937,0.2114995433,0.14708811630005716,0.04963563519508362,0.13878698679147497,0.07488428804906692,0.20369013485049123,0.27503660850150996,0.0743673253,False,PRN042a
PRN042a-178-1,0.21923659868995427,0.3419369358,0.2935678924753245,0.34430352343191034,0.3295990867663672,0.1528827295956592,0.20076813024059634,0.3360114689129654,0.0824034545,False,PRN042a
PRN042a-183-1,0.5736094204656573,0.8048629248,0.49941448495177687,0.6990735154404792,0.7072518283948722,0.4927891425919233,0.5164811984667601,0.7390434827419328,0.0915856279,True,PRN042a
PRN042a-186-1,0.5788556013401696,0.5791174452,0.4946323108797646,0.5495188635556808,0.40966861021250445,0.3134856582600246,0.45370420610115425,0.5631022537702205,0.0955003559,True,PRN042a
PRN042a-191-1,0.39454774824440064,0.4618891173,0.38634948272387226,0.4284192509476832,0.48188323827576196,0.5076222801620466,0.38427665045990583,0.3876995841414221,0.0740098982,True,PRN042a
PRN042a-191-2,0.7219227512038137,0.8300631975,0.783831739133957,0.8098967007033548,0.006755954146555562,0.06481647366655856,0.7095283570273713,0.7797987242493902,0.0766983866,False,PRN042a
PRN042a-191-3,0.32600951322160016,0.5488485345,0.5125449148228397,0.48407950704660796,0.5296127171450697,0.4363160609068962,0.3029068298637884,0.4341115363541605,0.0742421114,True,PRN042a
PRN042a-235-1,0.32352134730873255,0.6160418957,0.3633488413605959,0.5479309239395298,0.5843617237058284,0.59888421696082,0.21123619920757533,0.5429872403558663,0.0786492752,True,PRN042a
PRN042a-251-1,0.5318853927109498,0.6247628434,0.5099483901671843,0.5749355233442648,0.6222644511551481,0.6220827542276197,0.5221295428393681,0.542271846688859,0.0760704154,True,PRN042a
PRN034a-495-2,0.11700249696845792,0.2546842397,0.12648333300422096,0.028373814434575997,0.1030564692313628,0.2382612443640336,0.03942926128541096,0.07426616253059937,0.0690643682,False,PRN034a
PRN034a-499-2,0.172837832776129,0.2582537744,0.08789040295667508,0.14295319231213252,0.2009056227085346,-0.01197410629549743,0.16443742104987158,0.20458646754059248,0.075370901,False,PRN034a
PRN034a-499-3,0.4952674170861852,0.4963860077,0.4270074186287384,0.5006748796851419,0.49901680085826683,0.4982669297586703,0.4788910078914359,0.47503370874269196,0.0754804148,True,PRN034a
PRN034a-503-1,0.3306966532675262,0.42431572599999995,0.39056045253015464,0.3950933569921984,0.4272657063955528,0.38002239575903,0.2829386441076845,0.3662884906746735,0.0769605195,True,PRN034a
PRN034a-505-1,0.31922717614604973,0.4772842582,0.4067174168695268,0.44946571360729565,0.46426541948073113,0.19669278889492325,0.31783692280178805,0.4015151504757775,0.0774592071,True,PRN034a
PRN034a-507-2,0.07558315317073376,0.32357813,0.033865145401970956,0.0415198121535586,0.3342897493974791,0.3588474641337509,0.05525589515099014,0.2446845900597693,0.0737995663,False,PRN034a
PRN034a-507-3,0.30579873829354287,0.3837207151,0.3490846645251285,0.3435750428642702,0.3471807213006347,0.2997765609629667,0.2855638453808035,0.3004209792550031,0.0704634668,True,PRN034a
PRN034a-514-1,0.32397843864075726,0.3617668113,0.28152449385320305,0.3628904032516995,0.35493385831038105,-0.002628494779767029,0.37896694770699113,0.26445414450211896,0.0767572329,False,PRN034a
PRN034a-515-2,0.46500504317927077,0.5476840677,0.5080847904113367,0.5051055302392267,0.5078380034141273,0.1688433730773869,0.46482456439732023,0.5238840092029917,0.0780804884,False,PRN034a
PRN034a-516-1,0.2197958700837727,0.303307432,0.2424210194352872,0.25745952914257747,0.2870327894872827,0.28331095127346834,0.17422033920057367,0.2003197846128693,0.0767940675,False,PRN034a
PRN034a-523-1,0.13357244738126395,0.3459184064,0.29784849242133626,0.3824621956385049,0.40202816868319163,0.2676349928255,0.1471315580511674,0.23975319665188122,0.0721285253,True,PRN034a
PRN034a-527-1,0.337557535648141,0.4217574897,0.3865582508099984,0.3840249671253467,0.4112173877664755,0.2618435763163258,0.22374862868946654,0.30611275267689486,0.0705449447,True,PRN034a
PRN034a-530-2,0.360348509304603,0.405140601,0.376322653299359,0.37689200518630767,0.3715586087272357,0.3649088112246468,0.3301574854283411,0.3466093059359891,0.0809641417,True,PRN034a
PRN034a-530-3,0.44876976336443686,0.5823211879,0.5197022297284203,0.5316430575232911,0.5868739200044706,0.5907700655014777,0.4383002056822153,0.5078047255465346,0.0841238024,True,PRN034a
PRN034a-531-1,0.2646087787810086,0.3321268554,0.22286076092228038,0.2767638450643792,0.3068968369494024,0.13020036733954798,0.24505480445316843,0.2918540953320309,0.0783680456,True,PRN034a
PRN034a-531-2,0.29673938002634503,0.3477455116,0.32618109811503415,0.34178902931962607,0.3030174482301225,0.3586316449773725,0.2671711589241325,0.35186584471416393,0.0806842314,True,PRN034a
PRN034a-537-1,0.17194720879954406,0.20268785440000003,0.17529345927219422,0.16884466354787067,0.15567114883836713,0.16570582117305618,0.15026673620982708,0.1282489168448676,0.0765626975,False,PRN034a
PRN034a-538-1,0.3923467446696443,0.46947865990000004,0.2865923301989088,0.4017909201843823,0.4524582361004225,0.46692602370457303,0.3843625795781536,0.41229748317564674,0.0724974838,True,PRN034a
PRN034a-543-1,0.2485508069852049,0.3097312353,0.21272251331303257,0.24175483280873228,0.19652421593321148,0.16537565919959474,0.17918239853306378,0.2171328203529681,0.0867803826,True,PRN034a
PRN034a-543-2,0.24977237697009136,0.3125069604,0.21623228842456346,0.22595269838437404,0.21002187695716756,0.026127298785013388,0.18190572326826862,0.22344183981715607,0.0802750801,False,PRN034a
PRN034a-548-1,0.4682261911258,0.6055642269,0.5353931352119297,0.5735525623289497,0.5973205659226719,0.5862117083520552,0.45516819567569716,0.5401312826020574,0.0767274299,True,PRN034a
PRN034a-551-1,0.5329639590322562,0.6340519403,0.572342887071506,0.6130898025547007,0.6245281766178608,0.6429216332991426,0.5423694282857654,0.5651073541850054,0.0768919983,True,PRN034a
PRN034a-554-1,0.3777933884907719,0.5178519535,0.4295548486843357,0.4764302542065586,0.5107203232565404,0.49002799582024403,0.34399912805743726,0.43093669227269066,0.0738828278,True,PRN034a
PRN034a-555-1,0.3107465117559587,0.3986540877,0.29267482443863146,0.2146904409004517,0.3689381313701639,0.4017337246108606,0.26604816674937226,0.31492446482742037,0.0707484006,True,PRN034a
PRN034a-557-1,0.3054757055043941,0.4343002699,0.249277030496127,0.3182837284629825,0.40350763676015194,0.4193465400802501,0.27771962978275483,0.36178918607236843,0.0749353206,True,PRN034a
PRN034a-558-2,0.3205563532102311,0.5167374604,0.4977254124148438,0.5208071656471598,0.5203644464794627,0.4285999598032772,0.31198562022613374,0.3901010430255087,0.0751166651,True,PRN034a
PRN034a-559-2,0.20556917807441102,0.4311292258,0.31012880545062627,0.31960781902860974,0.38817240508328976,0.4021776833297239,0.14739680442969894,0.19208539270062563,0.0728454471,True,PRN034a
PRN034a-565-1,0.31651847049648907,0.5008653388,0.43207888127991134,0.46542238390926804,0.4952787662817039,0.5108685230862239,0.17774035053212991,0.4491164227052149,0.0731774158,True,PRN034a
PRN034a-566-1,0.5137269146832009,0.6541274862,0.5934297346897718,0.6430863609853614,0.6395286472536634,0.6099068370027648,0.523449982473722,0.6048594789131668,0.0774568579,True,PRN034a
PRN034a-567-2,0.3316321212924151,0.5475007887,0.43324904660957164,0.49033131334114344,0.5499869327545921,0.5881686422327316,0.3184609798849632,0.4136886720345046,0.0761275343,True,PRN034a
PRN034a-569-1,0.477368912736792,0.6209553696,0.5681592447176935,0.594687095973172,0.6008435961303036,0.5938553199441731,0.45924983884056525,0.5181432599414714,0.0713452122,True,PRN034a
PRN034a-575-2,0.2179797533260644,0.4296501717,0.14377846632564412,0.36980747933153985,0.383700599785931,0.4062940422730186,0.21682153620120628,0.29351866711797664,0.0744837231,True,PRN034a
PRN034a-575-3,0.2889458277057613,0.44620378650000003,0.4261811753780556,0.4457118920671613,0.4530318574166613,0.49010029373858544,0.2616840823202042,0.3150436459175601,0.0767867067,True,PRN034a
PRN034a-576-2,0.02893482565722407,0.0191288448,-0.001411949913373111,0.016209662480629914,0.043706772210113674,-0.0034415422806092968,0.0008941630873253737,0.001236108795562556,0.0728122315,False,PRN034a
PRN034a-578-1,0.2363661454800344,0.49029573960000006,0.40944411661107016,0.4073761207491155,0.4704316813244725,0.46663790437879865,0.20494994974582262,0.29951470824606363,0.0810517468,True,PRN034a
PRN034a-581-1,0.21357821699505802,0.4385423174,0.377245606554661,0.3822124472208378,0.3871486800530127,0.43500712611419157,0.1581318451392902,0.2376151071970706,0.074579164,True,PRN034a
PRN034a-587-1,0.5218798426895612,0.6171676013,0.5565523897289061,0.5938877523371364,0.5959221868670164,0.6027832438368467,0.5105128617743911,0.5696336033721268,0.0761462653,True,PRN034a
PRN034a-590-1,0.3045377555723789,0.43757179589999995,0.37814621474843724,0.41648323120374875,0.41730835848911396,0.4236149585148757,0.2605736142656933,0.3129058408143088,0.0724595262,True,PRN034a
PRN034a-591-2,0.1897008169936184,0.3253927678,0.3100911123250033,0.1326544061181933,0.25311270339496866,0.05430116023859122,0.19558053575362716,0.29357925234743887,0.0771754468,False,PRN034a
PRN034a-599-1,0.17194062459665288,0.2513522916,0.23528132881803782,0.25606038765196437,0.2749744186661303,0.3277075542453751,0.15471372160516778,0.19961733631996398,0.0736368876,True,PRN034a
PRN034a-745-1,0.0009119413482502636,0.0598973853,0.0004998863632509168,-0.01120097750035162,0.03379203784708016,0.021357431619792745,0.004035814400127388,0.022420904112138536,0.0757118415,False,PRN034a
PRN055a-247-1,0.11582429079046154,0.3176683801,0.22501848073240222,0.33456516737539793,0.35755545817237844,0.3747700657063543,0.15078399864564648,0.2857389043930819,0.0733625804,False,PRN055a
PRN055a-251-1,0.39874857545462106,0.48602074170000004,0.4667892848402958,0.5013814928927424,0.5132381297132163,0.5122801535131084,0.4000953877436157,0.4285279103075189,0.0773592043,True,PRN055a
PRN055a-254-1,-0.02930868511797116,0.1281657193,0.005737012812312505,0.1780229082670863,0.13032205347251075,-0.0002075710984701641,-0.02273337819050041,-0.0034215910228823383,0.0743953634,False,PRN055a
PRN055a-256-1,0.20583894123163587,0.3740466484,0.27929902277201946,0.3788643029777829,0.367246522627001,0.3151958141194995,0.2060825026639182,0.340557109447087,0.0715378285,True,PRN055a
PRN055a-257-1,0.15146248874898818,0.2129531862,0.11390578057432359,0.22294691023249613,0.19639378903812524,0.2402190872107899,0.08708372242022855,0.1461509274296238,0.0784966504,False,PRN055a
PRN055a-258-1,0.18613526851931864,0.3531818244,0.15191762085082638,0.26380363325695666,0.26660769882059143,0.2996878968522648,0.18898412770521172,0.2646344275734813,0.0733834539,False,PRN055a
PRN055a-258-2,0.3268503603212791,0.347795388,0.28749303375085894,0.2699971737604162,0.31579964571130453,0.08456378960631766,0.3426755308844813,0.2872906678492053,0.075315694,False,PRN055a
PRN055a-259-1,0.2710098094591854,0.422901012,0.29284309073188336,0.3307263326520552,0.3833425206031728,0.38453808030718684,0.20155507017741162,0.2855923825188204,0.0704906858,False,PRN055a
PRN055a-262-1,0.39527697884852375,0.4233014549,0.42737655581765804,0.4475056163095255,0.4467522477431496,0.3354762442427399,0.4727197850803223,0.42786234268695056,0.0726541085,True,PRN055a
PRN055a-267-1,0.10017217702236891,0.251706787,0.10654658535920251,0.1543033978037421,0.27094275355546876,0.21049363792700906,0.05179744929456142,0.18900093363990808,0.0779290588,False,PRN055a
PRN055a-270-1,0.4156885893840661,0.5942522125,0.525176330351632,0.567996802222045,0.5925965699790139,0.6314575736736888,0.41128965909841964,0.5843466438923309,0.0732182168,True,PRN055a
PRN055a-274-1,0.42824952534065097,0.5005901184,0.4962459680603402,0.49088878857496593,0.49371905962049806,0.49088651831879015,0.41999668625171205,0.46490715084749656,0.0740168626,True,PRN055a
PRN055a-274-2,0.41946168731235867,0.4567477188,0.41808928238846627,0.41012697532098535,0.42135147323196337,0.4225589967573814,0.41049255489945874,0.3975570204621377,0.0674362734,True,PRN055a
PRN055a-275-1,0.35239949365052115,0.4990045773,0.4074152134676617,0.4347802512657798,0.45850335136460363,0.42232135055305015,0.32805292407952397,0.40201928638666534,0.0767734209,True,PRN055a
PRN055a-276-1,0.30366395082293896,0.4139527442,0.41996966459619045,0.4306689437559313,0.44086415466059437,0.41014394231387924,0.29783130533285784,0.3802746845662061,0.0747250849,True,PRN055a
PRN055a-279-1,0.42046953384252517,0.4753284478,0.3267572518457383,0.42867942792540187,0.4474292558702441,0.399751747312853,0.4058143342555461,0.39509696432095615,0.078347642,True,PRN055a
PRN055a-283-1,0.22017168638925572,0.5016874612,0.5010441614001734,0.5145522050414219,0.5450030566333568,0.541692556189016,0.21589544958865056,0.4204109518841204,0.0722693973,True,PRN055a
PRN055a-284-1,0.495836236133076,0.5875065327,0.5308015120699445,0.5622907813428479,0.590741969087444,0.5896751855229709,0.4869879243294454,0.528191055044699,0.0741693341,True,PRN055a
PRN055a-285-1,0.4661685228114759,0.5285566037,0.541589869790462,0.47722914692812585,0.31289476625219786,0.12729251133771094,0.47361528643997336,0.5406718677041612,0.0763434768,True,PRN055a
PRN055a-287-2,0.6088991083306375,0.6709444571,0.5212978585603885,0.6583548016209576,0.6725076638222898,0.6648348203591765,0.6058147425506898,0.6353665179821247,0.0717195597,True,PRN055a
PRN055a-289-1,0.3984214662982594,0.534182564,0.3531346580026888,0.39088450320404844,0.5104912034449319,0.5039880793475617,0.4017608992551438,0.4566924099194843,0.0797585702,True,PRN055a
PRN055a-290-1,0.11861248168473959,0.2647103668,0.18127590690848008,0.23128228091323885,0.23214782502679723,0.24465447567910859,0.09846537767390319,0.20289143576896468,0.0751709071,False,PRN055a
PRN055a-290-2,0.5867057364356723,0.6204455037,0.5959064054663133,0.6184401941070059,0.6323125262919537,0.6337673827520864,0.5709526055336371,0.6048296093439463,0.0726593568,True,PRN055a
PRN055a-292-1,0.2951483121484149,0.3932566351999999,0.3037563520015009,0.36447211208042524,0.38709292958201735,0.36055890440480387,0.28237535933124813,0.33200138416941294,0.0765574694,True,PRN055a
PRN055a-294-1,0.10643977787882439,0.3007436788,0.27399738743875507,0.2920999357192492,0.30473402502753577,0.29362770307187225,0.0932708750528565,0.2345951029634724,0.0725563384,False,PRN055a
PRN055a-295-1,0.16674931422867226,0.3963363875,0.38158248446526544,0.41253121930425146,0.41991459150159427,0.39436000655245307,0.1782107743046161,0.36855797810104596,0.0778227037,False,PRN055a
PRN055a-296-1,0.2935335071099988,0.40039258310000003,0.3983493131793689,0.43067886773667347,0.39320181275427885,0.3609315563036265,0.32409927386981807,0.3968127808448346,0.073696806,True,PRN055a
PRN055a-299-1,0.28279740427863725,0.3506087664,0.2596350381313871,0.3143360071406355,0.3435283220796423,0.31714296771152506,0.2770394922641179,0.29470872414600224,0.0761095143,True,PRN055a
PRN055a-299-2,0.1452558756281867,0.3067552347,0.25068308127882843,0.33130599317806114,0.35307495602283756,0.32042290989876354,0.172634791062431,0.29318984599676484,0.0768351236,False,PRN055a
PRN055a-303-1,0.3184701081714006,0.438593888,0.46471242509792315,0.4739839355620568,0.4884958588550937,0.42984066115228314,0.3022837869942499,0.4004970373604842,0.0768186159,True,PRN055a
PRN055a-313-1,0.15054581920070673,0.3788692065,0.26439397952289184,0.3232141045152923,0.36993838750748437,0.07782376815707934,0.14343821105882712,0.22670048806821394,0.0721808031,False,PRN055a
PRN055a-314-1,0.6200337426679444,0.6807560864,0.6752416980963251,0.6730405458549167,0.6934713540195132,0.2462570699658647,0.5846612351390246,0.6549523183945579,0.0803623667,False,PRN055a
PRN055a-317-1,0.29356893642064913,0.3865429654,0.3562160285363043,0.3625295202374114,0.08098497194407443,0.15908307091246415,0.2994579879873766,0.35346958815228136,0.0716527829,False,PRN055a
PRN055a-318-2,0.2407223129004506,0.4389898691,0.42973506320377924,0.417282950709974,0.4205444418762961,0.17835277134756072,0.24390701529178707,0.3472207287781434,0.0665614492,True,PRN055a
PRN055a-319-1,0.49077299868613766,0.6855135056,0.6157885499921955,0.6440063376234167,0.6694533285911859,0.6323336546028827,0.49064661402166443,0.6161855667636587,0.0762278356,True,PRN055a
PRN055a-322-2,0.5259983422432072,0.5586826678,0.5532122231382872,0.5798622760711245,0.5731189474067968,0.5083648911367598,0.5195403194192847,0.5609567628739967,0.0759419957,True,PRN055a
PRN055a-329-1,0.6913134584838627,0.7585507642,0.742854990934317,0.7578959972871913,0.7500631070381929,0.278178794914415,0.6819200898666972,0.7483409228526602,0.0746728139,True,PRN055a
PRN055a-330-1,0.49011007962528297,0.5429863441,0.5019260213908792,0.5341789278265227,0.5442856038421889,0.5603814264102542,0.4648192907423608,0.5075626236025045,0.0733923538,True,PRN055a
PRN055a-337-1,0.2934821699070493,0.4362143454,0.32823209869544506,0.3644426407486639,0.4350382440938073,0.32212118903114917,0.25895350075381357,0.36667663935156414,0.0727430775,True,PRN055a
PRN055a-343-1,0.14070009320159257,0.4123728946,0.3632610165273802,0.3976525940660363,0.07248330879882871,0.1338662435825711,0.16836048318848498,0.3394720404804344,0.0689471842,False,PRN055a
PRN055a-343-2,0.34169348502758995,0.3997062213,0.3089225068310186,0.44534356772626776,0.45172791522582256,0.059714427881128365,0.3427416848552996,0.42304340616149155,0.0764837807,False,PRN055a
PRN055a-347-1,0.8363188089983201,0.9040213077,0.9271618610588515,0.877891091739543,0.8540718932434926,0.7045463001824412,0.831739621298119,0.8900528310374713,0.0735743482,True,PRN055a
PRN055a-347-2,0.38131517406018134,0.4546317013,0.27898847535985505,0.3476651389158147,0.42225315317883216,0.42704592142074144,0.2769711035492203,0.40848375753517596,0.077887328,True,PRN055a
PRN055a-348-1,0.535173256464594,0.58092476,0.5105874354528576,0.5165010682052185,0.5472848180284724,0.53073832039282,0.5339079614354372,0.5472066930529511,0.0783514973,True,PRN055a
PRN055a-350-1,0.49171789699446433,0.5886285079,0.2531691553651393,0.49796879708719693,0.5630846264079741,0.6141225870837027,0.476572937713041,0.5418167924158674,0.0755928253,True,PRN055a
PRN055a-351-1,0.41326522650202024,0.5928532747,0.5413401078424331,0.5854970626072594,0.5068131157606797,0.18894819446992478,0.34716874767803635,0.48271124133118026,0.0719772697,False,PRN055a
PRN055a-354-1,0.5774372292015114,0.5509150249,0.5560563969889961,0.5625262691881578,0.5624329594703044,0.5685881146120424,0.5632167089526214,0.5610384974407278,0.0764163261,True,PRN055a
PRN055a-355-1,0.2321075109166079,0.5172598436,0.48625087127414174,0.5662501823166483,0.5604861079509225,0.50507753784732,0.25409764115671085,0.45550038603184223,0.0775143846,True,PRN055a
PRN055a-355-2,0.254019536055922,0.2674988723,0.2651219168950415,0.31769704494064155,0.05130292630412455,0.06082629892502444,0.26442848572676075,0.3184376004247938,0.0741361144,False,PRN055a
PRN055a-356-1,0.47223806445593264,0.6640615835000001,0.5445957903588581,0.6592742939415389,0.6669175602680953,0.622254043240006,0.4536491478236025,0.55974462953974,0.0782553672,True,PRN055a
PRN055a-356-2,0.2840335206871642,0.3038372374,0.3142773556989441,0.3260960129211161,0.31344243314826675,-0.0021837529416293554,0.2668453874952948,0.3034411716187935,0.0703297908,False,PRN055a
PRN055a-359-1,0.32062468547314615,0.43106627580000006,0.27551259015697177,0.3404942620648641,0.403611608835183,0.327923709966534,0.3124173540011192,0.3892077962614485,0.0728757011,True,PRN055a
PRN055a-362-1,0.32420197445915716,0.38259167499999996,0.2936273418957155,0.4085654048455573,0.3143212957793668,0.008218432966973785,0.30954617404168194,0.30915699200150953,0.0756086771,False,PRN055a
PRN055a-362-2,0.5829697184424394,0.6543102227000002,0.6385048030052758,0.6559647308097643,0.6547933606453259,0.6257478889040097,0.5749575052590462,0.6033129913101023,0.0746418091,True,PRN055a
PRN055a-363-1,0.13249627572328468,0.4636931856,0.3030105859503874,0.45957899688047454,0.07223940241989427,0.1498106238037222,0.1435220487764146,0.3093059709605114,0.0798629729,False,PRN055a
PRN055a-363-2,0.3812888750441381,0.4004824775,0.3692119358687207,0.4021105028720327,0.3956029723730422,0.3288793093479705,0.3591306167974645,0.38533675241958426,0.0677056327,True,PRN055a
PRN055a-363-3,0.30895234696168616,0.3530567156,0.24914025102370826,0.3652553708241256,0.4086261057811612,0.3762423385332233,0.27123086042010264,0.34055790146397724,0.0706183911,True,PRN055a
PRN055a-368-1,0.7471075948223216,0.882952524,0.8806750732746574,0.8848916717510241,0.8892019598139672,0.8873356776661866,0.7499827887588971,0.849606751419298,0.0803084915,True,PRN055a
PRN055a-369-1,0.3930454637620833,0.42049558819999994,0.352532068098412,0.36778636718082225,0.37840126258010126,0.36717577333086426,0.3970129559065632,0.4446119523582849,0.0699364098,True,PRN055a
PRN055a-371-1,0.22330756504658167,0.43180301969999996,0.3408776399177482,0.4303537971377384,0.41839874827719825,0.05228505790986572,0.22399582968335618,0.3668961228725487,0.0730042083,False,PRN055a
PRN055a-374-1,0.3160901967007166,0.3379458354,0.2830045097972987,0.3003274916930775,0.31319582540407587,0.2621122682636728,0.3056897592257059,0.32977487649172177,0.0718253141,False,PRN055a
PRN055a-375-1,0.4636757220104363,0.5097695743,0.5438243795804509,0.5448028924288867,0.5526854676372832,0.17535259994926466,0.4558090700350488,0.4880998692155181,0.0716554253,True,PRN055a
PRN055a-379-1,0.4327908960445971,0.4582917303,0.41329587013844454,0.47140478727318674,0.47964003665449023,0.0060277001995555305,0.4404340936072306,0.43862393815410294,0.0766121147,False,PRN055a
PRN055a-379-2,0.3188282580695512,0.4541837558,0.4497910428042626,0.45801119259815093,0.4310926304757145,0.1712724875040912,0.3284240101566909,0.4622376621865245,0.0724734732,True,PRN055a
PRN055a-381-1,0.15332256268797692,0.2290715802,0.14549878136946462,0.14540500083793206,0.1796369349897909,0.08866509168528855,0.09564680538875368,0.14781933993537347,0.0740802136,False,PRN055a
PRN055a-381-2,0.5276554415988196,0.5897039891,0.5434413052214694,0.617158507119916,0.5952155209539698,0.16655081293236695,0.5264974816431656,0.5635585098034503,0.0705324039,False,PRN055a
PRN055a-381-3,0.02610456013777025,0.2542371513,0.24118569576455073,0.2925042514703368,0.2904825410188679,0.09196072642816293,0.039033738908992324,0.26797435405191555,0.0684907972,False,PRN055a
PRN055a-383-1,0.15987278487086734,0.3105192092,0.33742037778359707,0.34008231039506254,0.3286652743420356,0.00016823434265601588,0.17262296185206286,0.26635214026632087,0.0711850359,False,PRN055a
PRN055a-383-2,0.5210484892945114,0.6069056497,0.6141849071119108,0.6067647988429917,0.589748268113529,0.12298830670264353,0.5140840168074721,0.5885717328216954,0.0727302313,False,PRN055a
PRN055a-388-1,0.22744558231730927,0.3411543381,0.3592074011702937,0.37348557707517704,0.2872991505129513,0.0876419043074749,0.22143491970272547,0.2746051203462698,0.072579667,False,PRN055a
PRN055a-388-3,0.20135342206798004,0.3970566169,0.370575231776415,0.4198776613031752,0.428807899483991,0.3978650176652692,0.15863828090511944,0.40068926950728095,0.0749030127,False,PRN055a
PRN055a-390-1,0.424891830855167,0.46321677420000007,0.4346938176503734,0.4219283634122247,0.4545966722824654,-0.018617668079514413,0.43179546447173844,0.40940669539173014,0.0761781743,False,PRN055a
PRN029a-274-1,0.6618380721495869,0.7811263852,0.732285486166111,0.7655059480618079,0.7731852988682814,0.7707195096481378,0.6326843430200055,0.7052484555350843,0.0772517972,True,PRN029a
PRN029a-303-1,0.3115148003250908,0.5482420062,0.11610083282169933,0.2555230684520954,0.29727112731269417,0.3665790121228539,0.30427192778172807,0.5227477349057688,0.0868875424,True,PRN029a
PRN029a-305-1,0.4094887689438734,0.4487236682,0.43554198435688757,0.4739884898247031,0.47096269898288307,0.08383881720041834,0.4083052699593813,0.41825341272850936,0.0774159977,False,PRN029a
PRN029a-307-1,0.2092725578866057,0.3652935627,0.5116572168526059,0.4959308934084349,0.2369095808029124,0.4284617124038803,0.1996321662619725,0.3713675356936131,0.0753913941,True,PRN029a
PRN029a-307-2,0.6542421978284173,0.7240305816,0.6995349024043989,0.7177906262469446,0.7244663154089146,0.7263133632152224,0.6370522140744965,0.7089120598543578,0.09093077,True,PRN029a
PRN029a-310-1,0.7293008518625581,0.7522490995,0.7231853579943414,0.7436892461074012,0.7535467798935691,0.7477433471681696,0.7092384710334417,0.723502171210041,0.0833035478,True,PRN029a
PRN029a-310-2,0.711306249964384,0.8377011772,0.7912762835085794,0.8051508265199303,0.8188991364348588,0.8329180717837517,0.6845981101712586,0.7841973049171536,0.0751086627,True,PRN029a
PRN029a-311-1,0.1744394556396942,0.3786398551,0.42272061941438527,0.3252880861423342,0.20516067950008163,0.4009831513310546,0.17404902606508607,0.2911277098031406,0.0795971732,True,PRN029a
PRN029a-317-1,0.7710657327726114,0.8609651818,0.8341264113671916,0.8507312622772141,0.8646579519033559,0.8711994837528299,0.7605993771154415,0.8342417155003257,0.0841111085,True,PRN029a
PRN029a-318-1,0.7485345676606058,0.8864282336000001,0.8537616578718639,0.8685091055936929,0.8794749035324675,0.8811740513358142,0.7500960667310275,0.8595969144173566,0.0798305061,True,PRN029a
PRN029a-319-1,0.6595172295104897,0.8445270858000001,0.7927841710233072,0.8060235948501184,0.8194730610151972,0.8330870463392257,0.6655557670353786,0.77959466077488,0.0747047573,True,PRN029a
PRN029a-321-1,0.822376689773135,0.8860670827999999,0.8230256920404299,0.8566174563977886,0.8665641119726251,0.8768851658133465,0.8175853311565587,0.8526314970240279,0.0806283273,True,PRN029a
PRN029a-323-1,0.1485182141225708,0.1467349468,0.17118868796506065,0.1738446264846788,0.030314188051866014,-0.007814177086560301,0.1078627254439769,0.18987837233210153,0.0795725863,False,PRN029a
PRN029a-327-1,0.42358996682373606,0.6704942951999999,0.42897973240691956,0.3859796326331016,0.24983930969098242,0.03262191116646558,0.39406848068693207,0.2638899493989621,0.0691103093,False,PRN029a
PRN029a-327-2,0.4247427252979867,0.6871150542,0.37000695792481725,0.1903249679423791,0.09142957386108147,0.32736266589446805,0.3982539492186995,0.3437377738645746,0.0676611797,True,PRN029a
PRN029a-329-1,0.35269684719953787,0.6580457194,0.570626215042705,0.6651177310327181,0.6416055490770916,0.6665443453779739,0.3136902620490519,0.6794290055964425,0.0907723786,True,PRN029a
PRN029a-332-1,0.5687238621516046,0.74131795,0.6228184049703684,0.6831882929283483,0.6834925296874326,0.7425415362655716,0.3951661009865868,0.6840601926610744,0.0775294272,True,PRN029a
PRN029a-333-1,0.3338932223823341,0.5770125327,0.4974536584726288,0.5409158908881988,0.5539559318866029,0.5676545163574435,0.29902103813328557,0.4283365656385172,0.075682076,True,PRN029a
PRN029a-334-1,0.7562116746445771,0.8123619794,0.7936601121740124,0.8095123065015853,0.8112608562939552,0.8108288534933944,0.7547737534027565,0.7985680988197358,0.0889533224,True,PRN029a
PRN029a-341-1,0.16815652333508863,0.3545061645,0.2898666706530322,0.3406737512609496,0.37965284721973097,0.3055306494351884,0.1438860308664794,0.2443215598216728,0.0742283235,True,PRN029a
PRN029a-342-1,0.6477494794895221,0.7069900507,0.6566656649178098,0.6827298215628417,0.6769755002363196,0.6899127111104715,0.4160084964346808,0.6690110758412934,0.0900571365,True,PRN029a
PRN029a-344-1,0.20582675191965838,0.3536409831,0.2097406146988294,0.10143361644680488,0.19637490431448126,0.1282815448704501,0.20400834921424973,0.3237980112325255,0.0844760162,True,PRN029a
PRN029a-345-1,0.21333194037910896,0.587843562,0.3911903671804775,0.5603224027880142,0.6142707300263288,0.6044636874172232,0.20707588458272871,0.2886686592380992,0.0914217239,True,PRN029a
PRN029a-356-1,0.6747680067584482,0.7537499202,0.7144556555728948,0.7438785401246467,0.7527842915799814,0.7567500205291589,0.6691560668375108,0.7247197753778867,0.0841732813,True,PRN029a
PRN029a-362-1,0.18597953364683031,0.4223911603,0.4118941594481925,0.5047880078626669,0.5284373447465732,0.5425151453845296,0.15673263491091916,0.25555747931906486,0.0796351185,True,PRN029a
PRN029a-364-1,0.20224919138684436,0.2335916549,0.2112261903245734,0.29573836279825116,0.25741446290356607,0.22750003443806527,0.1665833726196215,0.22373904887902546,0.0793226122,True,PRN029a
PRN029a-369-1,0.3142764193020857,0.5988457668,0.49179895113601246,0.5359370289924537,0.5676576690326688,0.6048594127209519,0.28550539967314437,0.5272762454422523,0.0706845031,True,PRN029a
PRN029a-369-2,0.5239992177750477,0.6625588165,0.652095760485725,0.6617104861547832,0.6325958185506461,0.6489124012761426,0.5101727996479171,0.6134287750028532,0.0720995192,True,PRN029a
PRN029a-373-1,0.2571273238454492,0.3597867707,0.37515759889221817,0.38555521949405847,0.40127416220869666,0.4188496621703117,0.31370112005770423,0.36263185228976824,0.0689216346,True,PRN029a
PRN029a-382-1,0.3824690882867364,0.5372490306,0.5551936577687725,0.5716957482485296,0.5491818912644028,0.5574642934713004,0.35919599991237966,0.5165901932104372,0.0774626198,True,PRN029a
PRN056a-275-1,0.11490429415150899,0.2912435301,0.28551977851083116,0.2718308602788047,0.31878620147619163,0.3128783615914741,0.12481649234102178,0.2299571101303535,0.0816912001,False,PRN056a
PRN056a-287-1,0.45088371880270833,0.2397057758,0.49272153553096293,0.45899730530656174,0.48304309207156654,0.47836172753291006,0.42779293957311526,0.4408508737817961,0.0754836837,True,PRN056a
PRN056a-343-1,0.6519460578520692,0.7365580946,0.7487139085066836,0.7359089383845883,0.7235255629452496,0.3266034656088115,0.6478042718980187,0.70065103958296,0.0716489233,True,PRN056a
PRN064a-182-1,0.08513969616737868,0.11066919376302595,0.08843316848767167,0.10612135677893336,0.10989431516017036,0.10247099585229727,0.08479552065331547,0.10357978015728996,0.0757643101,False,PRN064a
PRN064a-182-2,0.12469286588857022,0.2262011388039387,0.16186678639779029,0.20523495611882495,0.21960578795395788,0.22601094668658767,0.09275262809097423,0.13178441373061725,0.079448352,False,PRN064a
PRN064a-184-1,0.07007928611383564,0.07451258897945695,0.023367448025543,0.0795349604482491,0.0850363959936738,0.0047287537277028975,0.0787854134138467,0.07856176366689617,0.0709599655,False,PRN064a
PRN064a-186-1,0.12266389589860274,0.13188397982769873,0.13103883299635505,0.1279701750644735,0.13254801169733174,0.05209121180847211,0.11557369153479162,0.12441683053346943,0.0745669174,False,PRN064a
PRN064a-186-2,0.08378792712905189,0.1568561610693359,0.11839272874372603,0.1593021727804237,0.1698111122037549,0.13159139687319038,0.08150253762339117,0.12938429946472116,0.0859139524,False,PRN064a
PRN064a-202-1,0.15678696216142665,0.22012681013330357,0.203381555564798,0.2055849062106854,0.20721241125073292,0.0454207061692957,0.15362953159256257,0.18650952387077843,0.0723318333,False,PRN064a
PRN064a-202-2,0.13952895049168276,0.18878669728022687,0.15550802162466945,0.16699752555209627,0.17960540912631903,0.13870338020851428,0.13532726380251478,0.16462329451765095,0.071916814,True,PRN064a
PRN064a-206-1,0.16925633621291927,0.1801796691635497,0.17783660929089173,0.18570198174408192,0.020860138115736372,0.03285538239984193,0.1639282093599276,0.17520785987257814,0.0765104722,False,PRN064a
PRN064a-206-2,0.1079351404943519,0.1309386692496767,0.12236458973851722,0.13146931038080378,0.12236025202170542,0.06292919433559876,0.11075124707069642,0.13042297358712443,0.079379482,False,PRN064a
PRN064a-210-1,0.003751363003733628,-0.0015404610410941501,0.00150238677979139,0.003700048478100893,0.010099067383047094,0.001862361069327352,0.006601940324412918,-0.00019052670950449967,0.0841985086,False,PRN064a
PRN064a-210-2,0.1126774253824592,0.21274951283968613,0.10071136761242305,0.1886140345145103,0.21791930783132799,0.2108021637776395,0.10948952613675547,0.1770361950870849,0.0756907896,False,PRN064a
PRN064a-210-3,0.38465161421743116,0.41183664806400944,0.3985699962357366,0.40013328389707675,0.4053771139658894,0.4130661299251351,0.3706914460616268,0.39981387014050085,0.0720025956,True,PRN064a
PRN064a-210-4,0.11185611282408689,0.17808140564956637,0.12035428308391224,0.15287041987408978,0.16704638446380457,0.025815802762674214,0.09448536703241704,0.1483992349746746,0.0810842859,False,PRN064a
PRN064a-214-1,0.21297294163952746,0.25722196158853416,0.25147078357020025,0.24733113914645147,0.24458339984296393,0.13837529559935532,0.21422945974476962,0.2409273859122988,0.075082591,True,PRN064a
PRN064a-217-1,0.18366062532526398,0.17956232021136745,0.16734197698575523,0.038605040393685175,0.01084889403711643,0.03544642826874892,0.16617941866494026,0.17148699937490658,0.07991059,False,PRN064a
PRN064a-230-1,0.1571699191789748,0.3100148561340796,0.2768361659170071,0.17191543678676316,0.24588228323494588,0.24686340909270177,0.2064601906505926,0.2945337567939816,0.0791335961,True,PRN064a
PRN064a-238-1,0.5146004608562704,0.6637217638460431,0.5836773383027669,0.6630875707601752,0.6663999684161109,0.6638500361527125,0.4852845526538342,0.6379114104072877,0.0803100756,True,PRN064a
PRN064a-247-1,0.43443281254635924,0.6884671874571097,0.5680081708623844,0.6388501255202862,0.659189017161884,0.6405847802176449,0.4033231006606351,0.6028351975204005,0.0771434135,True,PRN064a
PRN064a-247-2,0.4342950425092889,0.687423195979994,0.5675168313590377,0.6416460328793294,0.6575946333973439,0.6562063169937659,0.4031610673185272,0.6022760545645711,0.0732357281,True,PRN064a
PRN064a-258-1,0.18862331781697506,0.28303894203101543,0.28611857120260764,0.28935002927230624,0.24260682109935044,0.15920735916051695,0.17715974610289406,0.31606347459564127,0.0766506419,True,PRN064a
PRN064a-262-1,0.27855109941102585,0.45190496460385754,0.3872960632140704,0.40814563057875575,0.3842258681668931,0.3594860457588587,0.27554342059077,0.38376608287080055,0.0778806546,True,PRN064a
PRN064a-266-1,0.19913372370186133,0.30458552246671694,0.23133957463493707,0.1993913101495358,0.20358169259258443,0.15140979650278852,0.18898843591026437,0.27222136292988186,0.0847758377,True,PRN064a
PRN064a-270-1,0.13466156126263482,0.31777319715604335,0.2216450326892798,0.20322855480128216,0.27675274129246974,0.2627068784303455,0.12142804251485842,0.2664895413935833,0.0846328969,False,PRN064a
PRN064a-271-1,0.14290413870839092,0.22159747919793216,0.1909051092676777,0.20565863594388464,0.1360683616362188,0.07676350456929332,0.11772719905002961,0.19628915899689361,0.0778453561,False,PRN064a
PRN064a-271-2,0.5777719379688371,0.6716692163883716,0.60170959586319,0.5980836273916958,0.6101650137383496,0.6330230986851145,0.5681766056800683,0.6399384329264431,0.0838997615,True,PRN064a
PRN064a-283-1,0.191723870186468,0.2611520147739807,0.20237705970491027,0.24976969627122012,0.2535659088952183,0.30102618699184697,0.1536015206439738,0.2347034589579136,0.0762946256,True,PRN064a
PRN064a-294-1,0.31066393795409725,0.3712086048380506,0.3595971315871588,0.3739494650043887,0.380622686672025,0.3679740323655588,0.31008500543170747,0.3604110852324817,0.073221432,True,PRN064a
PRN064a-303-1,0.21339566614144026,0.3962558511862051,0.3718922433850101,0.35379825929857744,0.36290830064325985,0.3473106924038291,0.21803095078463555,0.36442629449959674,0.0750580696,True,PRN064a
PRN064a-319-1,0.06537683865905822,0.20869550814977073,0.20854956958883217,0.2041017057096538,0.19813200377634826,0.11527417535161663,0.05279338577404667,0.1828411256255893,0.0716183051,False,PRN064a
PRN064a-321-1,0.21711866686601433,0.3515258270898963,0.3648361138579146,0.3551836977515319,0.15611100284796675,0.2320389744280756,0.20038616168572523,0.30135294908984017,0.0889706215,False,PRN064a
PRN064a-323-1,0.1335691753208443,0.19215562867652378,0.16713545803991198,0.19175884290712988,0.1358807414207444,0.1176812073411191,0.09866101209184781,0.1654021832929196,0.0763705042,False,PRN064a
PRN064a-329-1,0.11792022841722104,0.19872010683712793,0.27368042804262327,0.016795878766567376,0.1314803059352681,0.04567904655052704,0.11046815479883433,0.23724536647163924,0.0846776533,False,PRN064a
PRN065a-186-1,0.005067312357479843,0.028566959346212333,0.026590667622408196,0.028603824565199703,0.031428775368892416,0.030573515009582622,0.03126844317857047,0.03191366423857427,0.0659753168,False,PRN065a
PRN065a-188-1,0.07043753158914853,0.07105090966015008,0.06465056930120135,0.07081253098688724,0.0734621408780849,0.07644794012012988,0.06371370933342863,0.05972352593840756,0.0667292343,False,PRN065a
PRN065a-190-1,0.0773495984914075,0.07775839381097034,0.058369773838107646,0.08281705927823303,0.06747437819244201,0.08685516476217152,0.0638069329798795,0.06823130915942285,0.0732379083,False,PRN065a
PRN065a-214-1,0.3154706502440014,0.3325993946403089,0.3243570122411636,0.32532530907107515,0.3268431764202155,0.3157738282643143,0.3118383985230161,0.3296526996889132,0.0812427168,True,PRN065a
PRN065a-222-1,0.09866220386716422,0.12999287167180626,0.1345146296730618,0.1326261009953823,0.12991349457278173,0.11841032804432573,0.09044974218193215,0.12662455325397265,0.0691662058,False,PRN065a
PRN065a-222-2,0.19914488611191775,0.21875922311437254,0.20722531568955238,0.04938650169021523,0.06842558456964175,0.13013916138712178,0.1959630666117889,0.2010590018391576,0.0831118156,False,PRN065a
PRN065a-222-3,0.22245749044867186,0.23209871736353044,0.04045767661871704,0.03258532530264861,0.10508316348959312,0.06089879435620666,0.21396615739185568,0.21107191658802446,0.0832512894,False,PRN065a
PRN065a-228-1,0.15128174496703445,0.17291734418255075,0.15982457614349282,0.01638337562326728,0.020986561091577694,0.04596482789318737,0.14863705352763423,0.19330517772316838,0.0836316795,False,PRN065a
PRN065a-232-1,0.24204879715077043,0.3065156066441235,0.3164990993077208,0.2651139557016718,0.11555617046426889,0.19023424671420863,0.24158433725519238,0.33704442902217707,0.0866959724,False,PRN065a
PRN065a-242-1,0.022239014756695766,0.16568865513934475,0.008040669669606256,0.0546214066586947,0.15313521300331245,0.033148957149627636,0.1130162576413116,0.17175180430911835,0.0802591339,False,PRN065a
PRN065a-246-1,0.40463923836562515,0.428918377241233,0.402423312234868,0.3974495582921863,0.40194194618536305,0.3627539100625211,0.3545704983411115,0.4081939660184852,0.08263899,True,PRN065a
PRN065a-251-1,0.1955057774542102,0.242531422281649,0.22218306057208723,0.22108950928406035,0.0941517848222198,0.12008963954328265,0.1907570963763429,0.22873306669703714,0.0786747369,False,PRN065a
PRN065a-264-1,0.8324922081175957,0.9277086422668682,0.8607832510395674,0.8712573007295481,0.8539828043616072,0.8320466753195991,0.8123778672783841,0.8721413989152647,0.0949512617,True,PRN065a
PRN065a-265-1,0.20126903409070893,0.27197568154941326,0.08804206514668256,0.15241278220504215,0.1007989431882732,0.03850184505533115,0.1852538906111364,0.28067914532673677,0.0742515997,False,PRN065a
PRN065a-267-1,0.18940195551598324,0.13908165258352648,0.0207316600146303,0.058606256136779916,0.09116902421960518,0.051417628821696475,0.1762585220494986,0.06849667051386661,0.0797426635,False,PRN065a
PRN065a-270-1,0.5572899763786493,0.5940179165574505,0.48188375324900584,0.4183249916213236,0.3001901176685314,0.3320643699819646,0.27987594708363744,0.5638386074866611,0.1084457135,True,PRN065a
PRN065a-272-1,0.5430521458935761,0.8239920588482562,0.8072035356470546,0.8202490684008887,0.8252912024785797,0.82818420710624,0.4006877945399486,0.7701117863192021,0.0761116835,True,PRN065a
PRN065a-274-1,0.269680107509658,0.449588169950954,0.3780225654094163,0.4009323877470946,0.3557723179413112,0.3357132279749151,0.26384856059702216,0.3443307817370133,0.0826407788,True,PRN065a
PRN065a-278-1,0.2483202471149643,0.4212733880768929,0.43008887609105223,0.4302015739170416,0.43397974605099715,0.4085426457525645,0.20347740855232618,0.3727314100203138,0.0772164616,True,PRN065a
PRN065a-279-1,0.3353170809082891,0.4233934911730793,0.41564008463655483,0.413855704329856,0.34691424792195563,0.3420023945848241,0.270276919480896,0.3580799427606003,0.0915434857,True,PRN065a
PRN065a-279-2,0.9039068101102632,1.0215868679625941,0.959222849460831,0.9870551621355858,1.0133880761023397,1.0136583285985314,0.8870817145242814,0.9848484243387989,0.0863372911,True,PRN065a
PRN065a-279-3,0.3018504717645618,0.44407783361994985,0.37240088442132135,0.3631380900417001,0.34158712414064885,0.36460876245401214,0.27332922626953166,0.3703348064172178,0.081686602,True,PRN065a
PRN065a-281-1,0.14436102641732393,0.2381614501871963,0.230886188876288,0.24812990276611216,0.24087854461997724,0.20242879709582381,0.1454501695109922,0.22811108261279558,0.0716400074,True,PRN065a
PRN065a-285-1,0.5575644219364881,0.6132946958874869,0.6016623894737603,0.5991611563142328,0.562905555420742,0.5481189712512076,0.5559116336051069,0.6139769162500108,0.0777439342,True,PRN065a
PRN065a-291-1,0.48835580398324413,0.7232897128904053,0.6886028185006347,0.6929119616006363,0.6985235112651845,0.7000315512251988,0.46544214837179526,0.6436133373063653,0.0806429013,True,PRN065a
PRN065a-292-1,0.10401152437564248,0.23550297386822322,0.13618936259819076,0.06562318164749743,0.030124230339381986,0.09137290607184094,0.10243279296947161,0.18792971480206097,0.077146379,False,PRN065a
PRN065a-295-1,0.19443713398838638,0.30603489674057927,0.27329992822474447,0.30662056304017826,0.3048370901318945,0.30341048891534256,0.17620495365191913,0.2529157258635319,0.0741785833,True,PRN065a
PRN065a-297-1,0.1555753502346804,0.17768219474778701,0.1662909173154708,0.14307234412165998,0.06982663327063122,0.15256376413922987,0.15854262938697675,0.16775114336960195,0.0761678019,False,PRN065a
PRN065a-298-1,0.11144698573147249,0.19096258018321746,0.1675747622085161,0.1685193498631018,0.024986865767095003,0.06219330214969541,0.09924206369787604,0.15547624964179557,0.0741784348,False,PRN065a
PRN065a-298-2,0.08684699289061981,0.16501006648480748,0.15757320579728573,0.15608872560019807,0.07705026607843579,0.04755908127426595,0.09337516665731524,0.11890136132273163,0.0732913233,False,PRN065a
PRN065a-299-1,0.4925235227853738,0.5195619273910549,0.5337067831916112,0.5468498665608821,0.5319503845853192,0.5416328126740382,0.4617682852976271,0.5225595598132079,0.0753016048,True,PRN065a
PRN065a-301-1,0.1049686076992762,0.13841707116522228,0.14017253717737624,0.12207686480130996,0.12361047366291626,0.1366218038394812,0.11507861495952566,0.13882766383842243,0.0753106383,False,PRN065a
PRN065a-305-1,0.07904940732768864,0.10600182668336315,0.13894890283830874,0.09007417473516621,0.03301325369042341,0.14780331243007727,0.058585523933031014,0.11453297955412253,0.0691026716,False,PRN065a
PRN065a-306-1,0.4314691483636322,0.536323852718481,0.48443016815423723,0.5391117090749653,0.5459576828386089,0.5364721233814432,0.434909732696018,0.4977184032026366,0.0779130772,True,PRN065a
PRN065a-307-1,0.09851266372739022,0.13644635262962537,0.10981125649029475,0.1012243821329011,0.015466013621205088,0.03171200859584812,0.0970944454626427,0.10356112492684531,0.0765127959,False,PRN065a
PRN065a-310-1,0.14903208775379623,0.21163348044758645,0.147077862373702,0.19024577507892676,0.20755300826735723,0.20922678146449264,0.12195350248913238,0.1826289674188387,0.0723204297,False,PRN065a
PRN065a-311-1,0.19202044516542108,0.20752668842750402,0.280239800985931,0.05914211102062557,0.07172603892430256,0.11842166823399389,0.19293017515394006,0.27322469097681906,0.0864720493,False,PRN065a
PRN065a-315-1,0.18274964118879966,0.2765833522088021,0.24928053329071248,0.2617409478840678,0.08904619945675521,0.09819321314629613,0.1629939264036537,0.2374458014432548,0.0735219823,False,PRN065a
PRN065a-317-1,0.13135262141133905,0.22436622116275448,0.2164681169986968,0.21210670175939522,0.17789354299133098,0.1562893982573402,0.12477093615768317,0.19017931757139428,0.0812070786,False,PRN065a
PRN065a-319-1,0.13831377381061927,0.18274858561134244,0.06167578235203806,0.09389573267073925,0.07708176037977524,0.061240199045517335,0.15071242152956957,0.20733101298081788,0.0793818528,False,PRN065a
PRN065a-320-1,0.22238458089792348,0.36126018303509916,0.32091822385286417,0.3025952472928518,0.3182818364304159,0.24203865543178563,0.2124704342641144,0.36295148628864443,0.0724096676,True,PRN065a
PRN065a-323-1,0.22784436808945321,0.30076332882367174,0.29912444113123404,0.31255840277935,0.3094418528877023,0.3113545010962239,0.236808183501,0.2807623433659612,0.0734497858,True,PRN065a
PRN065a-324-1,0.29559493739237447,0.2803909312753547,0.24361481564085533,0.32880379111850894,0.45872741102424586,0.3247491755644566,0.27689534432731205,0.4676217646466338,0.0776870036,True,PRN065a
PRN065a-325-1,0.17336561062839398,0.27998006426830363,0.14903566871794927,0.046009630469689464,0.03876221483752265,0.08261448918933713,0.18754822565561885,0.24837344656258628,0.0820193655,False,PRN065a
PRN065a-326-1,0.15918770455845868,0.28566693769196594,0.30276831125200354,0.15423200255842104,0.09968614465840855,0.10286178204432578,0.1724152372957974,0.2493911821582224,0.0814882138,False,PRN065a
PRN065a-335-1,0.0869861749453403,0.22230278800478848,0.15808283316686444,0.032980834723669916,0.12588812702445842,0.0045350423140522785,0.07189296111763822,0.14112637042893916,0.0784837885,False,PRN065a
PRN065a-335-2,0.22867044387282615,0.5461020456977947,0.5142973466181373,0.5168507368623696,0.5167328756751076,0.5131487097271422,0.19590249415560823,0.44909428303667803,0.0772706169,True,PRN065a
PRN065a-336-1,0.22912396988179332,0.41413465798397603,0.36900007532583035,0.40474681035963556,0.39590654807822434,0.411966226495815,0.20988810963923646,0.36588589999892834,0.0749440166,True,PRN065a
PRN065a-338-1,0.28307349734840637,0.4975828495082194,0.5074159305771765,0.3349132218361043,0.30214980171081934,0.2795264254952616,0.2706090935497081,0.43303219375840524,0.0964564132,True,PRN065a
PRN065a-339-1,0.17703991031096458,0.291253004789917,0.23953254416885625,0.266023972886194,0.28124442581972936,0.24786853325991928,0.1546397569246176,0.25499466320082503,0.0752074424,True,PRN065a
PRN065a-341-1,0.15062158724814914,0.2635390015396218,0.26432141419223054,0.06593247271402614,0.05299572381561973,0.09450582877858009,0.14777576222845074,0.2428919790681093,0.0864400841,False,PRN065a
PRN065a-342-1,0.26347458171416116,0.5367654257355106,0.4959032640277993,0.5163370882201641,0.4817416227661149,0.5098908874167358,0.20747925950522034,0.4296162367475862,0.0721154952,True,PRN065a
PRN065a-345-1,0.26091755588567717,0.35915830208483235,0.12500522801420083,0.11220760972190577,0.15345693736626026,0.11278060750627321,0.22256565815414667,0.29675334106180545,0.0783708195,False,PRN065a
PRN045b-130-1,0.43442684682329297,0.5426037871,0.5340908571918759,0.5432454687289452,0.5498150615879649,0.5571633928249641,0.4152913662333768,0.496070518056002,0.0752833958,True,PRN045b
PRN045b-131-1,0.22532673486411547,0.1482606989,0.11355639681833146,0.17743283633295243,0.2019069207263014,0.21211192217184932,0.11537519943323943,0.14757721043248728,0.0731181143,True,PRN045b
PRN045b-132-1,0.4359689118112709,0.5328140666,0.5278752179792702,0.5136639613077215,0.5340653147645635,0.5212545122172391,0.4373362828065993,0.4535222467774386,0.0703923448,True,PRN045b
PRN045b-132-2,0.017233327958036844,0.005828125700000001,-0.04485990822163555,-0.008464765161344315,0.004297434621118004,0.05195979030161527,-0.02581040958900896,-0.07915065234917303,0.0771981117,False,PRN045b
PRN045b-133-1,0.028183916362850333,0.0748700317,0.08987836899914209,0.06079175129397968,0.2101603839954811,0.16688115689698169,0.24152346208485306,0.1609420879925433,0.079700902,False,PRN045b
PRN045b-134-1,0.290359391609453,0.2952026991,0.2791326663170753,0.25806975717492414,0.2880861966396263,0.2242781080306957,0.18698558332636545,0.22002279929644772,0.0727147022,True,PRN045b
PRN045b-135-1,0.47503454871542494,0.5174619771,0.539913026268238,0.5377359668854133,0.5473006791792845,0.5536577868657909,0.45831044917626235,0.49454254294219946,0.0699120128,True,PRN045b
PRN045b-135-2,0.4226804130562258,0.4792808035000001,0.32000842400261653,0.4615510289512473,0.23842983287265693,0.2403523622854997,0.43215487260957863,0.28645959305037105,0.0842876027,True,PRN045b
PRN045b-135-3,0.4241494814551026,0.4633538056,0.45425277688493504,0.43808969275304116,0.43450271117869843,0.4272736563000358,0.4108415564364275,0.4532376007031455,0.0764206943,True,PRN045b
PRN045b-136-1,0.7448279618373058,0.8133328933,0.761652931811968,0.7932746504856023,0.8389330995217779,0.8126697210797513,0.7490204304551138,0.8153107528178438,0.0842520292,True,PRN045b
PRN045b-144-1,0.37744631658590233,0.5816269592,0.5014634471930474,0.5953002621708966,0.6131195541729101,0.6321202851455278,0.36772604130737246,0.6011198539188483,0.0803423437,True,PRN045b
PRN045b-151-1,0.2491615973968906,0.4200936302,0.47512431295635466,0.4306494728075431,0.4304899107611673,0.38192347581270764,0.2659645902005718,0.367711612213065,0.0702103433,True,PRN045b
PRN045b-152-1,0.12482069161473906,0.3381621039,0.16157796975244715,0.2936057998520462,0.10864605997403898,0.1920347921554844,0.11108226856379463,0.22221594025046906,0.071004667,False,PRN045b
PRN045b-153-1,0.46807155022371877,0.49318411489999997,0.5028847985143823,0.4836886478129151,0.4686405467901853,0.34141208054574035,0.4568522238199219,0.5248123041620917,0.0762230699,True,PRN045b
PRN045b-154-1,0.4620652402469026,0.4013276688,0.4030907846943386,0.40741353857290474,0.35023834657610087,0.36901061408928326,0.41846852102861026,0.4563521011882691,0.0702488063,True,PRN045b
PRN045b-159-1,0.5770960502493553,0.7039824937,0.7396713450224325,0.6941152775678068,0.6887471249923081,0.7157464153836823,0.588073631589,0.6730269604467275,0.0752855586,True,PRN045b
PRN045b-161-1,0.2067107338170621,0.3072324378,0.03642092435598452,0.05976583219936727,0.15270005514978854,0.14038104871235063,0.17457154715814552,0.26933397826745853,0.0782629484,False,PRN045b
PRN045b-171-1,0.37845849049745156,0.5947425671,0.5523060621637926,0.5695803700238554,0.5815222862052254,0.5868278629109281,0.2833441056578877,0.5847524234858623,0.0816690295,True,PRN045b
PRN045b-173-1,0.4192482284069705,0.414827493,0.5188477571087583,0.49457756996880675,0.4718669927864634,0.47193405786920367,0.41647644824318686,0.4302516438050313,0.0738249201,True,PRN045b
PRN045b-175-1,0.346146036599668,0.4590353408,0.406898207375507,0.4530376824814665,0.46519772085204764,0.5155053463674155,0.3001162819148938,0.3983797002891872,0.069640033,True,PRN045b
PRN045b-177-1,0.5223345977310653,0.6069448371,0.5494289761667435,0.5682861633396481,0.608127455021,0.616013009815484,0.5069154518291019,0.5413727453604547,0.0756107613,True,PRN045b
PRN045b-183-1,0.09309562957744004,0.1195687123,0.008966626488619617,-0.013672670165784542,-0.007059338287990825,-0.015224271403393125,0.05743516451626092,0.09619620687113987,0.0815476036,False,PRN045b
PRN045b-193-1,0.6657178846196794,0.7412372518,0.6352478836426673,0.7153331259672514,0.7359829792472822,0.758525019838741,0.6406174279975707,0.6638970293113244,0.0729865389,True,PRN045b
PRN045b-207-1,0.5722876829190569,0.6397939144,0.6187681313918976,0.6309794006762779,0.6375259876123488,0.6387899845883918,0.555388933379982,0.6152936041772569,0.0724579325,True,PRN045b
PRN045b-215-1,0.5680437938878222,0.6979485949,0.5882286943888366,0.697929084030652,0.7080487507207934,0.7339627370895315,0.5566198589573021,0.6859823705352964,0.075505734,True,PRN045b
PRN045b-215-2,0.1654819036787762,0.3629200699,0.32651092520560726,0.3944672066034596,0.3727948173318351,0.24911707049562185,0.13553261500396604,0.4230465419127788,0.0747220618,False,PRN045b
PRN045b-219-1,0.27254348147089485,0.4939423432,0.4404409820124304,0.5363073499656283,0.5876311405477322,0.36124904542740033,0.22966693611171518,0.37122856014521,0.0800858407,True,PRN045b
PRN045b-219-2,0.8196213010777214,0.8298233419,0.8359992025503475,0.8424555653115371,0.7858141253622847,0.5605205865029395,0.7449768807585087,0.7988670033136871,0.0768677239,True,PRN045b
PRN045b-239-1,0.17750057374210526,0.398238283,0.21229017217729737,0.22415373972171002,0.184034526787844,0.16279397526384737,0.13096180772862173,0.39883934064529136,0.0800657399,True,PRN045b
PRN045b-241-1,0.24247795555182206,0.5270794223,-0.008923932882078768,0.053645775276887894,0.15680992962044657,0.05398814326447916,0.3069295349731324,0.40443638078882116,0.0811205804,False,PRN045b
PRN045b-254-1,0.5995912407191558,0.6796549904,0.6023977332029669,0.6004252199104287,0.6735823932921131,0.6994167331220473,0.5935348230603613,0.6495847502082567,0.0757468883,True,PRN045b
PRN045b-257-1,0.052461379815517475,0.0719071961,-0.009867202174804128,0.01295407289436863,-0.005137282481049553,-0.008753308954025393,0.07419848662548782,0.07801862433168018,0.0697200065,False,PRN045b
PRN045b-258-1,0.7338945233628268,0.7850544231000001,0.7862378496683526,0.7877177644155207,0.7991977449492982,0.7920123101113222,0.7428768957696927,0.7799183779005839,0.0823807683,True,PRN045b
PRN045b-269-1,0.8154199419946839,0.7405515069,0.7903550217557409,0.7733447860172973,0.7571119507770198,0.706666692721843,0.7873207837232841,0.775286998655274,0.0777992075,True,PRN045b
PRN045b-271-1,0.35336476413433165,0.569297364,0.5397701711686194,0.5579208829428309,0.569240199030075,0.5358581824553179,0.3417879504883701,0.48496557356348713,0.0765522962,True,PRN045b
PRN045b-273-1,0.5207453623540781,0.7033572178,0.7256621817066038,0.7268187133668622,0.6933096372020187,0.6161950736380475,0.5268029690722442,0.6583598386090347,0.0687115065,True,PRN045b
PRN045b-276-1,0.34825543032956596,0.4650881213,0.49236644231283205,0.484490010140036,0.48879896269603595,0.4651443543301714,0.3383099805489654,0.44905335536604174,0.0785733877,True,PRN045b
PRN045b-279-1,0.4156206162220135,0.6689313779,0.648999626323424,0.6794328947783147,0.675717764714973,0.6434859131915509,0.37405899489594696,0.6449306301035752,0.0693306909,True,PRN045b
PRN045b-280-1,0.2666127774825011,0.4089173867,0.3926604691825324,0.37088378073012446,0.36968972408441186,0.3873789741213715,0.2548429416591407,0.37751589728850826,0.0727383843,True,PRN045b
PRN045b-280-2,0.43005610683334494,0.4505435406,0.4846078818799858,0.49111329333271014,0.485044844736193,0.46817678904651444,0.4196775248559405,0.46005637220601375,0.0747224137,True,PRN045b
PRN045b-282-1,0.5507866996254691,0.6855413248,0.7071123583000517,0.7313817436297186,0.6998261689514096,0.7170041737399769,0.5537051341885869,0.6676768713609941,0.076582918,True,PRN045b
PRN045b-285-1,0.14308692013806526,0.5762419656,0.5782160632398541,0.586503064578542,0.560161714865306,0.5437030675714695,0.15388305524057286,0.4929966457673178,0.0758619593,True,PRN045b
PRN045b-286-1,0.46082359777428283,0.5614748726,0.5736499657421692,0.6025368090354513,0.6062229451391481,0.6178557305948461,0.45619254702885054,0.5895047178760402,0.0782268515,True,PRN045b
PRN045b-287-1,0.5733385263396851,0.6814484801,0.6238956470724665,0.6512131035913997,0.6563660533620802,0.6732069037298493,0.504479968933389,0.5844587295673811,0.0768720737,True,PRN045b
PRN045b-287-2,0.5745357068456604,0.5546211487,0.5695458392555911,0.5868127746283468,0.47645676735194076,0.34499814162623493,0.512775522100029,0.582033353691458,0.083480136,True,PRN045b
PRN045b-291-1,0.4823261691553561,0.6654790558,0.6013394695775757,0.6570473556547032,0.665773865853984,0.683198104314102,0.47996879150204363,0.6186337993397825,0.080767569,True,PRN045b
PRN045b-291-2,0.5076672770054796,0.6617256913,0.6418838415668424,0.6804429537200423,0.6724741538462755,0.6945829110421096,0.5073466644223488,0.6807112914059883,0.0754468348,True,PRN045b
SLJ008a-A-207-1,0.3963256762453651,0.5105939844,0.45313677247549666,0.5620337077028389,0.5451843196916774,0.49112888956149847,0.33573218448603975,0.42219568423521714,0.0779582752,True,SLJ008a
SLJ008a-A-211-1,0.685717921587692,0.7498634528,0.6772335833224941,0.693608304908682,0.5788922102531407,0.5051412122590864,0.681582803333635,0.7037927786536425,0.0870732064,True,SLJ008a
SLJ008a-A-217-1,0.6289834586894423,0.8287139591,0.7484593148704045,0.7793481517084555,0.7482676006805729,0.8149711334709596,0.7267253551853834,0.7459832787951538,0.0771718578,True,SLJ008a
SLJ008a-A-228-1,0.5296943275965857,0.7050027058,0.56810256747563,0.6302417874992798,0.6537864333314175,0.6828233312971843,0.40236552651942237,0.5500487162037733,0.0776718152,True,SLJ008a
SLJ008a-A-229-1,0.6804919372260657,0.7001193423,0.7489188660105257,0.7234239165265165,0.7631189149477302,0.4011072183062473,0.6972839560211556,0.7005598281960632,0.0687512099,True,SLJ008a
SLJ008a-A-233-1,0.29291461497090404,0.4379170407,0.25997086194663777,0.019839028711505974,0.06121477951814213,0.11558888033556584,0.30257160022952884,0.2793457337591511,0.0825009357,False,SLJ008a
SLJ008a-A-234-1,0.3992221984341697,0.5529096154,0.4678573668409686,0.5065575076385792,0.5716294996137788,0.5648004560924843,0.3716153809424794,0.5035232622226966,0.0706972198,True,SLJ008a
SLJ008a-A-235-1,0.2401663100334054,0.2373117463,0.19477883481918146,0.015238957609420574,0.05502882431150433,0.01754302575974183,0.165379065137506,0.22863806296308609,0.0756244248,False,SLJ008a
SLJ008a-A-235-2,0.22823191102969032,0.2491253047,0.23586230643932915,0.24789325012247101,0.2852988560226423,0.16478358942181323,0.2013990340174478,0.23205875582191887,0.0737090638,True,SLJ008a
SLJ008a-A-237-1,0.27393495178788985,0.3790774019,0.27331458597129515,0.21114231158744934,0.061878853895558715,0.3426512044841674,0.2643285381274268,0.35605468511849186,0.098811791,False,SLJ008a
SLJ008a-A-239-1,0.5161855257558395,0.6279191870999999,0.48107169108420533,0.22001546201882918,0.29960920782992645,0.10603354028871885,0.5049207251278669,0.5335433898236016,0.0765869597,False,SLJ008a
SLJ008a-A-242-1,0.39089639640279106,0.6514290814,0.5974702442106737,0.6179725577177968,0.6367851973431827,0.6546859230109813,0.3735931379257714,0.5755172695790325,0.0742548313,True,SLJ008a
SLJ008a-A-244-1,0.6654010456697725,0.7326813612,0.6809809454116519,0.6957086072252505,0.7001275635392926,0.6935282128812436,0.665868769503544,0.6893137385455169,0.0848253118,True,SLJ008a
SLJ008a-A-246-1,0.8148202055761945,0.8438291809999999,0.8111364394508433,0.795903988805393,0.8480201135995878,0.7670834666086821,0.8179801482499712,0.8351968107177974,0.0883602139,True,SLJ008a
SLJ008a-A-247-1,0.5471160504529667,0.7233197301,0.6724910962647133,0.6999428844542047,0.690374164416887,0.7178376214007962,0.2565002256361817,0.6733225465258714,0.0779193195,True,SLJ008a
SLJ008a-A-247-2,0.3624983856416741,0.4661312632,0.40647622329650684,0.22126537901979007,0.3329189144542035,0.29506035518954554,0.3264635212976912,0.4787695751501488,0.0753215565,True,SLJ008a
SLJ008a-A-250-1,0.4754574603099762,0.5997221181,0.5899678862184867,0.5875095283340527,0.593503882414926,0.5215310192743027,0.4125851119287298,0.6077802879688073,0.0766684681,True,SLJ008a
SLJ008a-A-250-2,0.28270697979314047,0.3447490908,0.409110467909649,0.3568119332825647,0.13985076989518183,0.20395927663886684,0.22801433406507177,0.2923966042241852,0.0718779171,True,SLJ008a
SLJ008a-A-253-1,0.8541699341476516,0.8968867048000001,0.8907009866255677,0.8985361688204544,0.8860029593443393,0.8349211440493399,0.8587056529939362,0.8938194682852271,0.091814152,True,SLJ008a
SLJ008a-A-255-1,0.6993740076293017,0.7573293484,0.7465793376809983,0.7483179365456933,0.74724074614831,0.7511192751049204,0.732013508368927,0.7355984178220722,0.0768286777,True,SLJ008a
SLJ008a-A-262-1,0.33059323794279016,0.5960250019,0.570149740053633,0.5872897062920709,0.5795899140197579,0.562664739267926,0.3087041064907786,0.524995770704576,0.0823741005,True,SLJ008a
SLJ008a-A-269-1,0.22527283127800163,0.492291837,0.4634523474212646,0.5116562020618091,0.498405601728787,0.5480086645520151,0.21158370671208981,0.36303758940018493,0.0757126623,True,SLJ008a
SLJ008a-A-271-1,0.6033083378042122,0.7456951238,0.7338022618517696,0.7521108499389509,0.7516787220847048,0.7639500721504383,0.5880193829273812,0.7069063280020306,0.0761290683,True,SLJ008a
SLJ008a-A-274-1,0.3211097134857177,0.5907448518,0.5135360159894438,0.5290374811902948,0.5891118824543458,0.59775118193446,0.2584152617049543,0.512627225210769,0.0758551545,True,SLJ008a
SLJ008a-A-275-1,0.5843331564627009,0.6403352759,0.6222495437713946,0.6311531833778635,0.6316675161630436,0.6558464787926793,0.5739896393237023,0.6210184387147574,0.0751061078,True,SLJ008a
SLJ008a-A-283-1,0.46497541865653386,0.5213763671,0.5131010410358683,0.5057571973973948,0.5209519046476221,0.49596644286073294,0.48947771794470896,0.45801813777196065,0.0745033436,True,SLJ008a
PRN050a-202-1,0.13879051277590845,0.2573022539,0.19121330864576608,0.17470610938835582,0.10919746028601951,0.03960666668024394,0.13344217222429236,0.20158857040943404,0.0855130558,False,PRN050a
PRN050a-204-1,0.3976370167748298,0.4703108705,0.41237328511190613,0.30268345728329665,0.3664952692211975,0.3439043359785736,0.368103430701908,0.41820772174994425,0.0772201252,True,PRN050a
PRN050a-206-1,0.2734061836347055,0.4101957391,0.3802205824000337,0.4069964312547868,0.39877243416408326,0.4202460817583485,0.25924418433533275,0.38197884334361387,0.0748451958,True,PRN050a
PRN050a-209-1,0.23031180829018108,0.3779694879,0.3207602911372841,0.32144594873760896,0.32353010596921744,0.33658331778405093,0.23794363371207797,0.3452497933086759,0.0757851715,True,PRN050a
PRN050a-211-1,0.2858307825246694,0.1584623063,0.13094294392029257,0.12610595809655623,0.11453106937401061,0.13492268346913905,0.335066501314807,0.14973781570341602,0.07292948,True,PRN050a
PRN050a-211-2,0.2895396988864847,0.3920393986,0.38578820399126723,0.38566589996549255,0.39057184918799387,0.3817094096232953,0.2581492862395167,0.3805513292224227,0.0731119529,True,PRN050a
PRN050a-211-3,0.3060718617053821,0.5818648613,0.5451778357983244,0.5414618973046563,0.555927398485575,0.5661512921583595,0.31199349873581483,0.5137141815632525,0.076381944,True,PRN050a
PRN050a-213-1,0.27713994101352357,0.3950518478,0.32566337073395774,0.09159224942113428,0.09610098328288018,0.12997719326037346,0.2729594141501683,0.36335490457351044,0.0750268808,False,PRN050a
PRN050a-213-2,0.4262085633404083,0.5844376135,0.5907822951630116,0.610374947170601,0.6086250806316964,0.6135316444628643,0.40247791057324916,0.5342766698153328,0.0725436347,True,PRN050a
PRN050a-216-1,0.2428490816312772,0.4077438803999999,0.39633926400501607,0.40463685950672656,0.4053114812437082,0.4068331163469796,0.24249015761712378,0.34394014459215044,0.0782367653,True,PRN050a
PRN050a-218-1,0.37042928279479403,0.4515250023,0.40346359636480766,0.45078387309366297,0.4468817691225995,0.39209179094134033,0.4008059768107016,0.42766919799901904,0.0762311072,True,PRN050a
PRN050a-219-1,0.31045404248434744,0.4640987921,0.4433072833065131,0.29708142739527,0.2774867760120461,0.2600603585707156,0.30797880769375086,0.4590341361831474,0.0807479024,True,PRN050a
PRN050a-219-2,0.18499000437057722,0.3221850513,0.3021508558471225,0.3017703431409902,0.3004114740865607,0.28596296528930243,0.17959449938250538,0.23731371727067496,0.0759119044,True,PRN050a
PRN050a-220-1,0.17427400121644143,0.231062568,0.15605172282349078,0.10629246605406505,0.201277217546157,0.01573629585062358,0.18429200967274312,0.1495898100166585,0.0713010352,False,PRN050a
PRN050a-220-2,0.48202740995801024,0.702601803,0.6659036988743939,0.679735389340513,0.6871355780522962,0.6813710153408942,0.4407849643679198,0.6201153560169592,0.0742712582,True,PRN050a
PRN050a-222-1,0.1408956839041096,0.210364254,0.16686785946524332,0.20930229937706973,0.23651948038099302,0.25563575827566415,0.11403194881054335,0.26102144566166025,0.0763138048,True,PRN050a
PRN050a-222-3,0.49325546299652906,0.6494553066,0.6253080808211859,0.5874808555230263,0.6406310751551083,0.3346129946419651,0.4848493697987148,0.5899838149643349,0.0805302064,True,PRN050a
PRN050a-226-1,0.35423881425500575,0.3928295009,0.4139490911713332,0.4114941360342282,0.3661841631821328,0.35064725318854567,0.3493519877663238,0.39157065810410563,0.0740194594,True,PRN050a
PRN050a-226-2,0.2560984765984514,0.5014090966,0.47389257949237074,0.503156290700332,0.5000159089725404,0.5034036569475595,0.24540987231831873,0.45043798415023956,0.0737344418,True,PRN050a
PRN050a-227-1,0.3972222346154181,0.6835635272,0.6268439453895109,0.6511731114999603,0.666634454019478,0.6817300564279578,0.3581522539636133,0.5897548129287999,0.076994457,True,PRN050a
PRN050a-229-1,0.2886474619089504,0.3927397397,0.36407387662137636,0.40450978050518555,0.38969870368988063,0.3850825973629498,0.2863109786198199,0.39510583289221596,0.0766084243,True,PRN050a
PRN050a-230-1,0.1017456662376711,0.0548803489,0.03393320628836183,0.05201960102443989,0.058602305888357284,0.0068748961695013445,0.06864001516078465,0.07045765011053044,0.0780369452,False,PRN050a
PRN050a-230-2,0.3903201666114895,0.5573068321,0.5121155736738873,0.5380676173698499,0.5413723986976459,0.5364113262346815,0.38591132144236706,0.44995838234473634,0.0760170994,True,PRN050a
PRN050a-230-3,0.08646489038914258,0.1380440322,0.12286043748974554,0.12490560468369899,0.13357325204105464,0.08283258246736899,0.06644822775791692,0.14802941318392107,0.0760490293,False,PRN050a
PRN050a-234-1,0.4393489655997488,0.5840583968,0.5504458801059563,0.5616734115234054,0.5654772087649244,0.5776469018901867,0.40828906608287335,0.49226669827376757,0.0746618985,True,PRN050a
PRN050a-234-2,0.2487953350437267,0.325035416,0.33338853382054034,0.35547411869067586,0.3594288551124567,0.3641577990495105,0.263554878193842,0.3214458320074838,0.071415658,True,PRN050a
PRN050a-234-3,0.32796260038756664,0.416191614,0.39253142317585465,0.39540416240900916,0.4182577939318296,0.3833630038643626,0.2965929354686811,0.3739952273618353,0.0774816877,True,PRN050a
PRN050a-234-4,0.4111596305984279,0.4244976041,0.38763653897393585,0.3877111163842337,0.4124363112391432,0.3932637328683807,0.39592690150690557,0.39893311629523154,0.0741115362,True,PRN050a
PRN050a-235-1,0.28459328640520565,0.4412569385,0.3837875745757076,0.37641213200387824,0.14286299837184668,0.37522375047286766,0.27544414313552157,0.3691854249287383,0.0696860796,True,PRN050a
PRN050a-238-1,0.17396023404860333,0.1958853529,0.15687227672427492,0.20052379071050144,0.1853422612593926,0.17765848090634925,0.2001414151552168,0.1596109114943932,0.0775231071,True,PRN050a
PRN050a-241-1,0.8638554403439441,0.8900641059,0.8869099786140905,0.8738396675187946,0.8869355649992772,0.8809693321734777,0.8612862948359031,0.8721078645355909,0.0784813705,True,PRN050a
PRN050a-242-1,0.3312266859973993,0.5344515447,0.2954334793690788,0.24194334454854272,0.309039766925125,0.38702839917649345,0.3420571619100144,0.47059868154803147,0.0780923059,True,PRN050a
PRN050a-242-2,0.18788533990736905,0.308635725,0.2975999183728771,0.2830670933447144,-0.01015912487043011,0.31219212789887674,0.1700368466674384,0.2529345764814816,0.0768781205,False,PRN050a
PRN050a-244-1,0.5649346710194866,0.6942457237,0.6554008462312986,0.6753943616021628,0.6599055773154128,0.6855793809372459,0.5331884460679683,0.6636493463216788,0.0808805735,True,PRN050a
PRN050a-246-1,0.6493580830673056,0.8106921764,0.7715508175702201,0.7808754527652771,0.7991137706048598,0.8044375491533118,0.6389908339262359,0.7698776021511955,0.0773153445,True,PRN050a
PRN050a-248-1,0.637688919916353,0.8133799549,0.7306352119186336,0.7309461242763758,0.7627264906206237,0.12416596416167851,0.6405470168447999,0.7301513089842031,0.0768374399,False,PRN050a
PRN050a-250-1,0.49800145033922094,0.6554031518,0.6235730819934077,0.629247537897898,0.6260329416203416,0.634352175213244,0.4968007370149118,0.608981613009426,0.0792750094,True,PRN050a
PRN050a-254-1,0.5639041990379761,0.6480147595,0.6538519009423343,0.6552758507054515,0.6558798297363764,0.6323087580326733,0.5627763557934716,0.653745144517827,0.0828639785,True,PRN050a
PRN050a-259-1,0.5546523586318869,0.6808713977,0.6547307114301042,0.6867170288390575,0.6952376258403717,0.6632052837769654,0.5179510556330468,0.6100665974992204,0.0780275125,True,PRN050a
PRN050a-262-1,0.3436468648472465,0.43004283739999993,0.3634796331375499,0.4176293435737077,0.2793486668533737,0.058207546631993706,0.34515998995900793,0.418137460349292,0.0800127244,False,PRN050a
PRN050a-264-1,0.3277985627506843,0.5060852203,0.45349995560718814,0.3458991664728606,0.2845074016726223,0.1925223368243721,0.31974823504890126,0.4462784861599127,0.0747444249,True,PRN050a
PRN050a-266-1,0.41468513857977163,0.5592858006,0.5444002665771626,0.554579506768214,0.5447294092388458,0.522629653959685,0.3913590077061003,0.5126549179270207,0.0806251764,True,PRN050a
PRN050a-270-1,0.21275973915799526,0.3719436895,0.3002418702850465,0.26900196754338057,0.34024445397132086,0.3390051285601165,0.19441168543542278,0.3100326454481358,0.0741961941,True,PRN050a
PRN050a-270-2,0.25574977843983576,0.4065939265,0.29472812135285975,0.3316879176074059,0.311160063810334,0.10678841961736038,0.21237824896840662,0.26951035758047465,0.0727448975,False,PRN050a
PRN050a-272-1,0.42319078486859957,0.4966111088,0.5052310337447272,0.5090116797643341,0.47376803464076067,0.4972866506230255,0.4116690522046534,0.4400031598243198,0.0734872854,True,PRN050a
PRN050a-276-1,0.3135897328409064,0.48924031889999997,0.44923323479237254,0.48623388177464594,0.47608481041679374,0.3698869820402234,0.2613170153575643,0.42148726591130886,0.0792554572,True,PRN050a
PRN050a-284-1,0.6382604987389794,0.702551919,0.6668285086039858,0.6916082877209083,0.6854232784229292,0.6896311180820301,0.6309085439090562,0.6369188657252651,0.0760258599,True,PRN050a
PRN050a-286-1,0.1632876052213857,0.45743238280000004,0.4493147035797624,0.48836995773130704,0.49072841539888246,0.505650418050044,0.12234887564069911,0.30152821575757305,0.0731962761,True,PRN050a
PRN050a-294-1,0.06405718446811974,0.129370544,0.11780088324853509,0.10695011737241364,0.1579378667278777,0.11869875066743572,0.09256192176683231,0.1153579721983575,0.07506189,False,PRN050a
PRN050a-294-2,0.2119678707372294,0.3651201289,0.31802951633677357,0.35926986391344645,0.3903469924104564,0.4064195598867264,0.2143500657124314,0.3111679698956852,0.0722569656,True,PRN050a
PRN050a-306-1,0.2864125331519705,0.4365969609,0.43965232884782846,0.475852255297144,0.4698387968738998,0.4636109064922421,0.2640922145914876,0.42078740496899014,0.07465963,True,PRN050a
PRN050a-326-1,0.13805792728923433,0.217418035,0.09897455304157156,0.15657590087807308,0.1705083438073614,0.16965351353975464,0.1298277179752033,0.11309165516815053,0.0726649056,False,PRN050a
PRN050a-330-1,0.25267157555787745,0.340491303,0.2849981266963167,0.24981650583135295,0.2902262572161466,0.31851016449248865,0.20445670635052318,0.25182975097898364,0.0744929759,True,PRN050a
PRN050a-342-1,0.4443738866471052,0.573110512,0.5154843732262929,0.5297750024737405,0.5214927416709163,0.22983577239030092,0.40449938928375606,0.49897664144651405,0.0767390539,True,PRN050a
PRN050a-346-1,0.5272510786248695,0.6169347095,0.6208627528233659,0.6442067531903134,0.6323364536476642,0.6052936877025411,0.5290823314341602,0.6115766171007239,0.0770626874,True,PRN050a
PRN050a-362-1,0.42846630591483603,0.5510161776,0.557809980298807,0.5850403879643469,0.5797843222343088,0.5511646407725493,0.4203111044229006,0.5459468429103994,0.0784275174,True,PRN050a
PRN050a-362-2,0.35323088664149427,0.40604887430000003,0.3520525708652554,0.3290781608997904,0.3235331713582481,0.33351610958373146,0.33953419116223227,0.38664158861167713,0.0753500495,True,PRN050a
PRN050a-364-1,0.3135281176789924,0.4325003126,0.3766433163902395,0.4092250407126332,0.42252461432207367,0.404564695099837,0.31863689337753764,0.43456487095937735,0.072406704,True,PRN050a
PRN050a-370-1,0.13945616634057945,0.2515288914,0.11291644086247443,0.19471796496402488,0.19908856307595857,0.1849488614012983,0.1604763747816974,0.1800749890919021,0.074829136,False,PRN050a
PRN050a-370-2,0.3023443379964424,0.3592550254,0.32644437578938373,0.3292252584639629,0.3112629139939594,0.2878139625932704,0.27321492961199084,0.32542581764994566,0.0721483938,True,PRN050a
PRN043a-241-1,0.773174651501136,0.8459482667,0.8163857561283067,0.8281279794404999,0.8410247830910222,0.8526422685409069,0.740224251905452,0.8149407753311831,0.0741468052,True,PRN043a
PRN043a-251-1,0.43925597490086504,0.7819303716,0.7311053697113823,0.7349541190359926,0.741839414421643,0.7577525455331955,0.4150024926079258,0.6716913655270564,0.0758510177,True,PRN043a
PRN043a-251-2,0.39492807637873,0.4736878368,0.4863158107036118,0.5198884629398091,0.50817036810803,0.4975658180547688,0.39227105785164196,0.4337563747008959,0.0806295958,True,PRN043a
PRN043a-259-2,0.4787447048464306,0.6047571809,0.5508144700644734,0.5979282531228409,0.625155887608712,0.6374260530558805,0.464455416569525,0.5183094600574214,0.0712709207,True,PRN043a
PRN043a-263-1,0.4073487818038156,0.5863807635,0.5803334435245874,0.4919161772422624,0.1488248102688184,0.20086677327130328,0.34717217661443595,0.5135685480312977,0.0791903622,True,PRN043a
PRN043a-263-2,0.2926226051609825,0.38015755,0.3665346560064556,0.3755889007213831,0.3999200786644578,0.43064661069068394,0.2832479239979416,0.30343236030818904,0.0792250539,True,PRN043a
PRN043a-265-1,0.44587620903779385,0.5400168072,0.4164621097964016,0.41635802337989186,0.4824630572903169,0.5083580190110755,0.3522883666780252,0.38647085636015727,0.0704917825,True,PRN043a
PRN043a-267-2,0.16632079138478584,0.4353638356,0.3645335177714287,0.0920737668532941,0.4292397790308164,0.09950758457335561,0.06539130593536503,0.1825952592940228,0.0741325654,False,PRN043a
PRN043a-269-1,0.2417980930300061,0.3207745269,0.2831931693009435,0.3550883431943071,0.31734903601203207,0.3426344618535821,0.226048055230168,0.2846954238893563,0.0721243143,True,PRN043a
PRN043a-269-2,0.4044137616007522,0.5335712573,0.35897938020315734,0.5483953503583487,0.5634953149829958,0.5853794299515384,0.3217350750456078,0.5100800494987906,0.0793559813,True,PRN043a
PRN043a-271-1,0.2867978048440952,0.5127008112,0.45555876003432677,0.5336162040423112,0.5191223503608706,0.5398688824540072,0.2529370617943035,0.3887207438208165,0.0695188387,True,PRN043a
PRN043a-277-1,0.5806862863651425,0.6832396823,0.6664822872273888,0.6956741289900253,0.7056342768004013,0.7169748974623199,0.5569333541342387,0.6144042976463215,0.0785074341,True,PRN043a
PRN043a-291-2,0.6484504410445487,0.693920106,0.6411724647762724,0.5442063721392414,0.5239440904698439,0.45507340395874635,0.49458926621183347,0.6544904570299038,0.0778010873,True,PRN043a
PRN043a-291-3,0.5824888369626028,0.6866187236,0.6390060867575783,0.6603544609248988,0.6654748808369341,0.6579450328867967,0.5372214191380636,0.6306223940778937,0.0791509368,True,PRN043a
PRN043a-318-1,0.3804905330744077,0.4851610079,0.45082238660870866,0.490683316702424,0.5123748499054458,0.5269019550901082,0.35175879629823165,0.44426207933402617,0.077344753,True,PRN043a
PRN043a-320-1,0.5897441548196606,0.7502362048000001,0.6734464033155002,0.7349319546124741,0.7500174343556503,0.7400420861730503,0.5005074994526097,0.6447796343367282,0.0767006215,True,PRN043a
PRN043a-322-4,0.6626552024535506,0.7824193979999999,0.7582309747307382,0.7526023066324059,0.719781779136859,0.7386452185327184,0.6323411476157033,0.7231632410268162,0.0769823908,True,PRN043a
PRN043a-326-3,0.22781664678819374,0.588716275,0.4248489906108077,0.5388953265887433,0.5560110511107552,0.5855972795561319,0.15521891402121565,0.34796515064815636,0.0790418529,True,PRN043a
PRN043a-327-1,0.4227304277200567,0.590092072,0.5700028745899636,0.5569889952805994,0.6147629583925365,0.6025647407422432,0.40498674455224365,0.45924151610408626,0.0784414853,True,PRN043a
PRN043a-328-2,0.6307837302501865,0.7191791248,-0.03361438790435104,0.7422678718829665,0.7428398671141435,0.6292137755262869,0.6266673968035487,0.7286442768345133,0.0780284285,False,PRN043a
PRN043a-333-1,0.17103820827574387,0.47218578530000005,0.1761344642622754,0.3942522518207259,0.4294266813527014,0.46972807667771654,0.11521272154874906,0.35345039980005794,0.0772418142,True,PRN043a
PRN043a-334-2,0.34109625734502025,0.7882631257,0.737065588421916,0.7879115652619572,0.7929505878790574,0.7863788908740813,0.31776838451155,0.4333261513076077,0.0774847969,True,PRN043a
PRN043a-341-1,0.3216122690664181,0.6597529417000001,0.49247666564278864,0.6126797312232537,0.6547610896536513,0.6007242004155863,0.282328800384345,0.38609388333609307,0.083968925,True,PRN043a
PRN043a-346-1,0.7283690572827953,0.8452226255,0.675064226078654,0.7228701907167728,0.7600220215374041,0.8105254897229061,0.7154125772793634,0.6857457920240135,0.0793226198,True,PRN043a
PRN043a-359-1,0.35707684309154886,0.6272188227,0.5530737120595602,0.6213596678512355,0.6078246437158537,0.6014780871750669,0.3091685412596398,0.45311115799144386,0.0741071817,True,PRN043a
PRN043a-363-2,0.6246248584672204,0.7981456793,0.7590820447613538,0.7568535714529128,0.7792278806201262,0.7845703373228349,0.6138216003738967,0.736948098506124,0.0759690727,True,PRN043a
PRN043a-363-3,0.35058311440412304,0.5650712513,0.3928068872045464,0.4230168488611399,0.5030691294700388,0.40540982601575215,0.2516741539517306,0.30117110478884385,0.0714002519,True,PRN043a
PRN043a-367-2,0.6377155340197945,0.7646285485,0.5874660272104176,0.6530723948391225,0.6981829885301585,0.7458220230733821,0.6220261255155416,0.6698082928370949,0.0794976967,True,PRN043a
PRN043a-371-4,0.2939817221667129,0.5596120315,0.43699048371960797,0.561604804769845,0.5138497706892946,0.5774525600080364,0.2953075048798233,0.41309403104437714,0.07644834,True,PRN043a
PRN043a-373-1,0.28469141270940623,0.4087263783,0.32705172453467013,0.3472301832781852,0.3188898447947124,0.38545863736525615,0.2439432178914709,0.20859215316728472,0.0767971927,True,PRN043a
PRN043a-375-2,0.41904764972767783,0.666925612,0.33907954659376394,0.5994702970300924,0.6366250208613097,0.6772038157055343,0.39462095305549744,0.5758851498281432,0.0743570141,True,PRN043a
PRN043a-379-2,0.4129617487721192,0.6117642755,0.5354820407425507,0.583754008310062,0.5965244241764317,0.6172142274733459,0.40434828152801744,0.5126776971568252,0.074647514,True,PRN043a
PRN043a-379-3,0.1873574251597597,0.4372426089,0.3853590374166923,0.39648976006454084,0.3978530048527359,0.3701032780898385,0.1439765905289825,0.33609379912480514,0.0726290745,True,PRN043a
PRN043a-383-2,0.7112270810404423,0.8331109567999999,0.6677881718485066,0.7207658052846337,0.7553161856368412,0.802353082045767,0.7035803012046857,0.6547702478249451,0.0776947914,True,PRN043a
PRN043a-384-2,0.29020467154387797,0.6229712624,0.2627444414338271,0.4604851808568547,0.5583064959365448,0.62132394266797,0.12889378006133953,0.30016177262346755,0.0737182801,True,PRN043a
PRN043a-385-1,0.21127378420660134,0.6632726015,0.5234728879347434,0.6018554369032868,0.5636182610570765,0.603398100192106,0.1625745910550432,0.30549482422055024,0.0861687501,True,PRN043a
PRN043a-385-2,0.4722352606106967,0.7206146124,0.5392798615073894,0.618809254669955,0.6860177655901516,0.6946974408388532,0.4727448312575764,0.539124093061456,0.0774264019,True,PRN043a
PRN043a-387-2,0.7182245262727828,0.806939234,0.7559645754202682,0.7826212513578411,0.8047936246259819,0.8079577793176039,0.714171271035826,0.7357037177476797,0.0819077166,True,PRN043a
PRN043a-387-3,0.4899245448024263,0.6446781557,0.5553846994337436,0.6067693754909131,0.6380562360743788,0.661966982654409,0.4715058284638237,0.6150308186728821,0.0779233325,True,PRN043a
PRN043a-388-1,0.5436755146237592,0.7223898735,0.36936922223071356,0.3371695401787042,0.48970216040225767,0.6962774093171007,0.2339429901088536,0.27802062654028237,0.0728815149,True,PRN043a
PRN043a-391-1,0.4331827138178178,0.4654635238,0.39804877917673953,0.42425955291548634,0.4052130001231939,0.41477293090169604,0.33155113322227414,0.37933431704115145,0.0712005009,True,PRN043a
PRN043a-393-1,0.4324091355343307,0.6310842208,0.44797271011348794,0.5004848114668822,0.5325625751099606,0.6532843926566796,0.35432440019955097,0.4047079002199413,0.0777746645,True,PRN043a
PRN043a-395-1,0.41176328090090786,0.560425765,0.46391912354488546,0.5146215122997027,0.5411561921758268,0.5691651470687421,0.3395987504967389,0.36946957782688117,0.074927823,True,PRN043a
PRN043a-397-1,0.4649000914707357,0.6697680201,0.5855561010433342,0.6864459024524707,0.7033819226259636,0.7080839344087809,0.4342265718373339,0.5435328141841511,0.0782086673,True,PRN043a
PRN043a-399-2,0.568764517745828,0.6587136208,0.6018342542826249,0.6245287371041709,0.6288263336053174,0.6540852943582709,0.3718185598386964,0.5698135466015439,0.0839223421,True,PRN043a
PRN043a-403-1,0.525986373378377,0.6725919098,0.5307464008157072,0.5084513895042375,0.5904902363200212,0.6292875428414783,0.3087387269266243,0.40371066856795795,0.0746353327,True,PRN043a
PRN043a-403-2,0.2692178145162893,0.4061755544,0.3028054501835768,0.34362178027443413,0.31838898248357506,0.3133076715824035,0.14897671041088725,0.2832818644257893,0.073442184,True,PRN043a
PRN043a-403-3,0.26847224128692054,0.4228957665,0.39065057743057374,0.45271600006798257,0.4983444242579045,0.43659919491614274,0.24090037259445307,0.2727520020720445,0.0760483762,True,PRN043a
PRN043a-426-1,0.25235407680902283,0.3499575485,0.1247766835320323,0.18887727316353958,0.33714204677126325,0.2159785328435532,0.17872125756323415,0.1780764901560983,0.0724691949,False,PRN043a
PRN043a-427-1,0.26418911433319336,0.4599892327,0.3577372773866668,0.42681622648815715,0.419685352484317,0.3391540746425574,0.2543875654159302,0.335914191647338,0.0735772242,True,PRN043a
PRN043a-428-1,0.19604902458330042,0.4013121384,0.3103266007968384,0.3477742494266875,0.3591161613676322,0.34692835473858175,0.17580871331000672,0.1866013727996798,0.0776327897,True,PRN043a
PRN043a-435-1,0.27483901322888177,0.3251055763,0.18905529094209245,0.18645512891817856,0.27495833541371095,0.28550423982893885,0.255242826369312,0.22648362602451672,0.0783372596,False,PRN043a
SLJ009b-A-040-1,0.150633690840889,0.049955997599999996,0.08958618141648281,0.13523206070474367,0.16820419788791757,0.15412147077963226,0.2279597111620809,0.12185832419436067,0.0696074183,False,SLJ009b
SLJ009b-A-054-1,-0.03117226831476112,0.1490100851,-0.023055557894341855,0.018175403945514437,-0.005881657353417327,0.006984356311413932,-0.03938604237778481,0.03865104932543258,0.0726638045,False,SLJ009b
SLJ009b-A-054-2,0.15163191074561164,0.1508989998,-0.03274750236319505,-0.0025433096247541955,0.03836822096839195,0.07529233401089436,0.034577698189894014,0.15669634731561155,0.0779821606,False,SLJ009b
SLJ009b-A-058-1,0.18489916949839216,0.1277340934,0.007599421386677346,0.09371303328921178,0.045893079240605865,0.14250829375123103,0.01689437465881647,0.09394608369422962,0.0684511097,False,SLJ009b
SLJ009b-A-061-1,-0.0014964462155801987,-0.0268918936,-0.0426242521024408,0.10198077376672629,-0.0693915803840793,0.027408431850225283,-0.005902700709572191,0.10978810150881094,0.0738586817,False,SLJ009b
SLJ009b-A-062-1,0.16850411305001897,0.1288844813,0.2423565884168019,0.27561038736789834,0.1711461561814306,0.13010624383859995,0.29741429152608007,0.11721969535079609,0.0696997977,False,SLJ009b
SLJ009b-A-062-2,0.2042390158230391,0.1778255584,0.10510622798975942,0.1275362869184568,0.08784839632587271,0.13828631929052063,0.16331120724851855,0.045454339789784345,0.0694473447,False,SLJ009b
SLJ009b-A-066-3,0.026194798068628965,-0.026077743899999995,-0.09167704845938042,-0.01396794848665561,-0.024612200207759897,-0.022493279317524466,-0.0556444042135425,-0.06399433093238055,0.0746712924,False,SLJ009b
SLJ009b-A-066-4,0.05795204581461061,0.08976356159999999,0.1512547640651857,0.14336286353603941,0.16497449388436894,0.09334356897557793,0.1505788463724672,0.10740577330070362,0.0737992033,False,SLJ009b
SLJ009b-A-090-1,0.38186675065752124,0.530411148,0.46697021927698135,0.4818969898882235,0.5143714320691307,0.5301192427527989,0.35289568260891485,0.44649143192119783,0.0793228402,True,SLJ009b
SLJ009b-A-115-1,0.5599652363397449,0.4876473058,0.4853524445351397,0.5142259500201913,0.4847499616505688,0.11026353139350005,0.556375191230312,0.5032796620115136,0.0776130635,False,SLJ009b
SLJ009b-A-116-1,0.5109306476199783,0.6193902226,0.7146035310432514,0.6953931125339216,0.635131643458791,0.4234669828706965,0.46058386376288396,0.6880441692655895,0.0819784877,True,SLJ009b
SLJ009b-A-132-1,0.047554962901895766,-0.0271881851,0.03955163549801884,-0.008450656086327488,0.0011952107732757491,0.024060038554540374,-0.00027210159683352196,-0.01196791141361272,0.0744817538,False,SLJ009b
SLJ009b-A-134-1,0.0346396261038986,0.0155469159,0.013222185411509978,0.011237652123809169,0.051886187686609596,0.05316521599094144,0.017914973051670134,0.01612953641982767,0.0736031343,False,SLJ009b
SLJ009b-A-135-1,0.43751603858722715,0.5073392332,0.445940618912391,0.04145866463672212,0.48533057521678685,0.01505858657593243,0.45089492198983433,0.5060948330309953,0.0746599573,False,SLJ009b
SLJ009b-A-205-1,0.406554442073697,0.5445987043,0.49394931272760223,0.016124664573560772,0.45488223005260314,0.09350364573869362,0.3629911017070426,0.43232364245930666,0.0760389356,False,SLJ009b
SLJ009b-A-205-2,0.4724560025868964,0.6275564371,0.570547137720891,0.5815338272619625,0.6511818951041445,0.619948786365657,0.4243424944279203,0.6167855445551761,0.0849267244,True,SLJ009b
SLJ009b-A-206-1,0.5835344157313391,0.676851323,0.6471493444944219,0.7069126507859784,0.693873980904129,0.5459310052217646,0.558241957226376,0.6463735237510686,0.0852897961,True,SLJ009b
SLJ009b-A-207-1,0.668736532734953,0.7369278404,0.67146420126535,0.7148772959511706,0.7191762027512493,0.6615117041410177,0.5291564296043053,0.6906050851677765,0.0758566795,True,SLJ009b
SLJ009b-A-210-1,0.34513520221939176,0.4978559003,0.45407000984067974,0.44991470414177465,0.40769726793880423,0.1334072529367014,0.3162448098304097,0.48219147944814456,0.0732155887,True,SLJ009b
SLJ009b-A-215-1,0.44575928152534955,0.6558316455,0.6214771765036361,0.6192487591422626,0.6288920836762905,0.5438042716489508,0.43396314251060036,0.6253921754641443,0.0777650981,True,SLJ009b
SLJ009b-A-215-2,0.5475935632718297,0.6116986498,0.764262533016293,0.7845231098995468,0.8573937862221263,0.3840534943561792,0.8597911564325295,0.8510491844723627,0.0808558681,True,SLJ009b
SLJ009b-A-216-1,-0.01068233412565652,0.0100990564,0.06087215616550025,0.04242952570744202,0.020675843901756415,-0.04259915915508281,0.03779337549587534,-0.01698164617604017,0.0675360438,False,SLJ009b
SLJ009b-A-220-1,0.4242125278197471,0.6789702149,0.613798198283946,0.633004563826113,0.6984014379786663,0.6823275711623642,0.3798161180801927,0.66585693167489,0.0762268454,True,SLJ009b
SLJ009b-A-221-1,0.40608773916249513,0.4711920733,0.4356469741096019,0.49229184508066315,0.45032087241703694,0.5341720909819754,0.38129880988778575,0.4152809256191382,0.0788069034,True,SLJ009b
SLJ009b-A-222-1,0.7579370216067911,0.8386255554999998,0.7603007561428619,0.7611416997660563,0.761930777308278,0.8146008658242276,0.758608877629189,0.7573866587436286,0.0843251065,True,SLJ009b
SLJ009b-A-222-2,0.655421295455655,0.7721424647,0.6446660111387575,0.6481528940333907,0.6578997133504556,0.7517327359140537,0.5419328795393539,0.6170843640475814,0.0783620635,True,SLJ009b
SLJ009b-A-223-1,0.8039211878286887,0.8354849821,0.8119608627905777,0.8101374999835718,0.8290328485704662,0.8429960641910639,0.8010937818500614,0.8233253230696158,0.0964091982,True,SLJ009b
SLJ009b-A-224-1,0.7827940618466208,0.8636862875000001,0.8175593097201128,0.8205289377513114,0.8185687350557941,0.8549949033461284,0.7942583319672458,0.8016812959771197,0.0697175751,True,SLJ009b
SLJ009b-A-226-3,0.012509686740263492,0.07901590709999999,0.08543543031292863,0.029317074796011318,-0.04102044083566452,-0.09537148097396658,-0.038514348241197385,-0.02735453046798735,0.0749700856,False,SLJ009b
SLJ009b-A-226-4,0.046675970660533354,0.0446873092,0.037298733885939996,0.05159516381168318,0.04808645034573977,0.054815758648029844,0.04677257136656854,0.05110627924532261,0.0741562116,False,SLJ009b
SLJ009b-A-226-5,0.3894546206317343,0.4125412828999999,0.418380819049129,0.41693259250847303,0.3640530021648901,0.4003525171870189,0.3616332741212752,0.38759385573099525,0.0779102934,True,SLJ009b
SLJ009b-A-226-6,0.2500096255597486,0.3909016857,0.21554036384615807,0.32596023272416486,0.07706193332009738,0.05813942169621654,0.2209049073282929,0.29775527373552635,0.0764205395,False,SLJ009b
SLJ009b-A-227-1,0.3379485936054632,0.5445378156,0.537843942447884,0.5612384423614744,0.5278245269395085,0.31505356458806666,0.37538148286926776,0.511055353633375,0.0784812622,True,SLJ009b
SLJ009b-A-229-1,0.11541947820782653,0.4111736109,0.37252942229731967,0.37825094255621994,0.39484572284643643,0.42036760202591544,0.0784898853123887,0.25248885529580445,0.0727720247,False,SLJ009b
SLJ009b-A-230-1,0.4580208439828358,0.5752549807,0.4835979463515915,0.5200474753271815,0.5971523734138249,0.007981336978975644,0.44163338563714793,0.5413486958333402,0.0814663314,False,SLJ009b
SLJ009b-A-230-2,0.5229015749893355,0.676014236,0.7845723024511776,0.7663759779356508,0.7458598709419368,0.42446994937111304,0.4901670399185429,0.7200304984202722,0.0868121814,True,SLJ009b
SLJ009b-A-230-3,0.3391415490615184,0.49908581600000007,0.4360576849584873,0.13507960471709365,0.1279423487604975,0.11283431804140016,0.3193505175024642,0.4654461903045921,0.0822230246,False,SLJ009b
SLJ009b-A-233-1,0.5507755156716609,0.618897711,0.5948458836476216,0.4550184038395773,0.31156768624154063,0.31730382680072544,0.5406801435436225,0.5514565917065237,0.0819316262,True,SLJ009b
SLJ009b-A-234-1,0.36411095594534754,0.6641618967000001,0.4956817783207962,0.5843921180896585,0.635174713189557,0.6335410226848224,0.31315310699505133,0.5118236932998282,0.0715979549,True,SLJ009b
SLJ009b-A-235-1,0.3863084549587511,0.438578488,0.40260584249120773,0.4448878957148182,0.4470755051935953,0.15011940077559666,0.3588751800449248,0.36871746771997366,0.0732329983,False,SLJ009b
SLJ009b-A-235-2,0.7005728013505061,0.7792461289,0.7487912236391698,0.7492054660136027,0.7620094503308044,0.7747135046395566,0.711839419568148,0.7336855820403231,0.0718590461,True,SLJ009b
SLJ009b-A-235-3,0.2725746127068284,0.3179256590000001,0.2763313292847096,0.2765245764359334,-0.014112961226301105,0.10441419513342236,0.2581641978906229,0.27908238248642886,0.0842899263,False,SLJ009b
SLJ009b-A-235-4,0.18920183610255928,0.3468751764,0.28128936813683847,0.3517531925324494,0.3315078510360042,0.3371031549072663,0.18416153598267754,0.37724529889733127,0.0740254114,False,SLJ009b
SLJ009b-A-239-1,0.47734993565609446,0.5734501757,0.23091362497711146,0.3231763652029984,0.5645458754250126,0.48187012969216303,0.4150100686495846,0.49019505014406617,0.0722934348,True,SLJ009b
SLJ009b-A-239-2,0.3113750441333499,0.2859769056,0.33087908662558513,0.33522489636772257,0.31855580516620347,-0.0022168568497871323,0.2949164724084885,0.3134752044987878,0.0871002125,False,SLJ009b
SLJ009b-A-239-3,0.058781283354510355,0.1177190493,0.11571360074600692,0.02032072243136958,-0.005432477578010856,-0.00891386952514415,0.0178665703000012,0.13136784254452635,0.052218448,False,SLJ009b
SLJ009b-A-239-4,0.09043819606696234,0.0669781018,0.024211178806891963,0.020762389632727196,-0.0057674175905808875,-0.0013310161415255742,0.023358895138381477,-0.007690873730204543,0.0638032592,False,SLJ009b
SLJ009b-A-240-1,0.19887513281885352,0.1984689151,-0.01929383667274306,0.06708576977687081,0.13068825307508466,0.1992437468495052,-0.09155140850731576,0.008263082379949122,0.075493592,False,SLJ009b
SLJ009b-A-242-1,0.4426415253143139,0.5777114666,0.5407086293260586,0.5409411833500127,0.5346784369890014,0.32571373133495124,0.4283977742165266,0.5288747994764759,0.0837977749,True,SLJ009b
SLJ009b-A-242-2,0.6856483524743441,0.7854041145,0.7814563128098093,0.7747067082041043,0.7967276724276974,0.6451835314361918,0.6456652071509043,0.7832809698714099,0.0777846556,True,SLJ009b
SLJ009b-A-244-1,0.5527581413170686,0.7245882819,0.6756441384750032,0.6903768532123948,0.7269906031109606,0.7375897746329414,0.28170407442514217,0.6974109326735848,0.0790346778,True,SLJ009b
SLJ009b-A-244-2,0.10717373667396007,0.143313554,0.1200467485053802,0.12448902053175963,-0.013662028012839535,0.07457918768366505,0.03098205765067793,0.27038826586385195,0.0847188931,False,SLJ009b
SLJ009b-A-244-3,0.4452503292702007,0.5360893226,0.5489717635326925,0.548276100244578,0.5441655015989249,0.3196022234400874,0.5118063631004925,0.5099286912390949,0.0905531031,True,SLJ009b
SLJ009b-A-245-1,0.6163385508686026,0.8372356035,0.79454609876087,0.829522015677372,0.8296601417430237,0.8421489781605407,0.6142326695984339,0.8043983682407692,0.0796867259,True,SLJ009b
SLJ009b-A-246-1,0.4538091341186294,0.4838971353,0.45882484614861196,0.5415930834580386,0.08969674475399471,0.085258206751863,0.4195722641087898,0.4289808771090866,0.0728319703,False,SLJ009b
SLJ009b-A-247-1,0.49764726337793447,0.6095582212,0.5595732114178161,0.5802308331077994,0.6032689561004958,0.6030733228071261,0.4861680049894271,0.5545989202015273,0.0845667468,True,SLJ009b
SLJ009b-A-248-1,0.8269114441298001,0.9050112451,0.8663376689394443,0.8909491608474567,0.8978605434712499,0.9056929697014684,0.8635657747153856,0.8794164125846597,0.0825759691,True,SLJ009b
SLJ009b-A-249-1,0.33140174151813223,0.5625731843,0.5096944927180236,0.5518056710381706,0.5593030151853283,0.4984216567790798,0.30301462834437976,0.4133416311290768,0.0720183463,True,SLJ009b
SLJ009b-A-249-2,0.33574051710388314,0.4872027541,0.48936764695929214,0.5242777738260268,0.540538334977743,0.5583429104215779,0.2955590828357082,0.39963796629772697,0.0721378015,True,SLJ009b
SLJ009b-A-251-1,0.6013292940716221,0.7552385025,0.6649838283069622,0.7316307597999891,0.7546931583191965,0.7500511257208424,0.5753107580218555,0.6844394798575798,0.0736364732,True,SLJ009b
SLJ009b-A-251-2,0.2600131611613747,0.2794082261,0.20314630739899173,0.2278860292514001,0.009561364133783964,0.08321963506381036,0.1562065412476984,0.19422027703430925,0.0736391088,False,SLJ009b
SLJ009b-A-252-1,0.47937041613428627,0.5585445384,0.5159907400111662,0.5642221100472279,0.5667805766279626,0.272264805582494,0.41578696939576765,0.45671090666234887,0.0711894684,False,SLJ009b
SLJ009b-A-254-1,0.3583724589831809,0.4842449318,0.4694131666040539,0.2603975538603796,0.3086018807156529,0.15629704902520508,0.34982727747960124,0.4418724760604811,0.0862094722,True,SLJ009b
SLJ009b-A-258-1,0.5728775686923676,0.7118496863,0.6638274324442369,0.7256741060563363,0.6972225591623953,0.6887013452607178,0.6035380651271519,0.647010144810209,0.0693580442,True,SLJ009b
SLJ009b-A-258-2,0.22175517545870085,0.2145929265,0.1945502446836365,0.20448964583767726,0.2743726568509337,0.2850158781306879,0.23382144192069348,0.19516511260096314,0.0692842649,False,SLJ009b
SLJ009b-A-261-1,0.2274598218292869,0.3100193294,0.3077411524669655,0.28846804983041985,0.04520967553102226,0.03783539705241582,0.20288227347101404,0.22862754480112818,0.0742680379,False,SLJ009b
SLJ009b-A-263-1,0.6483121486774097,0.7496449327,0.746693396978817,0.7553287525151314,0.7660608364369581,0.7682578592960029,0.6436836212274298,0.7332611303169871,0.0773290511,True,SLJ009b
SLJ009b-A-263-2,0.5633473447737359,0.6001119356,0.5873536497685417,0.588845694649205,0.6511966850326615,0.6643032462682775,0.5038207835350594,0.5762298243419735,0.0749829158,True,SLJ009b
SLJ009b-A-266-1,0.36224044529998484,0.4686462776,0.3959107136727128,0.4493451458179561,0.4776545452217121,0.41652579354527514,0.33623973231631016,0.34582223663771167,0.0779368394,True,SLJ009b
SLJ009b-A-266-2,0.32158597191187666,0.6021249942,0.5600428795124356,0.607038709084374,0.6317711970120522,0.6484451960923739,0.19111433564635463,0.5636375344116861,0.0718392184,True,SLJ009b
SLJ009b-A-266-3,0.2643598997699813,0.7172038216,0.6881617592870836,0.7323861410739871,0.7542455491342024,0.7801523030877923,0.23613218060773752,0.7134538013517461,0.0752649278,True,SLJ009b
SLJ009b-A-267-1,0.34334976944240697,0.5284778664,0.445846745573501,0.5138382571375493,0.5597376591137599,0.6515173371843158,0.3089325134020632,0.44311438906638406,0.0712111826,True,SLJ009b
SLJ009b-A-269-1,0.635776780404641,0.6649185246,0.6234675340857903,0.6263431633548334,0.649161465133197,0.6736071426595966,0.620336560139379,0.6268563965735148,0.0771218577,True,SLJ009b
SLJ009b-A-270-1,0.48650607690921,0.5616865456,0.5780506046552567,0.5823193703830987,0.3973215190869346,0.20967288646086413,0.47517261981260467,0.4840398032618056,0.0773341295,True,SLJ009b
SLJ009b-A-272-1,0.38989012815840596,0.5415943063,0.44893546930452194,0.5278225334587993,0.5381778640271017,0.2833865723695947,0.3986124893617826,0.4362118480557975,0.0718745282,True,SLJ009b
SLJ009b-A-274-1,0.4811876991359073,0.6319542328,0.5642570358377839,0.6031597577928436,0.6161145661295139,0.6861416890277581,0.329581659170997,0.5665980412613432,0.0799635707,True,SLJ009b
SLJ009b-A-277-1,0.3467550951662973,0.47234171900000005,0.40691678373736656,0.4732388315157589,0.48457377139817137,0.49766806230342797,0.3577815461759017,0.34547874841788717,0.0743976697,True,SLJ009b
SLJ009b-A-277-2,0.3722409108693876,0.6080739836,0.4456340965325824,0.4848601612645486,0.5576410857834144,0.6023950300258603,0.3137372616635736,0.4580411408510688,0.0697475113,True,SLJ009b
SLJ009b-A-277-3,0.20848392147701778,0.3830009207,0.33556307285847176,0.22295857647286169,0.37050377698203296,0.36666543182073313,0.1703308246950669,0.29238436202142837,0.0714662627,False,SLJ009b
SLJ009b-A-277-4,0.5333466032258884,0.7212002866,0.6945937050282662,0.7065916412554094,0.7160712352636333,0.7201073674439252,0.4974290824250944,0.6755364266711643,0.0743183479,True,SLJ009b
SLJ009b-A-278-1,0.24749364075655375,0.5707212391,0.5345116605558077,0.5626965509129453,0.5842325605761972,0.5921124883712027,0.20379319333943482,0.45774865392933206,0.0724081336,True,SLJ009b
SLJ009b-A-286-1,0.23867209681159002,0.4119141875,0.429844117915102,0.44540286461555695,0.279062287305497,0.29306835373442824,0.2264847585167793,0.33450367682823196,0.0762615085,True,SLJ009b
SLJ009b-A-287-1,0.39022431021233195,0.550012896,0.42841442888662146,0.5612146296566409,0.3976248858491127,0.36489287762891776,0.345727016503428,0.4633432638126145,0.0833842195,True,SLJ009b
SLJ009b-A-287-2,0.4661522801731213,0.6003150944,0.5388239768904465,0.5777364007940321,0.614714099407549,0.5893692759527296,0.4613052042635864,0.4956492724518268,0.0710524993,True,SLJ009b
SLJ009b-A-289-1,0.35544089500228593,0.5966621433,0.5426584280193837,0.6617030191690824,0.6559877414604212,0.6539120913364647,0.35276790890771115,0.4380818762046931,0.075676404,True,SLJ009b
SLJ009b-A-292-1,0.23415131062353225,0.551391151,0.418960499580109,0.5251274552177607,0.5220768760867162,0.514787259149652,0.17793728973070194,0.3084372695795546,0.0742160387,True,SLJ009b
SLJ009b-A-295-1,0.18354343605036924,0.2786348807,0.12636608768011354,0.0739491213106335,0.18487318983886078,0.08780072712984603,0.21961908177380884,0.3054903262043908,0.0777840436,False,SLJ009b
SLJ009b-A-295-2,0.4124664050892556,0.5621746415,0.48190212610288463,0.5294172146278873,0.54573269379429,0.5215105794663122,0.4164244749055831,0.47223201227070666,0.0708559281,True,SLJ009b
SLJ009b-A-297-1,0.4236569053747175,0.5106385333,0.5198794301505608,0.5313402160101093,0.5339708575878771,0.5423290874440383,0.39810446861283066,0.4646988867518918,0.0754980799,True,SLJ009b
SLJ009b-A-297-2,0.3026642514179516,0.3605699818,0.32488496014195456,0.3620651169918115,0.4549910580469807,0.41918108071177923,0.27249044687717827,0.29566291827174873,0.0734059007,True,SLJ009b
SLJ009b-A-299-1,0.21365996718643124,0.4404355989,0.30449564699291165,0.3090627610775029,0.4557437567435904,0.3416820721424825,0.21173396203488706,0.3198383805570475,0.0735006328,True,SLJ009b
SLJ009b-A-299-2,0.34567107376643014,0.5291879546,0.5186394764912494,0.6500901035296953,0.6416765342350398,0.6295167538780713,0.33670195483170645,0.46077947270548714,0.0731817726,True,SLJ009b
SLJ009b-A-304-1,0.3893283666482956,0.5022291578,0.5875818725882305,0.5724307407688951,0.5258587743219554,0.28139488810041213,0.35609618284563066,0.43699955068196517,0.0727694786,True,SLJ009b
SLJ009b-A-306-1,0.31787361098042355,0.3841851893,0.3818941490885834,0.3845430407969104,0.38256027119283403,0.39396528233448447,0.2627138974300608,0.336328569449417,0.0776854492,True,SLJ009b
SLJ009b-A-311-3,0.43077058814150254,0.647299556,0.6136405819096941,0.6714424654362556,0.677675920437146,0.3616068989998618,0.32341200701677286,0.5174486445557084,0.0745312201,True,SLJ009b
SLJ009b-A-313-1,0.15196975520602218,0.1774905107,0.11125705497076498,0.1315883437243343,0.12307052725688947,0.13212242493257997,0.11394673039471376,0.1463382715834475,0.083409582,False,SLJ009b
SLJ009b-A-316-1,0.2824190219343399,0.2553328238,0.14431290568018912,0.20252053837861095,0.2197456919076525,0.12201609786889046,0.23805230259188095,0.20506919168813803,0.0706337715,False,SLJ009b
SLJ009b-A-316-3,0.3321333279254921,0.3834883288,0.17798816183815105,0.2602262333901675,0.4421298012784695,0.03441677036935881,0.20960116562180983,0.20916750295910086,0.0726872658,False,SLJ009b
SLJ009b-A-319-1,0.47402144186140677,0.5870952529,0.5316870612342252,0.5162399747919456,0.6166538987385844,0.3708423829560454,0.4070735515591799,0.45663227473234796,0.0731551207,True,SLJ009b
SLJ032a-A-003-1,0.4120528385481833,0.5970892691,0.42435904713141215,0.22448337563480197,0.2508277215241097,0.095951222017669,0.42797309605461104,0.5332578055556135,0.0768902983,False,SLJ032a
SLJ032a-A-007-1,0.24299131095876494,0.430006546,0.4012542982338807,0.471965828017692,0.10524299983608779,0.010942478616943575,0.19134697937047215,0.41908657110879244,0.0740691433,False,SLJ032a
SLJ032a-A-011-1,0.39509935530047274,0.4962336225000001,0.11799902333217335,0.0014991190553321134,0.08759404683694752,0.1734612071388474,0.4034812811448621,0.5193343821658557,0.0776017525,False,SLJ032a
SLJ032a-A-023-1,0.303118222999451,0.4361933437,0.45274973926335244,0.04012108157924277,0.19395125704950575,0.2769971398767282,0.30035153956967614,0.4462443541663118,0.0857330182,False,SLJ032a
SLJ032a-A-031-1,0.13116060117965267,0.2260825593,0.12868710495339666,0.017503078287761306,0.07181740585969475,0.003514767462161486,0.11939700924588867,0.1928802874805149,0.0860338492,False,SLJ032a
SLJ032a-A-034-1,0.4686637764874169,0.5831445422,0.5300990437933366,0.5679003780781408,0.6036267068628337,0.5131638916799895,0.4383118392578137,0.4586057227502581,0.0725291667,True,SLJ032a
SLJ032a-A-045-1,0.301743081231601,0.4544131051,0.4123285483619289,0.44011211351115137,0.4803623106964321,0.43296299298445334,0.3290928967723991,0.3800125549640867,0.0695282322,True,SLJ032a
SLJ032a-A-046-1,0.264850382923148,0.3025845156,0.14014260270658804,0.1391339062935834,0.10285829242844165,0.03122920104235354,0.2581657622859756,0.2883346466608845,0.0736612204,False,SLJ032a
SLJ032a-A-046-2,0.09291067976278765,0.1813931552,0.15811830683072192,0.14916987394607045,0.16487532037343763,0.160271859319465,0.07808144902909588,0.15874551804807674,0.0773381431,False,SLJ032a
SLJ032a-A-047-1,0.3615612532449131,0.5240421152,0.44658842945619065,0.304308320440823,0.12229916639166934,0.2631228529779736,0.36010393388042267,0.42185898780582237,0.071659591,False,SLJ032a
SLJ032a-A-052-1,0.03785620606664054,0.2624355672,0.052775501954289816,-0.0004354162665182016,0.12433410892439589,0.03428374959774892,-0.029413999049269432,0.15233095834908808,0.0696317883,False,SLJ032a
SLJ032a-A-054-1,0.5753275455719908,0.6897915056,0.6943216357602889,0.6881902899405555,0.679823647722724,0.679973747394748,0.5729046505461586,0.6214274169643581,0.0844695759,True,SLJ032a
SLJ032a-A-055-1,0.362244992600015,0.4576840947,0.5022823623021967,0.45416312287269545,0.4672413965649593,0.3795042439968708,0.3589228784964493,0.44191367988749264,0.0766374231,True,SLJ032a
SLJ032a-A-057-1,0.516042751485301,0.7392301407,0.7253578398627987,0.5892179277183017,0.10945655254013925,0.20144528314440419,0.5170474073778283,0.7448805222459397,0.0767379196,False,SLJ032a
SLJ032a-A-062-1,0.09603156398980235,0.2799590575,0.43450267914505175,0.03117138543178308,-0.004566553306592387,-0.004402073625385091,0.10494961239578826,0.1798059642314652,0.0808258001,False,SLJ032a
SLJ032a-A-064-1,0.8122195836907191,0.8971625878,0.8972707915561402,0.9054416080661603,0.8951448955456293,0.7109881157656938,0.8932847969426544,0.8646035907240867,0.0786686059,True,SLJ032a
SLJ032a-A-064-2,0.8230865581773421,0.9039492836,0.9041862196728079,0.912323658758544,0.769612878679017,0.7283467897563176,0.7516341217416476,0.8710654143706198,0.0747508148,True,SLJ032a
SLJ032a-A-067-1,0.6255663122078724,0.7045400817,0.6436559611752307,0.659238770172453,0.6056203241052776,0.5529890303129736,0.6248555596862184,0.6836477652097053,0.0800233532,True,SLJ032a
SLJ032a-A-070-1,0.24522585499379965,0.3881099348,0.3597663820524373,0.010209563255923692,0.029120027231787082,0.06560381362676691,0.2921410740364106,0.4586615601680996,0.0769201355,False,SLJ032a
SLJ032a-A-071-1,0.14044264601824735,0.4635714615,0.3793016440324422,0.44298743016090086,0.505006692020739,0.44471906978637094,0.12692398122926335,0.3242355059000118,0.0781963546,False,SLJ032a
SLJ032a-A-076-1,0.10772987207026165,0.11415266259999998,0.13704696487584753,-0.005465731295843722,0.03587098900870833,0.045006601699269885,0.16318111513270223,0.024303748543680077,0.0760155259,False,SLJ032a
SLJ032a-A-078-1,0.19175713712670786,0.4851897694,0.43904630490922,0.39309618640545835,0.4726030577982274,0.3891656352893553,0.16206981116401276,0.34381318995032156,0.080456007,True,SLJ032a
SLJ032a-A-078-2,0.44104639051955224,0.4504130632,0.5519942607504394,0.15221452682116765,0.01483392115476004,0.05418669402732846,0.41471664476182446,0.5227865067298639,0.0731238616,False,SLJ032a
SLJ032a-A-079-1,0.39644436084662676,0.5249115424,0.5012644332187309,0.509938460491837,0.3619196564644685,0.10876793014086097,0.3955195096433663,0.47109405398770715,0.0830553604,False,SLJ032a
SLJ032a-A-083-1,0.5468421926670446,0.7071202159,0.6895813373581515,0.6996628653822918,0.7086328271521806,0.6888545289218294,0.5192966442566186,0.6541373239061292,0.0710236008,True,SLJ032a
SLJ032a-A-086-1,0.29635264045551746,0.5567881601,0.4862675920492794,0.17690375766391656,0.26401636007957197,0.2407709738420607,0.27641768436986847,0.4962145264687006,0.0877099765,True,SLJ032a
SLJ032a-A-086-2,0.41574767156239956,0.5472432621,0.5515526416979978,0.3843450586956266,0.3554089988224057,0.2450936794423777,0.4324281323418143,0.49614536640213264,0.0780513575,True,SLJ032a
SLJ032a-A-087-1,0.20277943747551186,0.2048890294,0.18234045295206058,0.19381806568051832,0.19722118006440684,0.19016859967219898,0.19117236307157215,0.12892667022786722,0.0744206447,False,SLJ032a
SLJ032a-A-094-1,0.2980760711396936,0.5752280933,0.3314394480939009,0.5789860747002041,0.5530238668216165,0.35804556208422145,0.2596130584806973,0.5544890046992309,0.0883353106,True,SLJ032a
SLJ032a-A-095-1,0.3209321453555272,0.4424754718,0.37511008829677633,0.3239647409855584,0.37907953329577343,0.23201458435078404,0.31753313945970485,0.4624843533509986,0.0768284998,True,SLJ032a
SLJ032a-A-095-2,0.34217203571254695,0.4999804569,0.2930641985655352,0.34975577593507357,0.25787917203246064,0.09926004415873874,0.2722059296016241,0.3966732775645707,0.0747823815,False,SLJ032a
SLJ032a-A-098-1,0.3632382492618887,0.6370757509,0.6004145978639103,0.6114247855158921,0.59673170516159,0.5989847794570077,0.3688982523186697,0.5185386804053327,0.0732601468,True,SLJ032a
SLJ032a-A-099-1,0.4747212984881791,0.5704846878,0.5658936765996552,0.268855268647524,0.06617124744400582,0.17329755913137945,0.47229200379544545,0.5574958462151496,0.0731368904,False,SLJ032a
SLJ032a-A-102-1,0.5027060034043912,0.6153657668,0.484587023905475,0.5251959253483919,0.5460969800450687,0.30673255302191443,0.4777902679987155,0.5257124944335464,0.0737797275,True,SLJ032a
SLJ032a-A-102-2,0.39865756118503193,0.6146993128,0.5205095431034932,0.5830032468394641,0.584820148427882,0.5740331196877518,0.42370737156584715,0.5249118749312585,0.0731534287,True,SLJ032a
SLJ032a-A-105-1,0.16177096058653048,0.2511517712,0.12544081494804485,-0.003534359239426905,0.14026698998979553,0.09951868446929997,0.15631200180518184,0.2263276853282888,0.086138928,False,SLJ032a
SLJ032a-A-107-1,0.4947546561846496,0.6917116396,0.6199348002862765,0.665811621928299,0.6461758963528194,0.6750122486867026,0.45234180953731656,0.5900492719649796,0.0720777248,True,SLJ032a
SLJ032a-A-111-1,0.4691836472138988,0.6447945741,0.5568222660452905,0.5964348513959826,0.5998712932216368,0.5971526139301558,0.4520679739003121,0.5370464696042818,0.0688254611,True,SLJ032a
SLJ032a-A-122-1,0.19743430291571384,0.5476976588,0.5142796387965346,0.5679968829919337,0.59210858779834,0.5992039542908646,0.18153511922775722,0.3864461154214395,0.0733533417,True,SLJ032a
SLJ032a-A-122-2,0.23629822487315366,0.5185105378,0.5226412277860162,0.5095950145227597,0.44490034175313303,0.4688317435140115,0.25520110554503284,0.36755316649439723,0.0674787499,True,SLJ032a
SLJ032a-A-125-1,0.4240740132283162,0.4595904387,0.4845339375642153,0.10150102103415817,0.11508250470710242,0.038970388571292314,0.3737924505742042,0.4733176050087828,0.0776723288,False,SLJ032a
SLJ032a-A-126-1,0.394869746269091,0.4660332475,0.45476142862975233,0.4754474588157909,0.44262884710177564,0.4415522874355899,0.37156149147818834,0.4376336170500436,0.0792181846,True,SLJ032a
SLJ032a-A-126-2,0.4439020498531483,0.5439897955,0.5323710444840447,0.5329059518166538,0.5298864288736934,0.5001214072714915,0.44140567648300905,0.5183931155545853,0.0812826826,True,SLJ032a
SLJ032a-A-126-3,0.15911406909659603,0.3112324863,0.31170814635806815,0.3584208296366797,0.34154006103090506,0.03156223172053378,0.16764017179654958,0.23802259856069483,0.072639009,False,SLJ032a
SLJ032a-A-129-1,0.17733500736662436,0.5591036593,0.5433988434578481,0.5565865741968082,0.5463301142152074,0.5535362536584894,0.2233020965667704,0.406121475662042,0.0693688969,True,SLJ032a
SLJ032a-A-130-1,0.7803089363344299,0.9077374822,0.9041566247445045,0.9153324526299728,0.9102013921161259,0.8979814245098597,0.7613609372548298,0.8739177767441886,0.0751902042,True,SLJ032a
SLJ032a-A-135-1,0.1839386589649726,0.250488051,0.23810139323705223,0.2619208971984681,0.19718618767488313,0.17609188845980878,0.18166576159681366,0.24482674452365658,0.071094281,True,SLJ032a
SLJ032a-A-135-2,0.47436839145031434,0.5913764272,0.49815304830839763,0.5177112053664321,0.5256095083509694,0.5406850445867968,0.43835892853963954,0.47918658615698817,0.0767909104,True,SLJ032a
SLJ032a-A-136-1,0.13355992324087806,0.23091052859999997,0.15227752225619123,0.207747044160664,0.1948283881362196,0.24194982636305518,0.10273163441158993,0.2574483677444678,0.0794585631,False,SLJ032a
SLJ032a-A-137-1,0.6534712843813029,0.7521457105,0.664050183332476,0.6673048074928354,0.7384190752068241,0.7220644853877848,0.6346040547854781,0.7160867263025278,0.0822590945,True,SLJ032a
SLJ032a-A-138-1,0.3939604249434305,0.514467754,0.4692719639820476,0.4600385017718027,0.46008641222784635,0.4496656028908932,0.35786801396224677,0.4453466753789316,0.0775001437,True,SLJ032a
SLJ032a-A-138-2,0.40059196743429004,0.5295882984,0.5074643229029732,0.5321242178352529,0.17051022545327146,0.0680783650796478,0.39691317741503723,0.4948765154417414,0.0715102546,False,SLJ032a
SLJ032a-A-139-1,0.1732211167239668,0.3288317289,0.2979894708992894,0.009510638944569204,0.03697952918857109,0.013642852835310805,0.06732487948385307,0.22896139592319772,0.071309372,False,SLJ032a
SLJ032a-A-142-1,0.11437500210226711,0.3116181257,0.28238658178603515,0.07040605472184146,0.24792864657028435,0.021537848385692053,0.08985965199145364,0.25899563215982263,0.0707178758,False,SLJ032a
SLJ032a-A-142-2,0.5806563336948419,0.6330604712,0.5786319472772561,0.5909259296100585,0.6493766979477837,0.6027641691547647,0.35577147292735817,0.6158301972884178,0.07956767,True,SLJ032a
SLJ032a-A-144-1,0.5253790853844351,0.6407077442,0.6144476509231176,0.6286087917424605,0.6195259322548904,0.5704188953234107,0.5107343121832466,0.6266308683421993,0.0797430359,True,SLJ032a
SLJ032a-A-147-1,0.19477269737213143,0.3359413435,0.26242796740047886,0.30171672337895816,0.3265163794976832,0.0854540518419859,0.20355561260569158,0.2677943613047688,0.0807710763,False,SLJ032a
SLJ032a-A-148-1,0.20322274198713036,0.3495244515,0.30689954114946166,0.3023874315276776,0.2856541446865942,0.2499075907039052,0.27142293702142783,0.34426746224802035,0.0775136971,True,SLJ032a
SLJ032a-A-151-1,0.18225973934501913,0.3270770864,0.3029770467194461,0.3445574466342565,0.2632478549600577,0.1444986104737393,0.1604224608102667,0.2603033582505185,0.0761602012,False,SLJ032a
SLJ032a-A-155-1,0.3132783779316332,0.37851607549999994,0.3768652717904178,0.3088590636570339,0.29962909986139247,0.27822408606484633,0.3565764821111585,0.3767886033639712,0.0685920328,True,SLJ032a
SLJ032a-A-159-1,0.19397169754264632,0.3094895739,0.2929771295228496,0.30022388677552553,0.022467480431464425,0.04429105375420615,0.21156141640366966,0.33490341878468316,0.0786814945,False,SLJ032a
SLJ032a-A-166-1,0.28135923700473175,0.3538353559,0.31950688970089935,0.05441023634944224,0.07307614960118711,0.027789782008734772,0.26171249651535966,0.32415307242831737,0.0699780162,False,SLJ032a
SLJ032a-A-166-2,0.3251315667942527,0.4363832064,0.3848585023969275,0.21395188202337928,0.2817166808553613,0.1714915973824207,0.30534697997420124,0.3912603746049098,0.0755103159,True,SLJ032a
SLJ032a-A-171-1,0.1634205666049692,0.2492433113,0.23254809137264865,0.07352072679368672,0.02851941377611253,0.18674049153270525,0.1670206303836546,0.2151416406455901,0.0813730498,False,SLJ032a
SLJ032a-A-171-2,0.29228364364294024,0.4466851746,0.40042419735890783,0.43388456629019323,0.4512775875634316,0.44043199693856117,0.26960076124057397,0.34174174571191945,0.0739452371,True,SLJ032a
SLJ032a-A-174-1,0.7002567461622425,0.8395980075,0.8351188306484393,0.42444387685656193,0.8264280360985607,0.37006651674271923,0.6877091748261366,0.796875960252807,0.0777648406,True,SLJ032a
SLJ032a-A-178-1,0.22611681941675188,0.2294330022,0.26022060155888765,0.07282006181309494,0.05961879483950099,0.11190443270503775,0.1612067494376566,0.2677853114081068,0.0751154657,False,SLJ032a
SLJ032a-A-182-1,0.34415682969145495,0.5888646101,0.5261331647006005,0.564670461890258,0.5872263663779752,0.5328830996297639,0.32655691607328524,0.49064384197720357,0.0752524951,True,SLJ032a
SLJ032a-A-182-2,0.6375782283828655,0.7442822770000002,0.746927155350576,0.6977305335556805,0.1464900961440429,0.13624475901886537,0.6342867194995334,0.7230239128875381,0.0725810527,False,SLJ032a
SLJ032a-A-184-1,0.07152892078487356,0.2559975003,0.24323237129346414,0.09197093216371502,0.12869115061818096,-0.010208683520988962,0.08520978310866115,0.20191390200457257,0.0764762225,False,SLJ032a
SLJ032a-A-186-1,0.3214946179453365,0.3805991412,0.40745670510317694,0.38732088984763025,0.01240169065167739,0.041873439083925844,0.3305374184955077,0.3534265674284866,0.0732383891,False,SLJ032a
SLJ032a-A-187-1,0.11268126761969467,0.2993935332,0.24484064289864998,0.2558916059952373,0.21163625490643867,-0.0006884059619396387,0.11739555626058176,0.23820067963270655,0.0716289175,False,SLJ032a
SLJ032a-A-187-2,0.3559891030313156,0.4550297846,0.4420526405307244,0.12392426582496768,0.06090347316791553,0.07243060041335132,0.3590799056225718,0.39571578041173827,0.0776753141,False,SLJ032a
SLJ032a-A-190-1,0.2488543360563851,0.4334102089,0.4128869457067091,0.4761940624421712,0.35691706508859905,0.12717571509212341,0.26185553423379304,0.3427640158908691,0.0746086324,False,SLJ032a
SLJ032a-A-194-1,0.12893901485029635,0.144980689,0.16588843494049793,-0.003386110299296541,-0.016287606996950196,-0.017733016288304544,0.12570757579631026,0.14151128690176534,0.0747034772,False,SLJ032a
SLJ032a-A-230-1,-0.05345650113999701,-0.0414242977,-0.045498330073856584,-0.08956907008729392,-0.069161529974958,-0.047887415117054535,-0.04452038308837698,0.008765422477331149,0.0732664199,False,SLJ032a
SLJ032a-B-154-1,-0.11442384996065107,-0.05901153210000001,-0.1780154206135411,-0.1011373312440601,-0.06519319995673376,-0.056102424991988926,-0.05408459776583698,-0.004481587430777736,0.0695136483,False,SLJ032a-B
SLJ032a-B-177-1,-0.06437052349759317,0.0742474492,-0.050979989933892814,0.08016940493978521,-0.03894920610719414,-0.025256715407473904,-0.014093900847428157,-0.03683442721969275,0.0753285462,False,SLJ032a-B
SLJ032a-B-189-1,0.16941650721504736,0.2336389776,0.13088465642828537,0.184249587298211,0.19334728503155785,0.2026126232465384,0.13935903894015791,0.2209191440871169,0.0697552686,False,SLJ032a-B
SLJ032a-B-195-1,0.11486723688313916,0.386992062,0.3679292743292263,0.42710729497306055,0.4536367658501315,0.09660369828948555,0.18951308707739725,0.354891312587858,0.0732089254,False,SLJ032a-B
SLJ032a-B-204-1,0.08739600116076084,0.1551814875,0.029376295285830977,0.0065631764393592985,0.036535781618777824,0.08623929599259725,0.05387671943474559,0.18679925161835143,0.0763955166,False,SLJ032a-B
SLJ032a-B-214-1,0.14985903831588235,0.2294337048,0.28005455488962544,0.17097899984998194,0.09922401924115012,0.27651863785235914,0.14795208185070383,0.29641241495546344,0.0757968357,False,SLJ032a-B
SLJ032a-B-216-1,0.7265759202069003,0.8051149107,0.763852290393847,0.7402277047412775,0.7306683317486392,0.5506755441482768,0.7271498726165915,0.693685123360119,0.0739816043,True,SLJ032a-B
SLJ032a-B-220-1,0.19841268539766932,0.35028061280000006,0.16521296477892403,0.09381503255904439,0.013454167317793279,0.09748409480112114,0.2537135302954165,0.22830110219880206,0.0787336651,False,SLJ032a-B
SLJ032a-B-224-1,0.21804966142433893,0.6239663931,0.35205951213215764,0.15105399439347975,0.2643308967778556,0.34614857361636586,0.18460067987226758,0.5559919020149804,0.0743486001,True,SLJ032a-B
SLJ032a-B-231-1,0.32591978005329747,0.6983998281,0.6640340162626055,0.6724075059771965,0.6378952643633227,0.6580686068035749,0.3217896957448379,0.6336715086693873,0.0837108372,True,SLJ032a-B
SLJ032a-B-239-1,0.33689692225123213,0.3573968657,0.19530189505751921,0.06321641216192332,0.03638979353255819,0.10019300939631637,0.3367517330812234,0.34859829213611326,0.0778400851,False,SLJ032a-B
SLJ032a-B-243-1,0.26796834230024336,0.3648593896,0.3044552728009803,0.24087635116679876,0.2741143760290469,0.22110233310307906,0.30129983062924404,0.2710586091158935,0.0755591329,True,SLJ032a-B
SLJ032a-B-244-1,0.28407801742947547,0.6466184336,0.5298060644555688,0.47502455982190606,0.371712583901754,0.3740186730063907,0.329362507805075,0.5416827089221642,0.0713383093,True,SLJ032a-B
SLJ032a-B-246-1,0.2804215530927238,0.3286217953,0.21771412023467837,0.0030519822199480333,0.09101722988594678,0.019785748803880107,0.26936719690325805,0.23041768447844876,0.0792096347,False,SLJ032a-B
SLJ032a-B-247-1,0.3522882248858976,0.4642916319,0.10825824489538789,0.06598007525313412,0.12759176560844365,0.08327116390780903,0.30736008210417715,0.4321625429561594,0.0778884352,False,SLJ032a-B
SLJ032a-B-247-2,0.2643971996640999,0.4308381431,0.41114777757352633,0.08167469726764649,0.21021583706246977,0.22314849237683787,0.2584573517000392,0.417593717546007,0.0809440652,False,SLJ032a-B
SLJ032a-B-251-1,0.11525102449160302,0.2985886819,0.15335863125311658,0.017475632310123137,-0.012624627051726936,0.023763093497132043,0.12044132552531252,0.21543414429423952,0.0779310387,False,SLJ032a-B
SLJ032a-B-251-2,0.5270675703795232,0.6008327217,0.5770306144386507,0.5606965571687201,0.5199114097206345,0.43496646059959304,0.5208035470508179,0.5784929768493325,0.0778776352,True,SLJ032a-B
SLJ032a-B-254-1,0.5129226772390625,0.7879494894,0.7544400115927671,0.7732927246405159,0.7661647990428457,0.7856794663531242,0.4995027503735756,0.7397216279372404,0.0736894606,True,SLJ032a-B
SLJ032a-B-255-1,0.12870991738585896,0.2512590898,0.26999306735593953,-0.007531635969289631,-0.01156144905792638,-0.0005577314731283405,0.18290713842810105,0.1948379200861103,0.0790039336,False,SLJ032a-B
SLJ032a-B-256-1,0.20292163081590764,0.3253013467,0.027720791959740358,0.013572573277636729,0.07882535034180774,0.024713642578289837,0.23026744531035673,0.2984854923900612,0.0729781584,False,SLJ032a-B
SLJ032a-B-257-1,0.22695080910090154,0.3526689966,0.3188252354266604,0.06002917464144488,0.021051830196944114,0.12835033994733014,0.2556691395827827,0.2813707121904287,0.0751969229,False,SLJ032a-B
SLJ032a-B-258-1,0.37033884565460135,0.43353785000000006,0.06892205867131454,0.2508665984838688,0.1806934850205918,0.12316213893756059,0.33066554586309876,0.3882632143531254,0.0778555504,False,SLJ032a-B
SLJ032a-B-259-1,0.2998458005931468,0.340827865,0.18695159949623574,0.029312057692420023,0.12532365374946433,0.05993575314611986,0.2674417086252394,0.26794433858797956,0.0747748621,False,SLJ032a-B
SLJ032a-B-262-1,0.2997082195400118,0.3911765531,0.06028132036094902,0.08841251250468725,0.03314113427630174,0.047029823726393805,0.2746679218817163,0.3520596799665478,0.0768362863,False,SLJ032a-B
SLJ032a-B-263-1,0.3991343813383682,0.4888068638,0.416159494875697,0.16705651522792117,0.08044727471298535,0.11846043932493897,0.376347127547548,0.4795315442589667,0.0814365247,False,SLJ032a-B
SLJ032a-B-267-1,0.5399997377548194,0.7327559849000002,0.7115245374340797,0.7338465613964046,0.7459073320370458,0.7630658241333854,0.5180761368726678,0.6838513113673776,0.0748861956,True,SLJ032a-B
SLJ032a-B-267-2,0.26323628313200165,0.4196539376,0.36001478742681153,0.1438295854278702,0.13323197456366262,0.049630804372536856,0.2730966378591955,0.35855028292609986,0.0719110805,False,SLJ032a-B
SLJ032a-B-268-1,0.19188372403696466,0.3188765951,0.2429527402480866,0.25451342748952716,0.2547360939611762,0.2632764516557261,0.19601663884524545,0.21248584259452105,0.0670277547,True,SLJ032a-B
SLJ032a-B-268-2,0.28883889872788604,0.3523135788000001,0.22109942712575328,0.14649823354392225,0.15173597279513734,0.13033743564266098,0.27571707604895807,0.32881727730489746,0.078695015,False,SLJ032a-B
SLJ032a-B-270-1,0.4342171144838129,0.5881089739,0.5625578037207619,0.5718715264729203,0.5555415468349825,0.5898423052201203,0.4012182172642336,0.5586046835508782,0.0835919953,True,SLJ032a-B
SLJ032a-B-279-1,0.2977344412845773,0.3656277453,0.3417955542840801,0.3421834154134346,0.19265157615398296,0.12325042608319127,0.30387616987381466,0.3150670383297684,0.0796708194,False,SLJ032a-B
SLJ032a-B-279-2,0.3002818791758718,0.4775406764,0.46535182464430724,0.49003574348762224,0.5236497463040749,0.5103966843229228,0.29336908048549576,0.48953303106008295,0.0738763959,True,SLJ032a-B
SLJ032a-B-279-3,0.3446251166454307,0.4864992717,0.44014956727649923,0.46936957479757235,0.4797614304353493,0.4952212648241568,0.3079725554234775,0.40762128485366117,0.0714978917,True,SLJ032a-B
SLJ032a-B-279-4,0.2988594311265563,0.4770540198,0.47283649184701687,0.5009341614062401,0.46477393251847304,0.3760114505022564,0.294701250327371,0.4871096273176308,0.0704678267,True,SLJ032a-B
SLJ032a-B-282-1,0.4330544981967272,0.5098364232,0.3953256523878829,0.42385739225918373,0.3170360666779196,0.1624349133746718,0.37885048872644683,0.4355174888551499,0.0818210978,True,SLJ032a-B
SLJ032a-B-282-2,0.31143797768626796,0.4746491462,0.431645462828455,0.4180312867901688,0.4468713638511878,0.13216772166541865,0.3038305928015195,0.4284829851802921,0.0766808271,False,SLJ032a-B
SLJ032a-B-290-1,0.11158983813760466,0.3898364359,0.4231598786956509,0.4372470462798345,0.22151105461497936,0.1681772216825942,0.11164737016517431,0.37981040790590387,0.0796548821,False,SLJ032a-B
SLJ032a-B-303-1,0.34619981948664574,0.4313221621,0.37523000173092985,0.3991577816975555,0.3926374555495592,0.24463726421185816,0.2741704755551508,0.4279263024455518,0.0853854676,True,SLJ032a-B
SLJ032a-B-307-1,0.3260272341649448,0.3198103132,0.31218674377782407,0.11656149073199579,0.29266330129114987,-0.03437600394774852,0.32131830678390294,0.2486002782347877,0.072781072,False,SLJ032a-B
SLJ032a-B-312-1,0.1564105523747131,0.3176021418,0.32284619427918276,-0.030671482976497973,0.06588048864850343,0.017595790284190133,0.15589209372313864,0.31114591410595066,0.0739983034,False,SLJ032a-B
SLJ032a-B-314-1,0.3213318851284878,0.29894313,0.2740779373666549,0.016449551045105627,0.15738990019498145,0.00159356684495633,0.2973510242259041,0.23955140512332906,0.0672117301,False,SLJ032a-B
SLJ032a-B-320-1,0.36263938075159013,0.5641020672,0.5488583309956034,0.4561182593236365,0.5069078290263965,0.13039668508666702,0.3465558625190046,0.48002310070599946,0.072424576,False,SLJ032a-B
SLJ032a-B-323-1,0.47924333383195367,0.5341363679,0.5398614457198141,0.5367426762311894,0.09658029164158068,0.035668207022116385,0.4593891236761785,0.5202794703304965,0.0774325954,False,SLJ032a-B
SLJ032a-B-328-1,0.48587200361078714,0.5385408563,0.5392925094304031,0.5751643688234245,0.20915510246198815,0.3778868130036308,0.45861128110242777,0.48323258280663145,0.0700806642,False,SLJ032a-B
SLJ032a-B-330-1,0.4252260401116776,0.4743048347,0.42446083772278215,0.3724370228778071,0.3079902556798644,0.0791654629178292,0.44026712261252526,0.4215913151651634,0.0771067008,False,SLJ032a-B
SLJ032a-B-330-2,0.22530029742292476,0.343095466,0.34890601251539577,0.2902745469879587,0.3028739599263098,0.060637547402524666,0.2515828805728464,0.30898979972141877,0.0738616037,False,SLJ032a-B
PRN068a-118-1,0.06605476170539681,0.0774058796,0.0534549616724276,0.06120170204616081,0.04456831336162432,0.06317035882767713,0.049810292292448086,0.06117442656483438,0.0749416733,False,PRN068a
PRN068a-118-2,0.01987145501079149,0.0154414469,-0.007332331573803482,-0.009017950412161375,-0.020283924014998674,0.009457521344331966,-0.018964595645906447,-0.005525649563080288,0.0704220502,False,PRN068a
PRN068a-119-3,0.040852275458652,0.072610191,0.04541138310375165,0.027500702572389523,0.03699240125974352,0.05308004585925965,0.056563391112696336,0.04611853082411938,0.0728692147,False,PRN068a
PRN068a-123-1,-0.03064271894804664,0.014577309,0.030790238409660352,0.034089476877378795,0.06585375924307023,0.029604666709991918,0.06922414728003913,0.06045927822343201,0.0784637574,False,PRN068a
PRN068a-130-1,0.12439144343797982,0.1554877961,0.004623230173536405,-0.014539735731777623,0.1374049545327209,0.20979337619246963,0.08763613773812684,0.052246637694490304,0.074387138,False,PRN068a
PRN068a-130-2,0.05813689386232936,0.0763133035,0.01971675893382423,0.05383995878055228,-0.02619976464348574,0.0365714772082304,0.0066849443682053845,0.0074257054379764514,0.0714395392,False,PRN068a
PRN068a-130-3,0.08415746574385094,0.0873745009,0.08743501987171219,0.10636064075274057,0.09482765891852131,0.09880747049539196,0.09282129037190173,0.038245406448317816,0.0755927258,False,PRN068a
PRN068a-132-1,-0.01720749539032838,-0.0197863559,-0.017503584882105416,-0.0037820764923917473,-0.0025047128903397118,-0.025650088338774836,-0.008900972010485989,-0.03559732371143407,0.0742114955,False,PRN068a
PRN068a-133-1,0.03187123591827262,0.1381143279,-0.09302872773449897,-0.07849118755667955,-0.08799941644956717,0.1108122918816149,-0.11879901484126412,-0.07486156955789794,0.0774974584,False,PRN068a
PRN068a-134-1,0.04104067668710382,-0.0502492161,0.03002656517560813,-0.01631387393551874,-0.009680871301890052,-0.032520228066760734,0.039810055898318195,-0.019569678255416827,0.0792685434,False,PRN068a
PRN068a-138-1,0.08381986200878766,0.0646976382,0.042977121461966195,0.03700837079498208,0.039488455431530095,0.04304118313714748,0.05360118892241626,0.056802012177542466,0.0743759594,False,PRN068a
PRN068a-139-1,0.12264896500917327,0.1431132384,0.05722492735293281,0.05221320739259186,0.07367988503182937,0.04382634973170705,0.06252880809734966,0.08961070750421112,0.0742571178,False,PRN068a
PRN068a-139-2,0.16097397349508052,0.1609052658,0.15226777300336833,0.15210583680504322,0.15734101828647304,0.1458629480923451,0.15505958805993492,0.09637124639405897,0.0756845454,False,PRN068a
PRN068a-142-1,0.07548366007087826,0.0914963351,0.08712383508724866,0.07550358550536984,0.10383342968048438,0.052443998523668364,0.0678603034363581,0.11116802423342025,0.0728815045,False,PRN068a
PRN068a-142-2,0.01830138308393942,0.0210791777,0.060997565388662744,-0.006349483949835687,0.02318702585758353,0.02325577920527158,0.0024240143463639275,0.03400349835192497,0.0770558187,False,PRN068a
PRN068a-143-1,0.08054917373732057,0.116417669,0.09716539769379147,0.09216145686421251,0.11447209770150368,0.0843210740470584,0.08339625624635855,0.10513126863186774,0.07459107,False,PRN068a
PRN068a-144-1,0.03648133969002417,0.0301806769,-0.023759804327438756,-0.014554983570183309,0.0007242763932934265,0.032272540060488485,0.012730241996795552,0.040650283840862236,0.0737370025,False,PRN068a
PRN068a-145-1,0.0574008938534322,0.0961830797,0.04839655239774605,0.06447722657328588,0.020858395386198797,0.07403265475645252,0.031904273706756484,0.04130097704605787,0.0723746842,False,PRN068a
PRN068a-146-1,-0.00023173051502639914,-0.0022631608,-0.01849237400679126,0.004632009917856428,0.012663140452008666,0.005807924891648045,-0.01392978657575071,-0.036210709570643054,0.0687342636,False,PRN068a
PRN068a-146-2,0.0606916253340306,0.0051206404,-0.008273305712676248,-0.02663507508705692,-0.03510189130645761,-0.009481263759306996,-0.0401754161815225,-0.03769584305094513,0.0790934513,False,PRN068a
PRN068a-146-3,0.011336419548608066,0.0089925552,-0.047665910037575074,0.04693574945859513,0.014707766180522363,-0.0735896361555375,0.015924405925630578,0.022196625037976134,0.0736269616,False,PRN068a
PRN068a-146-4,-0.05445651711906805,0.0448445966,0.049791705999091836,-0.034996750445991355,0.04750028771849761,0.010251429315864318,0.05165036831415027,0.056929432931423794,0.0721679274,False,PRN068a
PRN068a-150-1,0.13355223680821865,0.1261444541,0.13160635169106374,0.12141377613011296,0.1116764971080807,0.15497679626276092,0.15187897978566206,0.10574272013744519,0.0713394986,False,PRN068a
PRN068a-150-2,0.1819093773876962,0.1690461753,0.1131539005019009,0.15531405637689072,0.15634049573823497,0.15435158191494266,0.17744241105702627,0.1406253655855657,0.0762945032,False,PRN068a
PRN068a-151-1,0.010899590964212426,-0.027653142,-0.0324509328481481,-0.012490275188387077,-0.019676743857477617,-0.037181220554551635,0.010447184349748203,-0.037977465626601745,0.0780761165,False,PRN068a
PRN068a-154-1,0.2272162826265359,0.26435108,0.2756964147822634,0.28783593126845053,0.2965442976748463,0.364847691778774,0.17535368460419304,0.23375200543076216,0.0790196289,True,PRN068a
PRN068a-154-2,0.1521356995387329,0.1464435484,0.14637139630105578,0.13897841413408535,0.10128064187771534,0.17740983652485806,0.15400896682592205,0.1107758186631331,0.08162955,False,PRN068a
PRN068a-156-1,0.07471195018795744,0.1214397233,0.12114323515092006,0.07465764158560036,0.08409909495575668,0.08506800140162686,0.07524817474757481,0.07499380255285856,0.0753276307,False,PRN068a
PRN068a-157-1,0.09426372507615237,0.0808754383,-0.1565876577514777,-0.1338856342041462,-0.029966972253859775,0.03751702091466045,-0.05824560637593889,0.03657663464859867,0.0750386224,False,PRN068a
PRN068a-158-1,0.03111755646882495,0.024960394899999995,0.010077127990857178,0.01396310213442926,0.025094961007652444,0.03691224241610995,0.022994234561473488,0.013573849319196016,0.0730335475,False,PRN068a
PRN068a-158-2,0.10974781698231773,0.23951074029999997,0.1604845343959738,0.17458287380493404,0.2253245841233176,0.232424368007174,0.09597360910296596,0.1555718524750789,0.0780991266,False,PRN068a
PRN068a-162-1,0.323665913479835,0.41405588169999996,0.38974687319146006,0.408451202914871,0.3443718642272538,0.32699471429293875,0.3156457640356222,0.3983047174688053,0.073009665,True,PRN068a
PRN068a-162-2,0.04975149572414951,0.0433413538,0.10523526405392356,0.08491801994059724,0.0625740392110896,0.07206786871819115,0.05674576089355736,0.044537449965538045,0.0747634476,False,PRN068a
PRN068a-163-1,0.09689063314858926,0.0927026846,0.15668944647352762,0.14692141150425833,0.12312581298565896,0.10426950002054987,0.0987707533693003,0.06676323145552136,0.0773186871,False,PRN068a
PRN068a-166-1,-0.14467724661026618,-0.0711622693,-0.0906331488351287,-0.12479138714004029,-0.029457709135594683,-0.07456262857040614,-0.1830458344196887,-0.1298158142482952,0.0779396689,False,PRN068a
PRN068a-166-2,0.13371176382441677,0.11862658549999999,0.12163538596250338,0.08722251923873271,0.11413570469387509,0.09789555848767462,0.11804873112632386,0.11363551727082365,0.0737709337,False,PRN068a
PRN068a-166-3,-0.011622870416899439,-0.0884339972,-0.1281392129399247,-0.18816306537641553,-0.08741535893168592,-0.12954906363651852,-0.07375006018028372,0.010443791142869512,0.0767761811,False,PRN068a
PRN068a-166-4,0.24836955565575713,0.178642376,-0.06213604520583471,0.16813439714240377,0.18294711053494928,-0.051808945642353665,-0.01187291362600364,0.12265385934629323,0.0730230138,False,PRN068a
PRN068a-166-5,0.14767244548745143,0.1767132624,-0.11856022139888174,-0.0733690879182538,0.03218754576941433,0.1432603324354081,0.1429483411955246,0.09255759720094778,0.0710748835,False,PRN068a
PRN068a-167-1,0.09306060377060536,0.0350891704,-0.02678972901504582,0.0899835334044122,0.08308180554004382,0.11762582466623042,0.019617162639398014,0.03051504592971485,0.0719489061,False,PRN068a
PRN068a-170-1,0.02112486573287273,0.0208076545,-0.019884819178430973,0.021264959939115015,0.07859970357570761,0.04492659108283149,-0.005748354410939702,-0.00471460330132288,0.0786630229,False,PRN068a
PRN068a-170-2,0.07728854958235175,0.1196162827,0.10978323500471507,0.12838840232560012,0.13733802535880513,0.13784320492305974,0.08343839226983955,0.12520651865829902,0.0711759972,False,PRN068a
PRN068a-170-3,0.06659885992868089,0.1066960968,0.08182638137950711,0.11108678445396859,0.09907994675423046,0.1613855025344094,0.07829286790368566,0.11873500789869404,0.0761197605,False,PRN068a
PRN068a-176-1,0.14923791642363216,0.1321816898,0.07136207410943643,0.12332714122117559,0.13875562021096854,0.1365252080126028,0.16811252380765068,0.13705610382770414,0.0744537594,False,PRN068a
PRN068a-178-1,0.07885060728948551,0.1047472068,0.07608493687111852,0.11119354182480425,0.08704086431937812,0.036072341782453256,0.04216199540200209,0.08629191511567001,0.0677416375,False,PRN068a
PRN068a-182-1,0.16838128735723915,0.2206070593,0.2172627183489504,0.2140931304330633,0.19096930883906227,0.2192620806935946,0.161789028103814,0.17436632001205174,0.072622385,False,PRN068a
PRN068a-182-2,0.046901736773344645,0.0800147008,-0.004512988723730322,0.03503828595962589,0.020239008438248565,0.037598417044442195,0.021136019523303115,0.003533604101176984,0.0715761221,False,PRN068a
PRN068a-190-1,0.630430030175662,0.7303891598999999,0.716654387543052,0.7206957427864881,0.7117667754921145,0.7150149730744447,0.6155908840383696,0.6932678808876621,0.0729244736,True,PRN068a
PRN068a-193-1,0.09516732732712245,0.1390585521,0.1283156898510856,0.12488939535388176,0.13250369583819838,0.12957215596869126,0.09654151426942514,0.1439397254112716,0.0720039684,False,PRN068a
PRN068a-194-2,0.21992999795497017,0.3488856818,0.2615258221396829,0.3654891034743527,0.37408558116818613,0.4579158969415407,0.09028416747272691,0.20228926277089482,0.0778599005,False,PRN068a
PRN068a-196-1,0.0922243235387074,0.1422988576,0.14668917395012565,0.14230118529445937,0.12232712824042412,0.11110840369227869,0.10453300934483649,0.12004358713318725,0.075244534,False,PRN068a
PRN068a-198-3,0.18608960337187935,0.1839170506,0.1141866844232702,0.09093430154590387,0.1809344593153248,0.15199100862007656,0.1771432348824075,0.1742965206617555,0.0724400115,False,PRN068a
PRN068a-202-1,0.14702879090311288,0.1073145442,0.07020826987044707,0.10963513767655264,0.10273522348667675,0.0800502950043924,-0.07609496926668774,0.13487913854916084,0.0784358593,False,PRN068a
PRN068a-223-1,0.26225157485918527,0.3686654021,0.3213608176339167,0.3365890422432178,0.3711623773228781,0.38803543352253594,0.22657991728484836,0.3325540133243316,0.075327677,True,PRN068a
PRN068a-226-1,0.21142896353513696,0.2244485658,0.1576000158914766,0.1865865337093782,0.21465663526057463,0.25505348855832505,0.13168051827618393,0.1507966711705031,0.0763606369,True,PRN068a
PRN068a-226-2,0.2893100144483933,0.3203946505,0.31921775679252934,0.32067192967360947,0.31696400131780733,0.3177607736880868,0.28603650930684593,0.32526794866933495,0.0760786306,True,PRN068a
PRN068a-230-1,0.4646016075143146,0.5431643394,0.5014250037547677,0.5153239910410446,0.5371746491081801,0.5332016790075719,0.42972276512870494,0.5283647529541665,0.0722203129,True,PRN068a
PRN068a-234-1,0.2745425345979581,0.2170175737,0.24403713836361549,0.23541894308080766,0.24117948694203314,0.21674065772842382,0.2501087353997565,0.2253734568699003,0.0769390058,True,PRN068a
PRN068a-239-1,0.18139176436131968,0.2470708213,0.2215832110660822,0.1998201677986117,0.26340458683974494,0.2914571858006987,0.15878889852251377,0.22629896879357972,0.073713604,True,PRN068a
PRN068a-242-1,0.19495318747425358,0.4405943699,0.3886255201289677,0.45012114957075816,0.43142372927495404,0.46332421195991497,0.18172205801503719,0.4003999818568,0.0779173287,True,PRN068a
PRN068a-246-1,0.07723076105678456,0.1041581668,0.0688307088179401,0.06196678062443454,0.08107077416889777,0.04953050036424217,0.0736021812908823,0.045012750037321525,0.0744586035,False,PRN068a
PRN068a-246-2,0.1654519710686544,0.1417675343,0.12764535247697856,0.19094411939446876,0.17674173867432222,0.20496282348732534,0.07880751099535654,0.12206261193466934,0.0780525026,False,PRN068a
PRN068a-255-1,0.33212639910421266,0.341355815,0.3224862203870578,0.35374196587847356,0.3746769186927089,0.41034146550136474,0.2999416176423802,0.3310840730839717,0.0737639288,True,PRN068a
PRN068a-260-1,0.13474403438677052,0.1587240922,0.07737799099621144,0.17029994127335596,0.17226159627834092,0.15978180227186733,0.0636988027725836,0.06898105743328019,0.0701317677,False,PRN068a
PRN068a-262-1,0.21729821051374468,0.23811558290000004,0.2701423086122476,0.27625554992249424,0.20750787981714955,0.2958535905616791,0.24520302218873893,0.250806413041321,0.0730620851,True,PRN068a
PRN068a-262-2,0.06678337241514631,0.2889114779,0.2422590486849229,0.23105377288294898,0.28782181107126315,0.2813969805182621,0.048387935138112,0.23341413325165755,0.0731932781,False,PRN068a
PRN068a-270-1,0.19562591107656346,0.2259203202,0.2718780230899958,0.27219309812682335,0.26176173361793786,0.27357162214682706,0.17871939671339232,0.21100810659219058,0.0730253443,True,PRN068a
PRN068a-270-2,0.07475654854231731,0.10321342680000001,0.10717341889159901,0.14034484804287142,0.16598457483093365,0.16773735746853505,0.07442425084454077,0.06849687314362922,0.0795874988,False,PRN068a
PRN068a-278-3,0.5979578691087855,0.6316532049,0.6122254704798302,0.6089766479466906,0.6518697242366269,0.6574936188611493,0.5788777216837657,0.6200936848072555,0.0732844382,True,PRN068a
PRN068a-287-1,0.36083542191868406,0.5659330224,0.43560642895189516,0.5237440914225755,0.5422995966888591,0.5766198413899146,0.3468172941961237,0.48411249349111696,0.0808243431,True,PRN068a
PRN068a-289-1,0.31246559432145515,0.4214093360999999,0.3107025067827513,0.33324313350378215,0.33502214468313224,0.43048004762369185,0.2704560456044307,0.2952444486417317,0.0761086053,True,PRN068a
PRN068a-289-2,0.4899353064543277,0.6023382773,0.5271163472961472,0.5263386962739919,0.570588455251889,0.613597692467056,0.5269872571408801,0.5340372652912819,0.0800557685,True,PRN068a
PRN068a-289-3,0.33967550783335243,0.5986925954,0.5038963940104105,0.5745719964410663,0.6108208671623212,0.6198545540247745,0.3085730892430137,0.4612827309082151,0.0735361101,True,PRN068a
PRN068a-289-4,0.21336791897774246,0.3164364389,0.290597140766516,0.32674792969795247,0.3237324140636007,0.2766414136264294,0.16511395452305194,0.27726784137413546,0.0785641596,True,PRN068a
PRN068a-294-1,0.40823936278655754,0.5179548869,0.44856986380036773,0.47094643957390014,0.5277470407278084,0.536731298063707,0.41188151706053194,0.5063810264920678,0.0785046109,True,PRN068a
PRN068a-294-2,0.25365433949839905,0.4826654931,0.45346868650686983,0.45870978268147955,0.45268224751845904,0.5136203070458353,0.27110782324283395,0.42499335203037353,0.0826308974,True,PRN068a
PRN068a-298-1,0.40509157890926445,0.5877619554,0.5245125863662924,0.5475046711830284,0.5818084991272937,0.5951532855478856,0.36499114404377014,0.5024583422494386,0.0793369082,True,PRN068a
PRN068a-298-2,0.22322058447223603,0.2871202232,0.24135706749548888,0.33848920455469383,0.37982788407004164,0.3454628555719008,0.18294983783017535,0.28076957693325627,0.0826623284,True,PRN068a
PRN068a-299-1,0.46180863353711943,0.5647235529,0.5293907488885783,0.5180945039315742,0.4532003159388194,0.0054380974429280304,0.4341577038691588,0.4716726432350068,0.074536829,False,PRN068a
PRN068a-302-1,0.3368117425660594,0.40232978229999994,0.2633290134012472,0.38538967007360286,0.40344377507308826,0.4017164191481369,0.38499628846518075,0.3926825291179718,0.0708967592,True,PRN068a
PRN068a-302-2,0.2914452007449798,0.4137445433,0.36041642414061387,0.38411686476670764,0.4087506595990512,0.4116686786434147,0.29742481608082055,0.3387279740842031,0.077247181,True,PRN068a
PRN068a-305-1,0.4016859607107227,0.642977777,0.6220866872318663,0.6757918601536903,0.616869387761795,0.6416372784789391,0.39453659190951496,0.530809622438041,0.0815979958,True,PRN068a
PRN068a-306-1,0.4860816321042704,0.7181763862,0.6456030269553412,0.6983759351222343,0.7421055634086129,0.7662964776775565,0.45332670696725985,0.6174525629239958,0.0875157732,True,PRN068a
PRN068a-306-2,0.473693465366083,0.6461176764,0.6216149808055189,0.6559996709571119,0.6600002115829066,0.7016110740291404,0.46677670047488834,0.6136100543138929,0.0847022647,True,PRN068a
PRN068a-310-1,0.39406688607001134,0.7137411984,0.6681458455684794,0.6974922013785785,0.7180458271909408,0.7624129013498567,0.3848161937595971,0.6863122080618869,0.0807412535,True,PRN068a
PRN068a-312-1,0.06598004200221705,0.1194177945,0.09842901631433122,0.11200725483580358,0.24123405745563023,0.14319039863093175,0.05731792460123716,0.07959977640699979,0.0759804036,False,PRN068a
PRN068a-314-1,0.22452963038273008,0.2105904343,0.24193190105650544,0.22670881015839434,0.16569505225293232,0.19744256674529495,0.22047880526224312,0.2737305194224196,0.0759959968,False,PRN068a
PRN068a-318-1,0.2554831191821739,0.3054185854,0.2542765510146644,0.29065285982905154,0.28418867628794076,0.3183315383908309,0.14606622006491551,0.2548783553727593,0.0723009026,True,PRN068a
PRN068a-320-1,0.20259832141484016,0.2199959469,0.11774348187579742,0.19649199593724465,0.20523142835272404,0.2320700177792444,0.1775761944525116,0.15660945376674226,0.0687468164,False,PRN068a
PRN068a-326-1,0.3637976600757676,0.4585433031000001,0.3878319991467266,0.41191765948077075,0.4521142279840322,0.4797565583178166,0.3276183562985867,0.42463415098541896,0.0753523606,True,PRN068a
PRN068a-326-2,0.12642245158890017,0.1308937212,0.12704509484020163,0.13933355781738918,0.1517634485570603,0.1439800914860296,0.1172844290910773,0.10944510307247327,0.0753001196,False,PRN068a
PRN068a-330-1,0.07016739842020382,0.1575938773,0.08386195195661875,0.0613214023084724,0.14989361439944637,0.17235286402046973,0.04797449534670612,0.11899828399957364,0.0754312454,False,PRN068a
PRN068a-332-1,0.0909010140919005,0.4012597762,0.3423958482306879,0.34875861357096655,0.35996014179604663,0.37673835838843567,0.030287644645119106,0.2941992722769129,0.0746829065,False,PRN068a
PRN068a-334-1,0.3582707757886096,0.4494532966,0.41160502594137366,0.41548450512484664,0.41654794372342624,0.43930644800481566,0.3023219071628575,0.40767302123189947,0.0760066567,True,PRN068a
PRN068a-334-2,0.2504496139725133,0.3856954299,0.3719818025113108,0.4055854436927973,0.4199441852628943,0.421539583838476,0.2286557321773822,0.3256595430931112,0.074955249,True,PRN068a
PRN068a-334-3,0.2775541315799944,0.5203344079,0.47954165304048646,0.5008013990922698,0.5193303072725988,0.44431674361276724,0.25781826092362164,0.4657555323009144,0.0766455666,True,PRN068a
PRN068a-334-4,0.38293663099917985,0.3646300798,0.35598664113095985,0.330535449898317,0.33013475848583085,0.19440036276378708,0.36365473076761423,0.33644953586426546,0.074932165,True,PRN068a
PRN068a-338-1,0.36709346269742904,0.6330426689,0.5884168758614823,0.5965257715696047,0.6524542173311058,0.6513314459701117,0.3526813835292754,0.5503759556536684,0.0825042437,True,PRN068a
PRN068a-338-2,0.5808286549792181,0.6900536001,0.5845819386859916,0.6456124562563629,0.6591779081574644,0.6783332300841731,0.5704443555672709,0.623686098311801,0.0732933588,True,PRN068a
PRN068a-340-1,0.578233426320109,0.5753701026,0.5574133301662771,0.5846738871675801,0.6033305367039666,0.6031579686918674,0.5726864610075549,0.5835381053551387,0.0742937163,True,PRN068a
PRN068a-350-1,0.3432115045398507,0.418065424,0.3567962172548327,0.34829207324614586,0.3661551831155146,0.4097386209779326,0.3171408309468761,0.41476554510581354,0.0747143988,True,PRN068a
PRN068a-357-1,0.4690851963905042,0.5702934114,0.44043382384940044,0.5505831725840995,0.5738218177111722,0.576708219484531,0.4749338532173131,0.5395384586343245,0.0778655353,True,PRN068a
PRN068a-369-1,0.1014947893630106,0.1418315092,0.1171522864654251,0.09566798004081954,0.12375732329053679,0.15937433898526446,0.005833442800943325,0.060948451408218515,0.0828949301,False,PRN068a
SLJ012a-A-155-1,0.8127142838239493,0.8957903505,0.872732629287709,0.8841599338253225,0.8869498262647325,0.8933634844093269,0.8077216363977936,0.8753882654420979,0.0718425869,True,SLJ012a
SLJ012a-A-161-1,0.4541231125418776,0.4231419447,0.2861522656386781,0.08223935829195463,0.1321875252758346,0.030996708738723094,0.37618346214932163,0.31674310211252654,0.0863031386,False,SLJ012a
SLJ012a-A-171-1,0.4859560439604079,0.6059530581,0.5979473861416296,0.5765656857079462,0.5990653573910445,0.5427932790627059,0.4579912514602111,0.596096044647605,0.0783888725,True,SLJ012a
SLJ012a-A-173-1,0.29965122970046587,0.4487442092,0.03265302077642178,0.4570782833073394,0.441150724457192,0.463818319519786,0.07842818486919302,0.3644611278639641,0.0728960379,False,SLJ012a
SLJ012a-A-180-1,0.01729915268821158,-0.0015714497,0.26841480687676705,0.7892252908262126,0.5112140631675286,0.3442074374060355,0.6888477549616528,0.4883120855224855,0.068375513,False,SLJ012a
SLJ012a-A-182-1,0.354844565480798,0.4963869105,0.4183613380462318,0.4435102206999683,0.47915802222264686,0.48399878394667223,0.26492290253012957,0.33745111530984756,0.0792938881,True,SLJ012a
SLJ012a-A-184-1,0.5994219119884416,0.7501517911,0.6536278497586374,0.6765427577122409,0.72100511787787,0.717919717465365,0.5505073620597918,0.6465171538572088,0.0739111621,True,SLJ012a
SLJ012a-A-188-1,0.33714888830742334,0.5264882938,0.4829463654988533,0.527859372677192,0.5166696432762962,0.5440537075668,0.21984212832609382,0.3610076160837457,0.0791029698,True,SLJ012a
SLJ012a-A-200-1,0.702245874849673,0.8421871844000001,0.7996216322911153,0.8142650661448821,0.8336737070184538,0.8432628052643617,0.6480843412340926,0.8077614190944618,0.0736047982,True,SLJ012a
SLJ012a-A-203-1,0.7691925786641775,0.8406819815,0.8189164213387792,0.8303892010249657,0.836275274188196,0.8392523643230254,0.7301180728709756,0.7760612438844985,0.0744018259,True,SLJ012a
SLJ012a-A-206-1,0.5732898562595329,0.7541307504,0.6951922067906477,0.7024569883582459,0.7377419528593409,0.7490093843078504,0.5519188138318367,0.6537060752136756,0.0780392547,True,SLJ012a
SLJ012a-A-213-1,0.6728511831471514,0.7874764734,0.6727190208081412,0.7290370333959889,0.7316679539556321,0.7657671282294171,0.6291622264567763,0.66570918898031,0.0687195354,True,SLJ012a
SLJ012a-A-215-1,0.4918114677334241,0.6447673687,0.5916236762012008,0.6010418001014542,0.6304253959782207,0.616985911857402,0.4312266413611003,0.5884460817871545,0.0879324528,True,SLJ012a
SLJ012a-A-239-1,0.37353663703700624,0.3224893915,0.23455127528039435,0.2508891189567493,0.3362868442591004,0.3637644484626789,0.25941723143709006,0.30646604486804097,0.0719633602,True,SLJ012a
SLJ012a-A-247-1,0.14884683102233495,0.0958999922,0.03211723452910929,0.045082747483797675,0.066188880226523,0.03486162284159826,0.04621665433479322,0.06985038037271357,0.0627106459,False,SLJ012a
SLJ012a-A-254-1,0.7676062616169164,0.8602619534999999,0.7435320371585336,0.7416741945709416,0.76463709543937,0.8420954423261355,0.7391292991785189,0.7509071019004533,0.073677351,True,SLJ012a
SLJ012a-A-254-2,0.5618311110094117,0.7353497956,0.33769322371907773,0.5479932596621628,0.6093085687533283,0.7164504274196861,0.29636446006408185,0.4625254099206919,0.0798903078,True,SLJ012a
SLJ012a-A-255-1,0.5430074424960837,0.7905743465,0.6947838866254175,0.747333829782776,0.7676573421190875,0.7814279648275173,0.6206321121305423,0.7375737066098408,0.0783844628,True,SLJ012a
SLJ012a-A-261-1,0.3010249531599866,0.4197076158,0.3785537733451481,0.38067501575269236,0.40628655949986286,-0.003507932026951403,0.2579830880623334,0.3844091656578645,0.0949787705,False,SLJ012a
SLJ012a-A-261-2,0.24113354032434164,0.5171961097,0.5116544731384307,0.528974340411217,0.5355200671350941,0.4779983627234135,0.21639151870817913,0.36500445360039097,0.0743090708,True,SLJ012a
SLJ012a-A-261-3,0.15751990991566003,0.1464130383,-0.1506915059091263,-0.016644039894872346,0.10078486542714832,-0.16761190791019584,0.21242319566231105,0.31295060608571496,0.0741417044,False,SLJ012a
SLJ012a-A-267-1,0.4789212498215377,0.5952997031,0.5922485611695153,0.5963380957851785,0.6032355879608945,0.6131698642461256,0.4668327134687874,0.5590399579737532,0.0885345438,True,SLJ012a
SLJ012a-A-275-1,0.6165081739664341,0.7598157026,0.6589317484393412,0.7072612942431508,0.7230712606582439,0.7312523018443544,0.6047523616258914,0.6529161112956396,0.0826133942,True,SLJ012a
SLJ012a-A-277-1,0.660873569879098,0.8699890903,0.8147677585615063,0.8236524410347015,0.8471137108436583,0.8589723086972695,0.6620755993903367,0.8269820503957508,0.0834651701,True,SLJ012a
SLJ012a-A-280-1,0.5651332923833335,0.675771106,0.6192214225339325,0.6698096404612732,0.6775116646596778,0.7002326428593169,0.4897084605360065,0.6229004170721798,0.0796381631,True,SLJ012a
SLJ012a-A-294-1,0.623883087789345,0.7251624868,0.6778795182788155,0.7062301632363873,0.703723040045527,0.7116900236581567,0.6033667610291317,0.6408280850151383,0.0766803114,True,SLJ012a
SLJ012a-A-303-1,0.6661095504877076,0.7909583405,0.7508974571775818,0.7592197779204978,0.764740797962312,0.7746458885601099,0.682340941592859,0.7339230769672456,0.0764932308,True,SLJ012a
SLJ012a-A-305-1,0.6003528098123884,0.7102896553,0.647512593740149,0.6752600918852386,0.6952052973466165,0.6952230589815496,0.5956415769331334,0.6554175918132232,0.0757851021,True,SLJ012a
SLJ012a-A-308-1,0.41013369721227405,0.6256609178,0.47471088316672355,0.539019777958502,0.5573994065473857,0.612474836995522,0.36520584239661974,0.4807210721037062,0.0741024068,True,SLJ012a
SLJ012a-A-314-1,0.546111854467179,0.7198617213999999,0.5772090698637229,0.6900257511214448,0.695699266679463,0.7277017355338915,0.5500664208659201,0.644467336270437,0.071781514,True,SLJ012a
SLJ012a-A-322-1,0.32812755462245113,0.6686661651,0.45085337412081056,0.6209849549967764,0.627509188085037,0.6431794113494177,0.2621922393776172,0.5003290993254192,0.0750958009,True,SLJ012a
SLJ012a-A-343-1,0.2521428720417033,0.7409302479,0.6596039798409857,0.7235172602553434,0.7378028744733623,0.7539937307694996,0.23884415611247714,0.7107761398242243,0.0758786493,True,SLJ012a
PRN075a-181-1,0.15777007300610943,0.1654094759,0.03814961808300375,0.14066121673010848,0.14633870367767574,0.1297724099647939,0.047129750910382136,0.13716818788362364,0.0751784339,False,PRN075a
PRN075a-181-2,0.03158250916495858,-0.0096500664,0.0321776957546931,0.01737450251961315,-0.016733582975792537,0.03330717290265467,0.009405877100293529,-0.0659729574067973,0.0684532338,False,PRN075a
PRN075a-182-2,-0.12557972342987075,-0.0175745464,-0.015529547902098633,-0.09997906452936202,-0.045857187265752546,-0.009943065051924084,-0.08042247337954923,-0.04438600812489223,0.0752127265,False,PRN075a
PRN075a-182-3,0.19368838289676257,0.2158912996,-0.13096879231122113,0.00486026441003696,-0.045682422826040646,0.06933437276443824,-0.046165907414418506,0.1075751233511354,0.074729166,False,PRN075a
PRN075a-183-1,0.12262433905670661,0.11273540729999999,0.0492490122813727,0.07529911610353644,0.10098467436984995,0.09994043315164428,0.09288511451327565,0.0704831756629216,0.0747917641,False,PRN075a
PRN075a-190-1,0.010196818656011929,0.0681672243,0.012690959772148687,-0.03518966139081739,-0.036434035743334106,0.009269209409045064,-0.05641605324355141,0.028465441989402613,0.0746905006,False,PRN075a
PRN075a-190-3,0.19821493864116227,0.2498155219,0.16831497746582097,0.17376987634382346,0.18087041008074667,0.12549157957522022,0.1624140071555679,0.16081912919221034,0.0776349104,False,PRN075a
PRN075a-190-4,0.3970926624502915,0.43272548419999995,0.34327077792437793,0.4125200516189812,0.3668279108455329,0.4491798331982896,0.3766564827901116,0.3823683863081172,0.0729485363,True,PRN075a
PRN075a-191-1,-0.03827834240785064,-0.0638449041,-0.047228161347595915,-0.046387404340780744,-0.06994747985035872,-0.06168161176201657,-0.06504557256589881,-0.07656847323063083,0.0750845987,False,PRN075a
PRN075a-195-1,0.20273795580886533,0.2712841735,0.2578192177461176,0.2138837345463416,0.27220488830874834,0.26526386802859353,0.2093062175689966,0.23340631272439316,0.0779269936,True,PRN075a
PRN075a-196-2,0.26853451641831977,0.3402171038,0.27475543428467386,0.2946760200322069,0.3435457223573017,0.3507225476424819,0.2180068031063735,0.28105756540322535,0.0694109076,True,PRN075a
PRN075a-202-2,0.23863886114759386,0.4157601414,0.4317470060503876,0.42508314129224467,0.39823729278839953,0.42254170643232813,0.19696613920257033,0.43540229363841504,0.0772873165,True,PRN075a
PRN075a-250-1,0.15047856426198364,0.1511013063,0.1497827832058249,0.1689555852085692,0.1678252081887681,0.1653144903048952,0.144738617315667,0.15255125490440197,0.072188707,True,PRN075a
PRN075a-258-1,0.16221544903747093,0.2465911786,0.2318252655432646,0.23416031652193853,0.24083685200713334,0.24192422372789374,0.14458677933985853,0.1853001848587586,0.0776945571,True,PRN075a
PRN075a-274-2,0.23665529659035045,0.4107286346,0.42469681734322534,0.453600767983117,0.42415448901056974,0.4536236892590865,0.1843465844030277,0.38899113793976464,0.0742249732,True,PRN075a
PRN075a-279-3,0.1604597693133913,0.2536417838,0.20813766883377605,0.25640661115419483,0.32508047076459706,0.3335283661926637,0.15586820531110263,0.27064016654873946,0.0778352844,True,PRN075a
PRN075a-279-4,0.4547028959442807,-0.0020097064,0.4334314455787474,0.2369130690607723,0.13354364891756662,0.05166686480198463,0.42636249842235047,-0.33408650568588905,0.0817266535,False,PRN075a
PRN075a-287-1,0.12000581241164102,0.2360344689,0.25754768664662386,0.27697353903394745,0.27437360926447807,0.28333255453319817,0.061790189513559586,0.20836871714507033,0.0756061177,False,PRN075a
PRN075a-290-1,0.6195727240788039,0.6803373676,0.6878744820771038,0.6512126217284625,0.6621488641325717,0.6489896911553491,0.5613554799952535,0.6815927295465533,0.0750270462,True,PRN075a
PRN075a-291-1,0.15536362919082614,0.2801539937,0.20637438799128274,0.25964905705091695,0.26005952154829753,0.31578073748380403,0.1359825430118678,0.2345413868715638,0.0748595593,True,PRN075a
PRN075a-293-1,0.11872337672280789,0.2760274285,0.26167815577278225,0.2941381258232073,0.30597808692993933,0.3083142979568254,0.1211182885204493,0.23228788142247725,0.0782136,True,PRN075a
PRN075a-293-2,0.2340196303744904,0.3761775131000001,0.2847456634412237,0.2957821871137763,0.3144055739449823,0.3487598717648957,0.23731330241492588,0.29189528464328685,0.0852079492,True,PRN075a
PRN075a-299-1,-0.04456118409322805,0.1500782961,0.13977152728637263,0.1342168342481517,0.34322884216594196,0.1987279672913916,-0.06436498558492718,0.21288110418087874,0.0771208155,False,PRN075a
PRN075a-299-2,0.7744817711433418,0.8291484564,0.8206289148107601,0.8098286715104019,0.8157405442397129,0.8250101284655554,0.7602432260866232,0.7866428515750701,0.075827149,True,PRN075a
PRN075a-302-1,0.25551907226983833,0.3795706457,0.31428102342079695,0.3646730380400423,0.3554121302113364,0.3575420685659945,0.2116761967007073,0.3265460549383949,0.0726189839,True,PRN075a
PRN075a-305-1,0.7828465427386873,0.8103832793,0.8036561503473407,0.8096142363078473,0.8164016765292745,0.8117334197481428,0.7954101420557737,0.7987433144854446,0.0780434366,True,PRN075a
PRN075a-319-2,0.2394196569788968,0.3476882351999999,0.33304500720246705,0.4024122572954681,0.424211271912772,0.41538138295541344,0.22007109959719623,0.3195905823048954,0.0724080015,True,PRN075a
PRN075a-328-1,0.16408181577442627,0.3528420207,0.3328412956822019,0.3667184645694857,0.33512344637682917,0.36856548614285484,0.17368533898714789,0.307446713364384,0.0779365161,True,PRN075a
PRN075a-339-1,0.3782411128854376,0.5023434979,0.4801331133802452,0.4738222003429273,0.46963192159608425,0.47674554469186636,0.350759086070159,0.45873163594962335,0.0792097175,True,PRN075a
PRN075a-339-2,0.7378195204673603,0.8295604166999999,0.7925535129275714,0.8106192688013372,0.8109084657383803,0.8191507242018741,0.7234491714858274,0.8144212964085853,0.0809663005,True,PRN075a
PRN075a-341-1,0.15095117716249387,0.3751270789,0.42221843013960897,0.4437738641274051,0.3488671144773468,0.42065490922677623,0.17456806134437092,0.3065592641995564,0.0719320233,True,PRN075a
PRN075a-343-1,0.37199220485694456,0.4148707943,0.34219557669874234,0.3795585601694824,0.4115565107105962,0.4074853369102022,0.32009531754740356,0.3852695816390866,0.0693443422,True,PRN075a
PRN075a-344-1,0.4165839564922263,0.7129183802,0.629923501889206,0.6609222193901662,0.6818398055585003,0.7035390094923561,0.3880353889148871,0.6505335673130205,0.0797254076,True,PRN075a
PRN075a-349-1,0.07739097880193276,0.3293816347,0.3364035546580709,0.34068494146268946,0.3441806495122778,0.3408590227213534,0.042169147806160615,0.20257086600243,0.0798751422,False,PRN075a
PRN075a-349-2,-0.013475911388292815,0.0887387241,0.03746471611407557,0.04457428087899406,0.06302840108804678,0.07916940904309003,-0.20751374068427142,-0.022516397592678063,0.0747721952,False,PRN075a
PRN075a-349-3,0.2017642268160626,0.3569887969,0.23688407524130606,0.2682998908833876,0.292724526030647,0.3785056064113296,0.14172180590422628,0.21279522500771086,0.0777967684,True,PRN075a
PRN075a-350-1,0.3110069130415868,0.3562348679,0.32493245106589586,0.3320576743900052,0.33695799701204615,0.37613588566371176,0.29772213982469364,0.3059009344784573,0.0711647907,True,PRN075a
PRN075a-351-1,0.586083979640574,0.8449280914,0.7634525297920336,0.797857582360408,0.794857147113916,0.8143699063709543,0.5803713497763122,0.7984841642465158,0.0928879326,True,PRN075a
PRN075a-351-2,0.2347772962203459,0.4831307869,0.45343831231916637,0.4571656719193751,0.4692890351495071,0.4875932761973301,0.20575163785654807,0.4004021871116928,0.0736505718,True,PRN075a
PRN075a-354-1,0.3246535364615552,0.5158300185,0.3691597831287506,0.4883344477328683,0.5054089742379505,0.5221159895328086,0.28460440007536236,0.47210756855949365,0.0747397199,True,PRN075a
PRN075a-355-2,0.19479586153839362,0.425728607,0.35317002562110755,0.39192883053876865,0.42446223623910656,0.448922071898765,0.22407853976274839,0.32569712225060465,0.0732337913,True,PRN075a
PRN075a-356-1,0.5594268865737504,0.7167464725000001,0.6617541072115027,0.7035445037445324,0.7032066159485445,0.7028439337891144,0.5793503402712776,0.6758068491606782,0.0874772045,True,PRN075a
PRN075a-359-2,0.3895883645635619,0.5282678481,0.5154694022047064,0.5378455535310274,0.5380093802860529,0.5596506308392039,0.3529775360703779,0.46936098815792865,0.0769670448,True,PRN075a
PRN075a-361-1,0.5403058379779904,0.6577364821,0.6535551744450757,0.6552427474537049,0.6526885306566858,0.6499670018775534,0.5178914353292707,0.6063342514485388,0.0750896639,True,PRN075a
PRN075a-363-1,0.6670861836974052,0.7161620454,0.6942430220575762,0.682654551162175,0.6887560665192312,0.724563717175443,0.6761123163246116,0.7046045446254351,0.0953191881,True,PRN075a
PRN075a-367-1,0.03972651730539539,0.1426469876,0.06078029109036438,0.07860841758554417,0.104958524248855,0.11523683919154111,0.014048466039506045,0.055763724490563056,0.0712942261,False,PRN075a
PRN075a-371-1,0.15067298664055773,0.2596502584,0.21921674222773518,0.25783108516070447,0.2555497228422565,0.2782854118818901,0.09307169968930319,0.21731202803635355,0.0740154084,False,PRN075a
PRN075a-372-1,0.03895647940482703,0.0891966182,0.08169640008870739,0.10908909448135615,0.12037768690567942,0.11646870725666356,0.020707148020287138,0.05740753369100851,0.076484436,False,PRN075a
PRN075a-372-2,0.22966257515204244,0.23745411699999996,0.23266722457994352,0.22830906312491525,0.23769931172673012,0.2512124692315332,0.22266740160507287,0.21481359863468788,0.0741668971,True,PRN075a
PRN075a-373-1,0.34599225253839555,0.3922493346,0.3775343265787354,0.3776044516174066,0.38680641130360666,0.3954304410030886,0.3440078475061591,0.37927875234061276,0.0740386174,True,PRN075a
PRN075a-375-1,0.08806722137902195,0.2680724203,0.2299346595858262,0.2776386434389528,0.2742130686585949,0.2603698985054301,0.07899950678606409,0.20129996686549198,0.0764087658,False,PRN075a
PRN075a-378-2,0.3022525327510184,0.5436704512,0.5038426529412774,0.527192146602695,0.5441701465898598,0.5642522450602219,0.2952522569504844,0.5166941929061021,0.0804475594,True,PRN075a
PRN075a-380-1,0.2631981857143647,0.3195494622,0.32387850488743025,0.3403221359931503,0.1057736286971865,0.09119259774229321,0.2630722084606772,0.2783794154483917,0.0783593742,False,PRN075a
PRN075a-383-1,0.08016788824158026,0.2084151937,0.18565682320152144,0.20246293376388463,0.1954054035542905,0.20892584770699552,0.07959613838380264,0.1426390409011027,0.0720617744,False,PRN075a
PRN075a-396-1,0.2707049750587104,0.5591626829,0.5120699545682863,0.5381043138912042,0.5641042945699414,0.58652862186414,0.2746308802970285,0.525292068210507,0.0709210822,True,PRN075a
PRN075a-397-1,0.024334170766770462,0.0703862207,0.06720098433195426,0.06674966171366653,0.0773870087774416,0.04205706481841008,0.11122348368615304,0.10243484449194244,0.0762939834,False,PRN075a
PRN075a-399-1,0.07950595777672505,0.1032462364,0.1384234747798932,0.2566278999040968,0.10226636958589584,0.060672395579751834,0.04326169650231556,0.08798014506876793,0.0784420836,False,PRN075a
PRN075a-421-1,0.021917074506342095,0.0346445153,-0.010148632164785716,-0.009740626399323918,-0.03309078925855046,0.046317065076502295,-0.054940437879876666,0.027102090335179952,0.076508796,False,PRN075a
PRN048a-230-1,0.6003670863990213,0.55026237,0.5950410615576913,0.5885093626476515,0.585235239053283,0.5963743744390705,0.558383735365976,0.5820540283774087,0.0713632414,True,PRN048a
PRN048a-232-1,0.3819054618381572,0.49093040639999996,0.45124988059703836,0.46626712456201036,0.4618648728956188,0.4828466053137736,0.37758616917753696,0.44553944782801275,0.0835464172,True,PRN048a
PRN048a-239-1,0.21996332800918364,0.7303293576,0.6911127606206071,0.7385681715111471,0.7493542820166008,0.7372317067822598,0.18532498409638562,0.3170227444703995,0.0746995218,True,PRN048a
PRN048a-248-1,0.48443176188569453,0.5769451337,0.5401326269301421,0.5662560892707328,0.5704644206937841,0.5843102709945167,0.496609132504218,0.5510567593443259,0.0731804317,True,PRN048a
PRN048a-248-3,0.15533951889655193,0.16322136420000002,0.19344317172509667,0.19369461427703463,0.19890505451748425,0.17149563471491017,0.13120408889557544,0.17179625292591058,0.0754364244,False,PRN048a
PRN048a-251-1,0.7077577811485539,0.8418701096,0.801002479946063,0.8200605407301412,0.8222542122363108,0.8380098637413946,0.7033269095196188,0.8151821248567305,0.0812202675,True,PRN048a
PRN048a-252-1,0.4647245158319692,0.6041279127,0.5151944145396398,0.5658352699789954,0.5779847101436768,0.6061402327027521,0.4700333690986806,0.5805473779400224,0.072131015,True,PRN048a
PRN048a-259-1,0.6184745824186931,0.6994343579,0.6834301641952931,0.6808050371928855,0.6814816435234231,0.6874593094045154,0.6729348512130394,0.5957267802515035,0.0902113426,True,PRN048a
PRN048a-269-1,0.5816473137425235,0.7540019936,0.6990302810667034,0.7146066737444935,0.725266305535221,0.7366274134705832,0.5793557610556236,0.6499459431422313,0.0758480015,True,PRN048a
PRN048a-285-1,0.533614862480553,0.7518275303,0.7247531602682836,0.7405948300000207,0.7388273232709442,0.7511829349504892,0.5078336412925352,0.6514112826571353,0.0729074503,True,PRN048a
PRN048a-287-1,0.631253749440837,0.7417726903,0.7365426607860299,0.736015709639763,0.7420824106919833,0.7363178600345193,0.6196495654381785,0.7003530599107599,0.0729464962,True,PRN048a
PRN048a-289-1,0.7514444394787606,0.8305105355,0.8181843360937672,0.827229395017333,0.8208883105770364,0.8199995016832419,0.7469844258085722,0.7947386947644145,0.0800800093,True,PRN048a
PRN048a-291-2,0.2271418999182085,0.48479146790000005,0.5109866620299934,0.5307228585566958,0.5571867927322164,0.3823511632132739,0.20363309746685632,0.25957559371008054,0.0850161183,True,PRN048a
PRN048a-295-1,0.46778930838681954,0.7117329119,0.6745000079775838,0.693564344141666,0.700481797001434,0.7123316192281738,0.45768113570706676,0.69935188714994,0.0750332573,True,PRN048a
PRN048a-303-1,0.5915739896049537,0.7587694798,0.6794264165546186,0.7281908076244534,0.7168917496897517,0.7325420319942865,0.5866989741188509,0.6250777631331146,0.0837788228,True,PRN048a
PRN048a-308-1,0.4518031711847634,0.7118899647,0.6637210882259345,0.670352545652679,0.6878332958131356,0.6809160222270666,0.4376552469638604,0.6320726447492546,0.089528086,True,PRN048a
PRN048a-310-1,0.5580635103295863,0.7517965837,0.681702546062291,0.7379611309917021,0.733431869092882,0.7355003002728752,0.549459279728323,0.6348079940040018,0.0732573514,True,PRN048a
PRN048a-311-1,0.41351798939828893,0.5805397564,0.5260408915966366,0.5897667800238432,0.5875837079633885,0.6137703771035027,0.4019495831756355,0.4485247671646909,0.0735097911,True,PRN048a
PRN048a-311-2,0.43684105841554755,0.657883176,0.5567864007185629,0.6353056206214408,0.658567101624094,0.6711564698228818,0.39492235222731015,0.572033089482488,0.0752261353,True,PRN048a
PRN048a-314-1,0.5058601008501209,0.6218021566,0.5586721740597941,0.597157815489703,0.6179671285695949,0.6087167874823872,0.49066099349724285,0.5874440365209256,0.0689139473,True,PRN048a
PRN048a-318-1,0.39876263694579406,0.6622295600000001,0.6067735971926238,0.6234223127064877,0.6278628555343729,0.6488083861012158,0.35531165565758543,0.5087090958950832,0.0719250945,True,PRN048a
PRN048a-322-1,0.29322599998774673,0.610181045,0.5775664591979774,0.5832212457407748,0.5989028712840655,0.6048702040550568,0.2936991839443015,0.5382167572804007,0.0849990957,True,PRN048a
PRN048a-331-1,0.20842882854709144,0.5197328625,0.4613219418532792,0.4868514288665404,0.4984162300865596,0.513681694296033,0.19629638410568925,0.4526809637159472,0.0735502282,True,PRN048a
PRN048a-335-1,0.2282179850089284,0.5241226049,0.48778447842671385,0.5047456191881414,0.49927483652263394,0.5066159800005549,0.21460142878988853,0.3496450935757461,0.0759334282,True,PRN048a
PRN048a-342-1,0.2883298735348452,0.6130795108,0.5521699623452084,0.5642368486294004,0.5813395089628751,0.5648825361089505,0.2594633381574877,0.4637228789680128,0.0703644944,True,PRN048a
PRN048a-351-1,0.4582827909482721,0.6455658942000001,0.6025577843077902,0.6255777034703484,0.64088870213733,0.648139786589835,0.44880139585712503,0.615042905590082,0.0793558204,True,PRN048a
PRN048a-353-1,0.18698022968603134,0.39152504320000003,0.3745403036731814,0.39455272495499494,0.3991955284804457,0.40852388597558265,0.17522421473091643,0.294913314376631,0.0744130758,True,PRN048a
PRN048a-367-1,0.4302635392066366,0.6501168263,0.5412369618349625,0.5959371619557374,0.6253298346263176,0.6333233592728956,0.3769816541407481,0.46334992513641465,0.0783038413,True,PRN048a
PRN048a-374-1,0.3181982778770924,0.6355353736,0.5107348200383156,0.6040329782937631,0.6155046312641244,0.6128611234761846,0.3114522202471273,0.5404590394470706,0.0884801884,True,PRN048a
